FAM1 A1017 0.00154455 0.0673239 -0.00353745 -0.0231448 0.0326552 0.0109526 -0.00818485 -0.00319256 0.00501119 -0.0154024  0 0 0 0 0 0 0 0 0 0 0 0 0 0 0 0 0 1
FAM2 A1044 0.00830204 0.0108016 0.0172999 0.021808 0.00816171 -0.0226398 -0.0067131 -0.00792084 0.00610302 -0.0209718  0 0 0 0 0 0 0 0 0 0 0 0 0 0 0 1 0 0
FAM3 A1078 -0.00402905 0.00937311 0.0251116 0.0176554 0.00292827 -0.000730322 -0.00654293 -0.00652331 -0.0191219 0.023608  0 0 0 0 0 0 0 0 0 0 0 0 0 0 0 0 0 0
FAM4 A1139 0.0186897 -0.00315776 -0.00202274 0.00526638 -3.50934e-05 -0.00614104 0.00340327 0.00446201 -0.00779285 -0.0235616  0 0 0 0 0 0 0 0 0 0 0 0 0 0 0 1 0 0
FAM5 A1459 0.020751 -0.00835659 0.000334932 -0.000947386 -0.00093741 -0.00369468 0.000476818 0.00942789 -0.00894198 -0.00774641  0 0 0 0 0 0 0 0 0 0 0 0 0 0 0 0 1 0
FAM6 A1466 0.0214705 -0.00739191 -0.000293744 0.00137031 0.000613324 -0.00467609 -0.000764499 0.0101164 -0.00785276 -0.00621031  0 0 0 0 0 0 0 0 0 0 0 0 0 0 0 0 1 0
FAM7 A1470 0.0212894 -0.0088595 -0.00109536 -0.00163802 0.00185089 0.000812441 0.000374339 0.00756537 -0.00906593 -0.0100795  0 0 0 0 0 0 0 0 0 0 1 0 0 0 0 0 0 0
FAM8 A1472 0.0189664 -0.00821926 0.00225786 -0.00250762 0.00209915 -0.00254195 -0.00100517 0.0102403 -0.0113485 -0.00942958  0 0 0 0 0 0 0 0 0 0 1 0 0 0 0 0 0 0
FAM9 A1502 0.0160267 -0.00438324 -0.00455068 -0.000610776 -0.00501907 -0.00502044 0.000212518 0.00267013 -0.00745237 -0.00691675  0 0 0 0 0 0 0 0 0 0 0 0 0 0 0 0 1 0
FAM10 A1777 -0.0120387 0.0190872 -0.0103848 0.0277507 -0.0593535 0.0438616 -0.00297138 0.0496729 0.0229311 0.00262528  0 0 0 0 0 1 0 0 0 0 0 0 0 0 0 0 0 0
FAM11 A1791 -0.0254387 -0.0142559 -0.0244333 0.0159097 0.0240198 -0.0025644 -0.0157347 0.00300086 0.00625291 -0.00406409  0 0 0 1 0 0 0 0 0 0 0 0 0 0 0 0 0 0
FAM12 A1877 -0.0151637 0.0134116 -0.0061002 0.0203651 -0.0323643 0.0283413 0.00932966 0.0298187 0.0163696 0.00702304  0 0 0 0 0 1 0 0 0 0 0 0 0 0 0 0 0 0
FAM13 A1968 -0.0145003 0.027753 -0.00794394 -0.0119353 0.0114061 0.0155837 -0.00327904 0.00418559 -0.0022072 0.00432678  0 0 0 0 0 0 0 0 0 0 0 0 0 0 0 0 0 1
FAM14 A2204 0.000424499 0.081343 -0.00529841 -0.0343458 0.0351816 0.016162 -0.0127347 -0.00874617 -0.00688315 -0.010978  0 0 0 0 0 0 0 0 0 0 0 0 0 0 0 0 0 1
FAM15 A2215 -0.0304812 -0.0216868 -0.00540261 0.0151967 0.0487691 0.0314064 0.0546455 0.00980836 -0.0113766 0.00562883  0 0 0 0 1 0 0 0 0 0 0 0 0 0 0 0 0 0
FAM16 A2218 -0.000929526 0.00756737 0.0338004 0.0535374 0.0150779 -0.0283053 0.00429632 0.0107665 0.0360914 0.000926692  0 0 0 0 0 0 0 1 0 0 0 0 0 0 0 0 0 0
FAM17 A2219 0.00254007 0.00485938 0.0249548 0.0316926 0.00371934 -0.0139451 -0.00266781 0.00658588 0.012413 -0.012751  0 0 0 0 0 0 0 1 0 0 0 0 0 0 0 0 0 0
FAM18 A2221 -0.0205162 -0.0138863 -0.0284498 -0.00151744 0.0206352 -0.017238 -0.0351785 0.00526933 0.0026071 0.00802052  0 0 0 1 0 0 0 0 0 0 0 0 0 0 0 0 0 0
FAM19 A2255 -0.0036435 0.0354394 0.0267568 0.013243 0.0210282 -0.00614817 -0.0138155 -0.00209679 0.00899743 0.00877695  0 0 0 0 0 0 0 0 0 0 0 0 0 0 0 0 0 1
FAM20 A2256 -0.0306636 -0.0203507 -0.00823016 0.0174815 0.0444754 0.0356414 0.0368293 0.00374104 -0.0254206 0.00484724  0 0 0 0 1 0 0 0 0 0 0 0 0 0 0 0 0 0
FAM21 A2258 -0.0300525 -0.0191076 -0.0161352 0.0239463 0.0472306 0.0369118 0.0430703 0.000775424 -0.028572 0.0067051  0 0 0 0 1 0 0 0 0 0 0 0 0 0 0 0 0 0
FAM22 A2264 -0.0146808 -0.00257326 0.00186735 0.051262 0.0504955 -0.00707575 0.0164648 0.00208257 0.00218494 0.0111117  0 0 0 0 0 0 0 0 0 0 0 0 0 0 0 0 0 1
FAM23 A2265 -0.0255496 4.70575e-05 -0.0362833 0.042986 0.0117667 0.0424027 0.0210581 0.00533758 -0.0157219 -0.00351596  0 0 0 0 1 0 0 0 0 0 0 0 0 0 0 0 0 0
FAM24 A2321 0.0237596 -0.00573295 -0.00452769 -0.00256744 0.00158887 0.00428626 0.00274263 0.00914151 -0.0158282 -0.0127465  0 0 0 0 0 0 0 0 0 0 0 0 1 0 0 0 0 0
FAM25 A2340 0.0208958 -0.00658074 0.000532357 0.00212418 -0.000658548 -0.00212818 0.00183539 0.00848474 -0.00442837 -0.00522035  0 0 0 0 0 0 0 0 0 0 0 0 0 0 0 0 1 0
FAM26 A2341 0.0157272 -0.00185805 -0.00352467 -0.00423098 -0.00112353 -0.00420994 0.00502002 0.00551151 -0.0100123 -9.62835e-05  0 0 0 0 0 0 0 0 0 0 0 0 0 0 0 0 1 0
FAM27 A2343 0.0353317 -0.0229833 -0.00225523 -0.00477846 0.0131006 0.064822 -0.019498 -0.0725412 0.0861836 0.0507708  0 0 0 0 0 0 0 0 0 0 0 1 0 0 0 0 0 0
FAM28 A2344 0.0230068 -0.00767485 0.000107355 0.000466106 -0.000278478 -0.00058932 -6.99501e-05 0.00607791 -0.0104331 -0.00602787  0 0 0 0 0 0 0 0 0 0 1 0 0 0 0 0 0 0
FAM29 A2345 0.0232468 -0.00658076 -0.00119993 -0.000730677 0.00210096 7.24916e-05 0.000934563 0.00766576 -0.00966981 -0.00273035  0 0 0 0 0 0 0 0 0 0 1 0 0 0 0 0 0 0
FAM30 A2349 0.0220921 -0.00544177 -0.00274545 -0.00250797 0.0020758 0.00321626 -5.09504e-06 0.00568465 -0.00593777 0.0001628  0 0 0 0 0 0 0 0 0 0 0 0 0 1 0 0 0 0
FAM31 A2350 0.0259528 -0.00849452 -0.00331486 -0.00357845 0.00181711 0.00621664 -0.000308507 0.00916133 -0.0152755 -0.0122547  0 0 0 0 0 0 0 0 0 0 0 0 1 0 0 0 0 0
FAM32 A2351 0.0278763 -0.0151198 -0.0030803 -0.00498855 0.00610379 0.0347043 -0.0110166 -0.035467 0.0364676 0.0207831  0 0 0 0 0 0 0 0 0 0 0 1 0 0 0 0 0 0
FAM33 A2352 0.0211703 -0.00753639 -0.000376771 -0.000768925 0.000559526 0.00130692 0.000938282 0.00791243 -0.00963439 -0.00426005  0 0 0 0 0 0 0 0 0 0 1 0 0 0 0 0 0 0
FAM34 A2353 0.0230803 -0.00461215 -0.00260679 -0.00288079 0.00126454 0.00159914 0.00228488 0.00625163 -0.0114428 -0.00224799  0 0 0 0 0 0 0 0 0 0 0 0 1 0 0 0 0 0
FAM35 A2354 0.0300909 -0.0155355 -0.00295482 -0.00448597 0.00747612 0.0432395 -0.012067 -0.0461383 0.0500047 0.0297585  0 0 0 0 0 0 0 0 0 0 0 1 0 0 0 0 0 0
FAM36 A2355 0.0189843 -0.00334072 -0.00369958 -0.00176069 0.00104864 -0.0021499 0.00318138 0.00402929 -0.00704378 -0.00246259  0 0 0 0 0 0 0 0 0 0 0 0 0 0 0 0 1 0
FAM37 A2356 0.0123833 -0.00507663 -0.00445986 -0.00347429 -0.00477301 -0.00611217 0.00492858 0.00432554 -0.0127025 -0.00145254  0 0 0 0 0 0 0 0 0 0 0 0 0 0 0 0 1 0
FAM38 A2358 0.0194884 0.000200971 -0.000912958 -0.000289742 0.00312789 -0.00301729 -0.000804696 0.00263516 -0.00519025 0.00476599  0 0 0 0 0 0 0 0 0 0 0 0 0 0 0 1 0 0
FAM39 A2360 0.0177812 -0.0061964 -0.00333251 -0.00174521 -0.00111267 -0.00313603 0.00473611 0.00974173 -0.0135235 -0.0109973  0 0 0 0 0 0 0 0 0 0 0 0 0 0 0 0 1 0
FAM40 A2363 0.0251575 -0.00848369 -0.00300922 -0.00216376 0.00358009 0.0057812 0.00100046 0.00633952 -0.010251 -0.0116604  0 0 0 0 0 0 0 0 0 0 0 0 0 0 1 0 0 0
FAM41 A2365 0.0195716 -0.00349966 -0.004028 -0.000194597 0.000213308 -0.000617761 0.00317057 0.00757907 -0.0120268 -0.00347634  0 0 0 0 0 0 0 0 0 0 0 0 0 0 0 0 1 0
FAM42 A2367 0.016216 -0.00910527 0.000413389 -0.00646185 0.000368291 -0.0015481 -0.00106353 0.0107059 -0.0107066 -0.0100383  0 0 0 0 0 0 0 0 0 0 0 0 0 0 0 0 1 0
FAM43 A2383 0.0228676 -0.00525704 -0.00307424 -0.00207765 0.000854252 0.00263689 0.00307632 0.00791385 -0.0137537 -0.00485399  0 0 0 0 0 0 0 0 0 0 0 0 0 0 0 0 1 0
FAM44 A2384 0.0301163 -0.0167909 -0.00312747 -0.00475549 0.00752918 0.0417828 -0.0112516 -0.04365 0.0458018 0.0265666  0 0 0 0 0 0 0 0 0 0 0 1 0 0 0 0 0 0
FAM45 A2386 0.0331392 -0.0184833 -0.00293422 -0.00370943 0.0099121 0.0506858 -0.0137536 -0.0547665 0.0637866 0.0384417  0 0 0 0 0 0 0 0 0 0 0 1 0 0 0 0 0 0
FAM46 A3102 0.00158623 0.00471646 -0.0106966 -0.00348589 -0.00981035 -0.0235152 0.00812438 0.00424384 0.00487295 0.0206723  0 1 0 0 0 0 0 0 0 0 0 0 0 0 0 0 0 0
FAM47 A3103 0.00198325 0.00422231 -0.0107202 -0.00614844 -0.00996244 -0.019586 0.00948695 0.00217921 0.00260984 0.0220486  0 1 0 0 0 0 0 0 0 0 0 0 0 0 0 0 0 0
FAM48 A3105 -0.00788772 0.0482151 -0.0143806 -0.019955 0.018209 0.0069893 -0.00270603 -0.00567828 0.00576021 -0.0125829  0 0 0 0 0 0 0 0 0 0 0 0 0 0 0 0 0 1
FAM49 A331 -0.00964582 0.00282214 0.00245311 -0.00538269 -0.00765054 -0.0110914 0.0105899 -0.014708 0.00381902 -0.00368846  0 0 0 0 0 0 0 0 0 0 0 0 0 0 0 0 0 0
FAM50 A337 -0.00128038 0.00648518 -0.00934934 0.00173314 -0.0125091 -0.0054309 0.00644681 0.00854108 0.00290307 0.0178568  0 0 0 0 0 1 0 0 0 0 0 0 0 0 0 0 0 0
FAM51 A3544 0.0137644 0.000213654 -0.00157009 -0.00429751 -0.00293976 -0.0111719 0.00704201 0.0026495 -0.00726601 0.00543591  0 0 0 0 0 0 0 0 0 0 0 0 0 0 0 0 1 0
FAM52 A3545 0.0208941 -0.00590735 0.00132051 -0.000503114 0.00167751 -0.00244469 0.00112857 0.00978946 -0.0112243 -0.00390083  0 0 0 0 0 0 0 0 0 0 0 0 0 1 0 0 0 0
FAM53 A3547 0.0219445 -0.00532904 -0.00218622 -0.00269583 0.00197158 0.00265555 0.000788852 0.00574201 -0.00684494 -0.0043652  0 0 0 0 0 0 0 0 0 0 0 0 0 1 0 0 0 0
FAM54 A3549 0.0205155 -0.00504004 -0.00336341 -0.00374963 8.1498e-05 -0.00278685 0.00613185 0.00585809 -0.00875153 -0.0010054  0 0 0 0 0 0 0 0 0 0 0 0 0 1 0 0 0 0
FAM55 A3550 0.0228699 -0.00795574 -0.00202723 -0.00204068 0.0026505 0.00745613 -0.000472261 -0.00384159 -0.00848887 0.00202569  0 0 0 0 0 0 0 0 0 0 0 0 0 1 0 0 0 0
FAM56 A3551 0.0221507 -0.00593319 -9.86779e-05 -0.00185377 0.00214753 0.00314242 0.00139988 0.00545169 -0.00434022 -0.00308649  0 0 0 0 0 0 0 0 0 0 0 1 0 0 0 0 0 0
FAM57 A3557 0.020494 -0.0060028 0.000288873 -0.00147193 0.000406553 -0.00505031 0.00070735 0.00796221 -0.00698761 -0.00467984  0 0 0 0 0 0 0 0 0 0 0 0 0 0 0 0 1 0
FAM58 A3558 0.0139518 -0.00272275 -0.00687891 -5.74074e-05 0.00305418 -0.00279403 0.00724485 0.000815841 -0.00597978 -0.00295561  0 0 0 0 0 0 0 0 0 0 0 0 0 0 0 0 1 0
FAM59 A3561 0.00415899 -0.000951007 -0.00286046 -0.000959401 -0.00830922 -0.00861255 -0.00190605 0.000205671 -0.0169008 0.02561  0 0 0 0 0 0 0 0 0 0 0 0 0 0 0 0 1 0
FAM60 A3563 0.026078 -0.00838854 -0.00352549 -0.00337142 0.00168641 0.00607525 -9.34714e-06 0.00937738 -0.0154366 -0.0121692  0 0 0 0 0 0 0 0 0 0 0 0 1 0 0 0 0 0
FAM61 A3578 0.0196113 -0.00653151 -0.00504984 -0.00081281 -0.00224778 0.000824277 -0.00355009 0.00930341 -0.0122086 -0.00797006  0 0 0 0 0 0 0 0 0 0 0 0 0 0 0 0 1 0
FAM62 A3579 0.022414 -0.00690664 -0.000703606 -0.00227196 -1.06997e-05 -0.00344845 0.000254845 0.0114666 -0.00976442 -0.0053831  0 0 0 0 0 0 0 0 0 0 1 0 0 0 0 0 0 0
FAM63 A3678 0.0179204 -0.00729303 0.000115981 -0.00779491 -0.00125961 -0.00339008 0.0018601 0.00901958 -0.00684406 -0.004212  0 0 0 0 0 0 0 0 0 0 0 0 0 0 0 0 1 0
FAM64 A3679 0.0209325 -0.00414091 -0.00533308 -0.00195218 -0.000737355 0.00302089 0.00116285 0.00443063 -0.0112934 -0.00746125  0 0 0 0 0 0 0 0 0 0 0 0 0 0 0 0 1 0
FAM65 A3680 0.0157795 -0.00313424 -0.00616932 -0.00374809 -0.0041637 -0.00441801 -0.000339096 -0.000630132 -0.00921501 -0.00243522  0 0 0 0 0 0 0 0 0 0 0 0 0 0 0 0 1 0
FAM66 A3683 0.0207954 -0.0074415 -0.00259046 0.00010101 -0.000344002 0.00153625 -0.000911478 0.00660535 -0.0124628 -0.00317577  0 0 0 0 0 0 0 0 0 0 0 0 0 0 0 0 1 0
FAM67 A3749 0.025007 -0.00869574 -0.00306758 -0.00263402 0.00227333 0.00546986 0.000438153 0.00699229 -0.013017 -0.00900147  0 0 0 0 0 0 0 0 0 0 0 0 1 0 0 0 0 0
FAM68 A3753 0.0219412 -0.00644634 -0.00252228 -0.00298283 6.22338e-06 0.00526324 0.00344931 0.0107356 -0.0144167 -0.00612043  0 0 0 0 0 0 0 0 0 0 0 0 1 0 0 0 0 0
FAM69 A3772 0.0160043 -0.00421284 -0.00346847 -0.0042864 -0.00301844 -0.00344344 0.00451919 0.00543818 -0.00131255 -0.00364719  0 0 0 0 0 0 0 0 0 0 0 0 0 0 0 0 1 0
FAM70 A3785 0.020881 -0.0060953 -0.00040138 -0.000848192 0.000998675 -0.0028031 0.000555708 0.00833391 -0.0096968 -0.00462436  0 0 0 0 0 0 0 0 0 0 0 0 0 1 0 0 0 0
FAM71 A3787 0.0104687 -0.00306726 -0.00431029 -0.00347694 -0.00251 -0.00526435 0.00856844 -0.00359714 -0.00731728 0.00395085  0 0 0 0 0 0 0 0 0 0 0 0 0 0 0 0 1 0
FAM72 A3796 0.0203895 -0.00773699 -0.000309319 -0.00152792 0.000458985 -0.00333039 -0.0011427 0.00976814 -0.00998594 -0.00586315  0 0 0 0 0 0 0 0 0 0 1 0 0 0 0 0 0 0
FAM73 A3807 0.025014 -0.00679106 -0.00325516 -0.00233489 0.000507026 0.00178153 0.00157095 0.00841738 -0.0110723 -0.00349205  0 0 0 0 0 0 0 0 0 0 0 0 0 1 0 0 0 0
FAM74 A3809 0.0224964 -0.00655256 -0.00223298 -0.00267833 0.00175253 0.00397131 0.00250888 0.00410815 -0.0051571 -0.00128288  0 0 0 0 0 0 0 0 0 0 0 0 0 1 0 0 0 0
FAM75 A3817 0.0147305 -0.00308464 -0.00639318 0.000221694 -0.0056878 -0.00471108 0.00110865 0.00899949 -0.0134443 0.00156952  0 0 0 0 0 0 0 0 0 0 0 0 0 0 0 0 1 0
FAM76 A3819 0.0242093 -0.00703613 -0.0029042 -0.00101268 0.00100685 0.00647772 0.000154591 0.00240468 -0.00708148 -0.00326367  0 0 0 0 0 0 0 0 0 0 0 0 0 1 0 0 0 0
FAM77 A3821 0.022593 -0.00755007 -0.00259661 -0.00331021 0.000399154 0.0094897 -0.00290689 -0.00711144 -0.00394307 -0.00382083  0 0 0 0 0 0 0 0 0 0 0 0 0 1 0 0 0 0
FAM78 A3831 0.0192129 -0.00522909 0.00230574 0.00065329 0.00198999 -0.00011066 0.00309147 0.00981121 -0.0124843 -0.0033962  0 0 0 0 0 0 0 0 0 0 1 0 0 0 0 0 0 0
FAM79 A3845 0.0211954 -0.00834468 0.00157696 0.00213352 0.00203113 -0.00575581 -0.00154526 0.00951498 -0.00792177 -0.00785204  0 0 0 0 0 0 0 0 0 0 0 0 0 0 0 0 1 0
FAM80 A3853 0.0226417 -0.00639492 -0.00243375 -0.00295551 0.00192256 0.0110751 -0.000984489 -0.00346414 -0.00226697 -0.000249829  0 0 0 0 0 0 0 0 0 0 0 0 0 1 0 0 0 0
FAM81 A3855 0.0231217 -0.00861708 -0.00119106 -0.00397117 0.00175938 0.00630596 0.000202336 -0.00129661 -0.00171558 0.00129945  0 0 0 0 0 0 0 0 0 0 0 0 0 1 0 0 0 0
FAM82 A3878 0.0142443 -0.00435899 0.00114958 -0.00545028 -0.00184229 -0.00150241 0.00117696 0.0059154 -0.0145963 0.0010004  0 0 0 0 0 0 0 0 0 0 0 0 0 0 0 0 1 0
FAM83 A3890 0.0179047 -0.00168538 -0.000174753 -0.00186484 0.00148904 -0.00334761 0.000767811 0.00561105 -0.00448586 0.00367203  0 0 0 0 0 0 0 0 0 0 0 0 0 0 0 0 1 0
FAM84 A3891 0.0176255 -0.00596673 -0.000809984 -0.00464988 -0.00316421 -0.00550105 0.00150309 0.0129966 -0.0184081 -0.00492548  0 0 0 0 0 0 0 0 0 0 0 0 0 0 0 0 1 0
FAM85 A3892 0.00935723 -0.000137951 -0.00603402 0.00922361 -0.0126959 0.00598722 0.000485395 0.0177761 -0.00227875 0.00211035  0 0 0 0 0 0 0 0 0 0 0 0 0 0 0 0 1 0
FAM86 A3893 0.0192677 -0.00703056 0.00152973 -0.00552371 -0.000745121 0.000520109 0.00204655 0.00631937 -0.0111911 0.000448836  0 0 0 0 0 0 0 0 0 0 0 0 0 0 0 0 1 0
FAM87 A3894 0.00678079 -0.000505206 -0.000924775 0.000953472 -0.0137132 0.00564649 0.00507353 0.0118446 0.00395563 -0.00293436  0 0 0 0 0 0 0 0 0 0 0 0 0 0 0 0 1 0
FAM88 A3900 0.0289807 -0.0164607 -0.00195328 -0.00466772 0.0074202 0.0424302 -0.0136336 -0.0430092 0.0446498 0.0250791  0 0 0 0 0 0 0 0 0 0 0 1 0 0 0 0 0 0
FAM89 A3905 0.032305 -0.0201011 -0.00216709 -0.00458814 0.0115011 0.0539981 -0.0168043 -0.0587573 0.0708034 0.0424609  0 0 0 0 0 0 0 0 0 0 0 1 0 0 0 0 0 0
FAM90 A3907 -0.0037427 -0.00220831 -0.0065333 -0.0091477 -0.00928781 -0.015858 0.00139836 -0.00163529 0.000869901 0.0150873  0 0 0 0 0 0 0 0 0 0 0 0 0 0 0 0 0 0
FAM91 A3908 -0.00645977 0.00170724 -0.00817828 -0.0062189 -0.0131453 -0.0146448 0.00298144 -0.00788085 -0.00309106 0.0146165  0 0 0 0 0 0 0 0 0 0 0 0 0 0 0 0 0 0
FAM92 A3911 -0.00859752 -0.00372948 -0.00293038 -0.0102655 -0.010634 -0.0149127 0.00671306 0.00455549 0.00752493 0.0153941  0 0 0 0 0 0 0 0 0 0 0 0 0 0 0 0 0 0
FAM93 A3914 -0.00921817 -0.0067944 -0.000403359 -0.016079 -0.010113 -0.00888931 0.0050693 0.00294209 0.00219695 0.0107815  0 0 0 0 0 0 0 0 0 0 0 0 0 0 0 0 0 0
FAM94 A3923 -0.00769526 0.00176896 -0.0107479 -0.00692694 -0.0118029 -0.0259511 0.00624342 -0.00319855 0.00682483 0.0230681  0 0 1 0 0 0 0 0 0 0 0 0 0 0 0 0 0 0
FAM95 A3924 -0.016983 -0.0119021 0.0166569 -0.0196982 -0.00320786 -0.000967553 -0.00726105 0.00260854 0.00456326 -0.00422659  0 0 0 0 0 0 0 0 0 0 0 0 0 0 0 0 0 0
FAM96 A3925 -0.0200127 -0.0178295 0.00562649 -0.0212235 0.00160438 -0.00534643 -0.0286536 0.00607947 -0.000457215 0.00268239  0 0 0 0 0 0 0 0 0 0 0 0 0 0 0 0 0 0
FAM97 A3933 -0.0206517 -0.0139816 -0.0170705 0.00138932 0.0124099 -0.00652885 -0.0333889 0.00391655 6.90974e-05 0.0070698  0 0 0 1 0 0 0 0 0 0 0 0 0 0 0 0 0 0
FAM98 A3934 -0.0188272 -0.00367488 -0.0097154 -0.00659668 -0.0248417 0.0113599 -0.0282873 0.00122033 0.00902886 -0.0240474  0 0 0 1 0 0 0 0 0 0 0 0 0 0 0 0 0 0
FAM99 A3935 -0.0253443 -0.0249274 -0.0261467 -0.00548112 0.023772 -0.0100744 -0.0651555 0.0103582 0.00550092 -0.00310825  0 0 0 1 0 0 0 0 0 0 0 0 0 0 0 0 0 0
FAM100 A3942 -0.0142464 0.00328175 -0.0202776 0.00546356 -0.0286209 0.0143184 -0.0190087 0.0163857 0.010631 -0.00156124  0 0 0 0 0 1 0 0 0 0 0 0 0 0 0 0 0 0
FAM101 A3947 -0.0221724 -0.0043644 -0.0101108 -0.00341044 -0.0179093 0.0111327 -0.0295104 -0.00979404 0.00509698 -0.0342399  0 0 0 1 0 0 0 0 0 0 0 0 0 0 0 0 0 0
FAM102 A3949 -0.0200041 -0.0117192 -0.000178548 -0.00848444 -0.0127404 0.00556283 -0.0337068 0.0064681 0.00810227 -0.0168488  0 0 0 1 0 0 0 0 0 0 0 0 0 0 0 0 0 0
FAM103 A3950 -0.0188986 -0.00714352 -0.00283724 -0.00239383 -0.020556 0.0144204 -0.0261388 0.0143124 0.0113796 -0.0165558  0 0 0 1 0 0 0 0 0 0 0 0 0 0 0 0 0 0
FAM104 A3953 -0.021361 -0.0180492 -0.0171398 -0.0103555 0.0132003 -0.0203341 -0.0520413 0.00575691 0.00367957 0.00434276  0 0 0 1 0 0 0 0 0 0 0 0 0 0 0 0 0 0
FAM105 A3955 -0.023636 -0.0177254 -0.0215766 -0.00855219 0.0110064 -0.00954767 -0.0552791 -0.00620837 -0.000893403 -0.0132153  0 0 0 1 0 0 0 0 0 0 0 0 0 0 0 0 0 0
FAM106 A3956 -0.0237897 -0.0184513 -0.020628 -0.0106738 0.0113786 -0.00956587 -0.0554229 -0.00583041 -0.000121591 -0.0149153  0 0 0 1 0 0 0 0 0 0 0 0 0 0 0 0 0 0
FAM107 A3957 -0.0205077 -0.0135367 -0.0116522 -0.00703357 0.00790782 -0.00283316 -0.0345512 -0.00158023 -0.000431057 -0.00701445  0 0 0 1 0 0 0 0 0 0 0 0 0 0 0 0 0 0
FAM108 A3959 -0.013049 -0.00164671 6.60038e-05 -0.0105904 -0.0142794 0.00218888 -0.0123569 0.0106884 0.00951464 0.000539503  0 0 0 0 0 1 0 0 0 0 0 0 0 0 0 0 0 0
FAM109 A3960 -0.01377 -0.00570877 -0.00662759 -0.00406042 -0.0155828 0.0129414 -0.0177504 0.0228898 0.00871774 0.00183005  0 0 0 0 0 1 0 0 0 0 0 0 0 0 0 0 0 0
FAM110 A3962 -0.0193894 -0.0105592 -0.0093639 -0.0138643 -0.000644234 -0.00591052 -0.0264678 -0.022544 -0.000567457 -0.029658  0 0 0 1 0 0 0 0 0 0 0 0 0 0 0 0 0 0
FAM111 A3964 -0.0199525 -0.0165986 -0.0205791 -0.0084625 0.00844737 -0.0124351 -0.0435689 -0.00394639 0.00509348 -0.0134416  0 0 0 1 0 0 0 0 0 0 0 0 0 0 0 0 0 0
FAM112 A3965 -0.0148143 -0.00354657 -0.0171493 9.61549e-05 0.00069202 -0.00349489 -0.0148982 -0.0245884 -0.00325598 -0.0208183  0 0 0 1 0 0 0 0 0 0 0 0 0 0 0 0 0 0
FAM113 A3967 -0.0147927 -0.00772899 -0.0286633 0.00596966 0.000864348 -0.00830326 -0.0192195 0.012018 0.00476212 0.00316177  0 0 0 1 0 0 0 0 0 0 0 0 0 0 0 0 0 0
FAM114 A3971 -0.0146261 -0.00638718 -0.00584957 -0.00196191 -0.0112846 -0.00408118 -0.0118317 0.0116879 0.0109506 0.00142908  0 0 0 1 0 0 0 0 0 0 0 0 0 0 0 0 0 0
FAM115 A3973 -0.0196143 -0.0137595 -0.0300747 -0.00134348 0.0127071 -0.0183108 -0.0487318 0.00530787 0.00805994 -0.00158679  0 0 0 1 0 0 0 0 0 0 0 0 0 0 0 0 0 0
FAM116 A3974 -0.0159722 -0.0124132 -0.00807678 -0.00874063 -0.00505694 0.0061771 -0.0379438 0.0170617 0.00586452 -0.00617793  0 0 0 1 0 0 0 0 0 0 0 0 0 0 0 0 0 0
FAM117 A3975 -0.0212471 -0.013119 -0.00638903 -0.0141241 -0.0183186 0.0168167 -0.0413565 0.0295301 0.00912035 -0.00675002  0 0 0 1 0 0 0 0 0 0 0 0 0 0 0 0 0 0
FAM118 A3976 -0.0204841 -0.0186971 -0.0216373 -0.00289945 0.010793 4.82619e-05 -0.0450354 0.0156232 0.00410243 -0.00406259  0 0 0 1 0 0 0 0 0 0 0 0 0 0 0 0 0 0
FAM119 A3977 -0.0219337 -0.0157371 -0.00671675 -0.0100176 -0.00647375 0.0087454 -0.0371261 0.0169699 0.00691964 -0.00351275  0 0 0 1 0 0 0 0 0 0 0 0 0 0 0 0 0 0
FAM120 A3978 -0.0235346 -0.0163895 -0.0372994 -0.00287754 0.0224587 -0.0179268 -0.0522038 -0.00642777 -0.00764132 -0.00171541  0 0 0 1 0 0 0 0 0 0 0 0 0 0 0 0 0 0
FAM121 A3980 -0.0238813 -0.017313 -0.0358526 -0.00374675 0.0226835 -0.0179422 -0.0540752 -0.00519039 -0.00733826 -0.00248905  0 0 0 1 0 0 0 0 0 0 0 0 0 0 0 0 0 0
FAM122 A3981 -0.0238011 -0.0176022 -0.0325727 -0.00604357 0.0207779 -0.0171178 -0.052997 -0.00474172 -0.0071286 -0.00357828  0 0 0 1 0 0 0 0 0 0 0 0 0 0 0 0 0 0
FAM123 A3983 -0.0232675 -0.0168782 -0.0380066 -0.00193187 0.0228551 -0.0206473 -0.052426 -0.00475781 -0.00446278 -0.00275997  0 0 0 1 0 0 0 0 0 0 0 0 0 0 0 0 0 0
FAM124 A3985 -0.01562 -0.00609339 -0.0011187 -0.00867627 -0.0181406 0.00134107 -0.0148478 0.0175906 0.0112553 0.00744699  0 0 0 0 0 1 0 0 0 0 0 0 0 0 0 0 0 0
FAM125 A3986 -0.0124726 -0.00852142 -0.0110577 -0.0040128 -0.00108719 -0.0106178 -0.0172354 -0.00555744 0.00111226 -0.00669583  0 0 0 0 0 0 0 0 0 0 0 0 0 0 0 0 0 0
FAM126 A3987 -0.018838 -0.0105121 -0.0113245 -0.00327235 0.00470026 -0.0121372 -0.00947972 -0.00593201 0.0099622 -0.00652056  0 0 0 1 0 0 0 0 0 0 0 0 0 0 0 0 0 0
FAM127 A3988 -0.0108976 -0.0040327 -0.0166605 -0.00976506 -0.00155371 -0.0270976 -0.0074598 0.00303566 0.00532111 0.031673  0 0 1 0 0 0 0 0 0 0 0 0 0 0 0 0 0 0
FAM128 A3989 -0.0252536 -0.0249074 0.0109324 -0.0273666 0.00393663 -0.00341105 -0.0391399 0.00822438 0.00620131 -0.00771275  0 0 0 1 0 0 0 0 0 0 0 0 0 0 0 0 0 0
FAM129 A3992 -0.0123149 -0.0130379 -0.0123001 -0.00792666 0.00365791 -0.0132496 -0.0172839 0.0124372 0.0102846 -0.00183084  0 0 0 0 0 0 0 0 0 0 0 0 0 0 0 0 0 0
FAM130 A3993 -0.0176028 -0.00584698 -0.00112129 -0.0124725 -0.013808 0.00435465 0.00429279 0.0233335 0.017048 0.0064088  0 0 0 0 0 1 0 0 0 0 0 0 0 0 0 0 0 0
FAM131 A3995 -0.0209517 -0.0154081 -0.037076 0.00695528 0.0104867 -0.00256303 -0.0565567 0.0181445 0.00357213 0.0029765  0 0 0 1 0 0 0 0 0 0 0 0 0 0 0 0 0 0
FAM132 A3996 -0.0224761 -0.0161125 -0.0187458 -0.00276224 0.00558308 -0.0184224 -0.042394 0.00505947 0.0121275 -0.00473517  0 0 0 1 0 0 0 0 0 0 0 0 0 0 0 0 0 0
FAM133 A3998 -0.0131016 -0.00465698 -0.0230502 0.00190153 -0.000353072 -0.0103153 -0.0166719 -0.00314585 0.00209186 -0.00260985  0 0 0 1 0 0 0 0 0 0 0 0 0 0 0 0 0 0
FAM134 A4002 -0.0222609 -0.0105795 -0.031277 0.00712888 0.00303438 0.0105787 -0.027829 0.027815 0.00629957 0.00513255  0 0 1 0 0 0 0 0 0 0 0 0 0 0 0 0 0 0
FAM135 A4003 -0.0196752 -0.0158439 -0.00160816 -0.0154979 -0.00446521 0.0036258 -0.0215489 0.0131084 0.00507755 -0.00883622  0 0 0 0 0 0 0 0 0 0 0 0 0 0 0 0 0 0
FAM136 A4005 -0.0132697 -0.00486102 -0.00613672 -0.00468931 -0.0142459 -0.00835119 -0.0156711 0.00191742 0.00989982 -0.00970609  0 0 1 0 0 0 0 0 0 0 0 0 0 0 0 0 0 0
FAM137 A4010 -0.0122645 -0.0116097 -0.0196696 0.00174922 0.00192234 -0.00436096 -0.030831 0.01053 -0.000384059 0.00570909  0 0 0 1 0 0 0 0 0 0 0 0 0 0 0 0 0 0
FAM138 A4016 -0.021324 -0.0111885 -0.0032063 -0.00564054 -0.0139853 0.0173203 -0.0311877 0.0177703 0.000987031 0.00040782  0 0 0 1 0 0 0 0 0 0 0 0 0 0 0 0 0 0
FAM139 A4020 -0.0058609 0.00217227 -0.0139202 -0.00781786 -0.0142855 -0.0252018 0.0126711 -0.00669132 0.00275525 0.0256388  0 1 0 0 0 0 0 0 0 0 0 0 0 0 0 0 0 0
FAM140 A4031 -0.00776017 0.00457345 -0.0167808 -0.00411919 -0.0159738 -0.0202132 0.00839915 -0.0217594 0.000686558 0.000976953  0 1 0 0 0 0 0 0 0 0 0 0 0 0 0 0 0 0
FAM141 A4032 -0.0028967 0.0083625 -0.0146369 -0.00838187 -0.0155815 -0.026647 0.0084507 -0.0114955 -0.00272678 0.0225829  0 1 0 0 0 0 0 0 0 0 0 0 0 0 0 0 0 0
FAM142 A4047 -0.00394868 -0.00409855 -0.000892949 -0.00919996 -0.00823337 -0.00934424 0.00756218 -0.00648121 0.00320568 -0.000987096  0 0 0 0 0 0 0 0 0 0 0 0 0 0 0 0 0 0
FAM143 A4050 -0.014432 -0.00620289 0.00324304 -0.0144776 -0.0158328 0.00345185 -0.0017342 0.0100878 0.00728835 0.00482845  0 0 0 0 0 0 0 0 0 0 0 0 0 0 0 0 0 0
FAM144 A4058 -0.00354692 0.00183892 -0.0163635 -0.00756805 -0.00633235 -0.0289965 0.0111473 -0.00699895 0.0006878 0.0302128  0 1 0 0 0 0 0 0 0 0 0 0 0 0 0 0 0 0
FAM145 A4062 0.00176167 0.0083327 -0.0136205 -0.00660651 -0.00445962 -0.0207716 0.00459659 -0.00665278 -0.00241006 0.0114253  0 0 1 0 0 0 0 0 0 0 0 0 0 0 0 0 0 0
FAM146 A4063 -0.00727573 0.00362337 -0.00837205 0.00125952 -0.0150462 -0.00704653 0.0160382 -0.00527572 0.00196779 0.00287753  0 0 1 0 0 0 0 0 0 0 0 0 0 0 0 0 0 0
FAM147 A4064 -0.0108885 0.00249231 -0.0124736 0.00126736 -0.0188127 -0.0211468 -0.00154393 0.00338547 0.0158277 0.0120466  0 0 1 0 0 0 0 0 0 0 0 0 0 0 0 0 0 0
FAM148 A4065 -0.00408202 0.00204169 -0.00812064 -0.00897639 -0.00822763 -0.0283347 0.014472 0.000436697 0.00559281 0.029285  0 1 0 0 0 0 0 0 0 0 0 0 0 0 0 0 0 0
FAM149 A4073 -0.0197534 -0.0115438 -0.0288995 0.0299847 0.0314857 0.016746 0.0254112 0.0144054 -0.015931 0.0249317  0 0 0 0 1 0 0 0 0 0 0 0 0 0 0 0 0 0
FAM150 A4078 -0.00305029 0.00284024 -0.0113695 -0.00138257 -0.0116227 -0.0102864 0.00760449 0.00250808 -0.0012994 0.0135358  0 0 1 0 0 0 0 0 0 0 0 0 0 0 0 0 0 0
FAM151 A4079 -0.0213621 -0.0125367 -0.0338507 0.00668059 0.00669754 -0.00782649 -0.0434019 0.0121215 0.00860957 -0.00364139  0 0 0 1 0 0 0 0 0 0 0 0 0 0 0 0 0 0
FAM152 A4086 -0.0216582 -0.00295767 -0.0117087 0.00681138 0.0012888 0.00021686 -0.0121238 -0.00364168 0.0185994 -0.0208929  0 0 0 1 0 0 0 0 0 0 0 0 0 0 0 0 0 0
FAM153 A4089 -0.0149596 -0.00596428 -0.000848609 -0.0123962 -0.00853332 -0.0152559 0.00548813 -0.00324984 0.0112728 -0.00377756  0 0 0 0 0 0 0 0 0 0 0 0 0 0 0 0 0 0
FAM154 A4104 -0.0154675 -0.00325811 -0.00726728 -0.00242721 0.0106296 -0.00113827 0.0039418 -0.0174269 -0.00228618 -0.0150879  0 0 0 0 0 0 1 0 0 0 0 0 0 0 0 0 0 0
FAM155 A4109 -0.00808967 -0.00415302 -0.00216803 -0.0083335 -0.0114916 -0.00817516 0.0111174 -0.00205595 -0.0055454 0.0163237  0 0 0 0 0 0 0 0 0 0 0 0 0 0 0 0 0 0
FAM156 A4110 -0.00671997 -0.0017384 -0.00656437 -0.0100456 -0.0129858 -0.0121768 0.00932233 0.000934128 -0.000492925 0.0201112  0 0 0 0 0 0 0 0 0 0 0 0 0 0 0 0 0 0
FAM157 A4112 -0.00892586 -0.000790871 -0.0119146 -0.00846726 -0.011437 -0.0178574 -0.00518314 -0.000387276 0.00488099 0.00967601  0 0 1 0 0 0 0 0 0 0 0 0 0 0 0 0 0 0
FAM158 A4116 -0.0125605 -0.0100028 -0.00704368 -0.0130514 -0.00100271 -0.0127897 -0.0204555 0.00180038 0.00388309 0.00499306  0 0 0 1 0 0 0 0 0 0 0 0 0 0 0 0 0 0
FAM159 A4117 -0.00975322 -0.00109691 -0.0100663 -0.00377069 -0.00756639 -0.0198977 -0.00446371 0.00347792 0.0110251 0.0164488  0 0 1 0 0 0 0 0 0 0 0 0 0 0 0 0 0 0
FAM160 A4118 -0.00958626 0.00647306 -0.0099617 -0.00830425 -0.00492401 -0.00333239 -0.0106867 -0.000787372 0.00339221 -0.00826262  0 0 1 0 0 0 0 0 0 0 0 0 0 0 0 0 0 0
FAM161 A4119 -0.00966483 -0.00528724 -0.0168078 -0.00438814 -0.0124322 -0.0107023 -0.0169689 0.0135359 0.00838682 0.00759087  0 0 1 0 0 0 0 0 0 0 0 0 0 0 0 0 0 0
FAM162 A4124 -0.0160547 -0.014063 0.0139502 -0.0233753 -0.00410826 -0.00255534 -0.00897399 0.000120218 -0.00685749 0.00812756  0 0 0 0 0 0 0 0 0 0 0 0 0 0 0 0 0 0
FAM163 A4127 -0.0169221 -0.0150135 0.01409 -0.0259929 -0.00718937 -0.00410433 -0.0227034 0.00395085 -0.00617534 0.01072  0 0 0 0 0 0 0 0 0 0 0 0 0 0 0 0 0 0
FAM164 A4128 -0.0140575 -0.00685808 -0.000864744 -0.0104844 -0.0183598 0.00643519 -0.0052374 0.0188234 0.010985 0.000920771  0 0 0 0 0 0 0 0 0 0 0 0 0 0 0 0 0 0
FAM165 A4131 -0.0247915 -0.0220115 -0.0257222 -0.00171707 0.0279214 -0.0131558 -0.0366018 0.0139259 0.00863888 0.0004363  0 0 0 1 0 0 0 0 0 0 0 0 0 0 0 0 0 0
FAM166 A4132 -0.0196681 0.0176819 -0.0130197 0.0357884 -0.0750646 0.0680192 -0.00840688 0.0763398 0.0342859 0.00294183  0 0 0 0 0 1 0 0 0 0 0 0 0 0 0 0 0 0
FAM167 A4133 -0.0181391 -0.00711302 0.0198472 -0.0129781 -0.0122655 0.0131118 0.0020562 0.0122936 0.00430466 -0.00548979  0 0 0 0 0 0 0 0 0 0 0 0 0 0 0 0 0 0
FAM168 A4134 -0.0131593 -0.00251465 -0.0121897 -0.000623758 -0.00567227 -0.0134377 0.0046992 0.00298961 0.00966946 0.00873666  0 0 0 0 0 0 0 0 0 0 0 0 0 0 0 0 0 0
FAM169 A4214 -0.0133394 0.0181878 0.0215251 0.0217948 -0.026251 0.0225821 -0.0204189 -0.0586763 -0.0540281 0.00252597  0 0 0 0 0 0 0 0 0 1 0 0 0 0 0 0 0 0
FAM170 A4225 -0.00591693 0.00941621 -0.0161443 -0.0113755 -0.0158924 -0.0385885 0.0247502 -0.00744889 0.00600411 0.0460994  0 1 0 0 0 0 0 0 0 0 0 0 0 0 0 0 0 0
FAM171 A4240 -0.00871674 0.000860407 -0.00736907 -0.00676281 -0.0131254 -0.0148072 0.000838495 -0.000473106 0.00345852 0.014837  0 0 1 0 0 0 0 0 0 0 0 0 0 0 0 0 0 0
FAM172 A4243 0.00534146 0.0116129 -0.0104896 -0.0115885 -0.00054641 -0.0209244 0.0177745 -0.000478635 7.42541e-06 0.0198342  0 1 0 0 0 0 0 0 0 0 0 0 0 0 0 0 0 0
FAM173 A4244 -0.00345629 0.00597273 -0.0147581 -0.0109018 -0.0114668 -0.0293003 0.0202069 -0.00475283 0.00543523 0.0363562  0 1 0 0 0 0 0 0 0 0 0 0 0 0 0 0 0 0
FAM174 A4245 -0.00173684 0.00823048 -0.0093414 -0.00981982 -0.00971443 -0.025661 0.0181162 -0.00333885 0.00571851 0.0297162  0 1 0 0 0 0 0 0 0 0 0 0 0 0 0 0 0 0
FAM175 A4246 -0.00529794 0.00660495 -0.0106373 -0.014072 -0.0141843 -0.0327458 0.0152159 -0.000652589 0.00851451 0.0396372  0 1 0 0 0 0 0 0 0 0 0 0 0 0 0 0 0 0
FAM176 A4247 -0.00376995 0.00473901 -0.0100531 -0.00851699 -0.0111524 -0.0242541 0.0126111 -0.0021273 0.00370144 0.0301126  0 1 0 0 0 0 0 0 0 0 0 0 0 0 0 0 0 0
FAM177 A4248 -0.00814681 -0.000593134 -0.00683227 -0.00433248 -0.00771263 -0.0122897 0.00262071 0.00181815 0.00503652 0.0177178  0 0 1 0 0 0 0 0 0 0 0 0 0 0 0 0 0 0
FAM178 A4249 0.000888389 0.0136256 -0.0107224 -0.012152 -0.00372235 -0.0248849 0.0171012 -0.00196097 0.00539811 0.0262596  0 1 0 0 0 0 0 0 0 0 0 0 0 0 0 0 0 0
FAM179 A4254 -0.00807485 0.00543942 -0.0134923 -0.0106541 -0.0146412 -0.029665 0.0176993 -0.00155809 0.00593501 0.0404122  0 1 0 0 0 0 0 0 0 0 0 0 0 0 0 0 0 0
FAM180 A4256 0.00912219 -0.00108198 -0.00502278 -0.00469432 -0.00376043 -0.00853308 0.00555864 0.000567394 -0.005587 0.00448723  0 0 1 0 0 0 0 0 0 0 0 0 0 0 0 0 0 0
FAM181 A4257 -0.00656993 0.00614431 -0.0122891 -0.0118509 -0.0159199 -0.0318767 0.0186983 -0.00307882 0.00746355 0.0390154  0 1 0 0 0 0 0 0 0 0 0 0 0 0 0 0 0 0
FAM182 A4258 -0.00687413 0.00647148 -0.0124218 -0.0100362 -0.0177227 -0.0287407 0.0194415 -0.00459805 0.00863317 0.0354953  0 1 0 0 0 0 0 0 0 0 0 0 0 0 0 0 0 0
FAM183 A4260 -0.00472654 0.00789998 -0.00946031 -0.00569522 -0.0144815 -0.00536631 0.0163812 0.00497815 0.00309168 0.0171009  0 1 0 0 0 0 0 0 0 0 0 0 0 0 0 0 0 0
FAM184 A4261 -0.00802469 0.00703001 -0.0112687 -0.0105785 -0.0189212 -0.0266836 0.0170472 -0.00354113 0.00964338 0.0349459  0 1 0 0 0 0 0 0 0 0 0 0 0 0 0 0 0 0
FAM185 A4264 -0.0108583 -0.000227315 -0.0117451 -0.00682186 -0.0121244 -0.0227037 0.00392905 -0.00053305 0.00929932 0.0200195  0 0 1 0 0 0 0 0 0 0 0 0 0 0 0 0 0 0
FAM186 A4270 -0.00808299 0.00110139 -0.0100827 -0.00523108 -0.0107699 -0.0185037 0.00536504 -0.00330528 0.0012979 0.020489  0 0 1 0 0 0 0 0 0 0 0 0 0 0 0 0 0 0
FAM187 A4271 -0.00838001 0.000366146 -0.015646 -0.00702952 -0.0125542 -0.0240015 0.0147182 -0.00414519 0.00605984 0.0257764  0 0 1 0 0 0 0 0 0 0 0 0 0 0 0 0 0 0
FAM188 A4272 -0.00584005 0.00362726 -0.0134515 -0.00926827 -0.0134736 -0.0284841 0.0164135 -0.00187296 0.00599839 0.0383495  0 1 0 0 0 0 0 0 0 0 0 0 0 0 0 0 0 0
FAM189 A4273 -0.00161663 0.00479538 -0.0126873 -0.00881225 -0.0133774 -0.0273282 0.0122302 -0.00141332 0.00290087 0.0302327  0 1 0 0 0 0 0 0 0 0 0 0 0 0 0 0 0 0
FAM190 A4277 -0.00272745 0.00174213 -0.0106582 -0.0112649 -0.0124415 -0.0271138 0.0123579 -0.00268334 0.0058896 0.029516  0 1 0 0 0 0 0 0 0 0 0 0 0 0 0 0 0 0
FAM191 A4280 -0.00476081 0.00312438 -0.0161699 -0.00992033 -0.0130487 -0.0270478 0.00964627 -0.00048405 0.00287139 0.0307346  0 1 0 0 0 0 0 0 0 0 0 0 0 0 0 0 0 0
FAM192 A4285 -0.0224263 -0.00171675 0.000626784 0.00103629 -0.0399229 0.034263 0.00219047 0.0511921 0.0345691 -0.006082  0 0 0 0 0 1 0 0 0 0 0 0 0 0 0 0 0 0
FAM193 A4302 -0.00877562 0.00142663 -0.0142105 -0.00289871 -0.016942 -0.0166221 0.00420144 -0.0156885 0.00224248 0.000291514  0 0 1 0 0 0 0 0 0 0 0 0 0 0 0 0 0 0
FAM194 A4303 -0.000162602 0.00326087 -0.0117837 -0.00935519 -0.0101864 -0.0245739 0.019428 -0.00330966 -1.9584e-05 0.0305767  0 1 0 0 0 0 0 0 0 0 0 0 0 0 0 0 0 0
FAM195 A4304 -0.00380429 0.00433772 -0.0122293 -0.00941377 -0.0156048 -0.0323197 0.00927223 -0.00498883 0.00744542 0.0277249  0 1 0 0 0 0 0 0 0 0 0 0 0 0 0 0 0 0
FAM196 A4307 -0.0014207 0.0022654 -0.00829448 -0.0113845 -0.00776131 -0.0178168 0.00366274 0.00305697 0.00296836 0.0160319  0 0 1 0 0 0 0 0 0 0 0 0 0 0 0 0 0 0
FAM197 A4309 -0.0118079 0.00750826 -0.0129446 -0.00202087 -0.0255676 -0.0149159 0.0109664 -0.0521423 -0.00382752 -0.0328091  0 0 0 0 0 0 1 0 0 0 0 0 0 0 0 0 0 0
FAM198 A4310 -0.00880615 -7.45446e-05 -0.0123725 -0.00620577 -0.0159276 -0.019449 0.00653809 -0.0141518 0.000363855 0.0101379  0 0 1 0 0 0 0 0 0 0 0 0 0 0 0 0 0 0
FAM199 A4311 -0.0116055 -0.00197238 -0.0132114 -0.00526762 -0.0118892 -0.016413 0.00188208 -0.00308391 0.00253343 0.0207456  0 0 1 0 0 0 0 0 0 0 0 0 0 0 0 0 0 0
FAM200 A4312 -0.00328411 0.00621254 -0.0107299 -0.0072787 -0.0108101 -0.0223829 0.00657317 -0.00196555 0.00581309 0.0201378  0 0 1 0 0 0 0 0 0 0 0 0 0 0 0 0 0 0
FAM201 A4316 -0.00635008 0.000526706 -0.0143661 -0.00356223 -0.0154476 -0.0199164 0.00518261 -0.0136055 -0.000490289 0.00624992  0 0 1 0 0 0 0 0 0 0 0 0 0 0 0 0 0 0
FAM202 A4319 0.00436522 0.00569462 -0.00675475 -0.00902724 -0.00626359 -0.0143812 0.0064592 0.00276511 0.000739446 0.0138832  0 1 0 0 0 0 0 0 0 0 0 0 0 0 0 0 0 0
FAM203 A4337 -0.00818401 0.00870799 -0.0164118 -0.0121237 -0.0184166 -0.0385469 0.0238145 -0.00622853 0.00924021 0.051301  0 1 0 0 0 0 0 0 0 0 0 0 0 0 0 0 0 0
FAM204 A4348 -0.00651814 0.000770269 -0.00496777 -0.000381829 -0.0122393 -0.00879356 0.00383174 0.00055275 0.00384042 0.00910123  0 0 1 0 0 0 0 0 0 0 0 0 0 0 0 0 0 0
FAM205 A4349 -0.00859709 0.00632838 -0.00444949 4.98085e-05 -0.0227851 0.00314805 0.00503622 0.0109303 0.00908439 0.00454665  0 0 1 0 0 0 0 0 0 0 0 0 0 0 0 0 0 0
FAM206 A4350 -0.0112057 0.00536041 -0.00291194 0.00101296 -0.0191389 0.000777083 0.00113885 0.00817605 0.00865693 0.00839071  0 0 1 0 0 0 0 0 0 0 0 0 0 0 0 0 0 0
FAM207 A4351 -0.00720384 0.00415896 -0.0156537 -0.00460791 -0.0208091 -0.0221844 0.00334379 -0.0172963 0.00392594 0.00519666  0 0 1 0 0 0 0 0 0 0 0 0 0 0 0 0 0 0
FAM208 A4352 -0.000940121 0.000368092 -0.00538784 -0.00227645 -0.0161338 -0.00205009 0.00482235 -0.00658619 -0.00150911 -0.00984795  0 0 1 0 0 0 0 0 0 0 0 0 0 0 0 0 0 0
FAM209 A4355 -0.00568131 0.00344058 -0.00862076 -0.00827548 -0.0153154 -0.0189794 0.00784195 -0.00510496 0.00156043 0.0172492  0 0 1 0 0 0 0 0 0 0 0 0 0 0 0 0 0 0
FAM210 A4364 -0.0101644 0.0251321 0.00427426 0.000981459 -0.00110924 0.00328582 0.0016219 -0.00663573 0.00629734 -0.00577112  0 0 0 0 0 0 0 0 0 0 0 0 0 0 0 0 0 1
FAM211 A4368 -0.00427343 0.0076355 -0.0132388 -0.00820925 -0.00892787 -0.0185435 0.0105694 -0.00894284 0.00225133 0.0107561  0 0 1 0 0 0 0 0 0 0 0 0 0 0 0 0 0 0
FAM212 A4372 -0.00825615 0.00150127 -0.00768106 -0.00739689 -0.0120959 -0.0154733 0.0108748 0.00221111 0.00684807 0.0145141  0 0 0 0 0 0 0 0 0 0 0 0 0 0 0 0 0 0
FAM213 A4374 -0.00688347 -0.000487134 -0.00643336 -0.0070815 -0.00946685 -0.0192859 0.0111639 -0.00501877 0.00108798 0.0197728  0 0 1 0 0 0 0 0 0 0 0 0 0 0 0 0 0 0
FAM214 A4378 -0.00602911 -0.00180537 -0.00354725 0.00116791 -0.00661473 -0.0106436 0.00134846 0.00292847 0.00515065 0.00322178  0 0 1 0 0 0 0 0 0 0 0 0 0 0 0 0 0 0
FAM215 A4379 -0.0140708 -0.00194323 -0.00576806 -0.00220919 -0.0105624 -0.0137702 0.0102037 -0.000804698 0.0125135 0.00796094  0 0 1 0 0 0 0 0 0 0 0 0 0 0 0 0 0 0
FAM216 A4386 -0.00467308 0.0196772 6.87333e-05 -0.00902371 0.00545401 -0.0061061 0.00749036 0.00330849 0.0124052 -0.00263114  0 0 0 0 0 0 0 0 0 0 0 0 0 0 0 0 0 1
FAM217 A4396 -0.0174203 0.00032547 0.0045075 0.00237465 -0.0199171 0.00160182 0.0147188 0.00815028 0.0218165 -0.00817419  1 0 0 0 0 0 0 0 0 0 0 0 0 0 0 0 0 0
FAM218 A4401 -0.0171719 0.0036948 -0.00266206 0.00416615 -0.021105 0.00269487 0.0239312 -0.0164326 0.0104914 -0.0132926  0 0 0 0 0 0 1 0 0 0 0 0 0 0 0 0 0 0
FAM219 A4403 -0.0263233 -0.019651 0.0213704 -0.0240485 0.00291685 -0.00881551 0.0188869 0.00198873 0.0248942 -0.0163789  1 0 0 0 0 0 0 0 0 0 0 0 0 0 0 0 0 0
FAM220 A4418 -0.00455736 0.00612241 -0.00536532 -0.011528 -0.00714099 -0.0154279 0.0159778 0.00177304 0.00831608 0.00933801  0 0 1 0 0 0 0 0 0 0 0 0 0 0 0 0 0 0
FAM221 A4421 -0.0134522 -0.00853833 0.0123419 -0.0303932 -0.00260174 -0.0174838 0.023336 0.000202299 0.00944651 0.0138185  1 0 0 0 0 0 0 0 0 0 0 0 0 0 0 0 0 0
FAM222 A4422 -0.0202968 -0.0202396 0.0239373 -0.0403089 0.000392204 -0.0131678 0.0130518 0.00816309 0.0147511 0.00153564  1 0 0 0 0 0 0 0 0 0 0 0 0 0 0 0 0 0
FAM223 A4425 -0.00780208 -0.000429977 -0.00923793 0.0010414 -0.0150779 -0.0196348 -0.00578984 0.00864744 0.0136074 0.0121716  0 1 0 0 0 0 0 0 0 0 0 0 0 0 0 0 0 0
FAM224 A4427 -0.00679749 0.000578555 -0.00933321 -0.00841488 -0.0115379 -0.0165725 0.00629853 -0.00981482 0.000807626 0.00991367  0 0 1 0 0 0 0 0 0 0 0 0 0 0 0 0 0 0
FAM225 A4428 -0.00405766 0.0154228 0.0113033 0.0132763 0.00411364 -0.00753575 -0.0050483 -0.00226612 -0.00135826 0.0130932  0 0 0 0 0 0 0 0 0 1 0 0 0 0 0 0 0 0
FAM226 A4429 -0.00966356 0.00332552 -0.0145067 -0.00641101 -0.0130445 -0.0203502 -0.000850841 -0.0167452 -0.00185422 0.0159021  0 0 1 0 0 0 0 0 0 0 0 0 0 0 0 0 0 0
FAM227 A4434 0.00769319 0.00548221 -0.0106614 -0.00765363 -0.00852354 -0.027706 0.0154032 0.00178191 0.000860009 0.0322458  0 1 0 0 0 0 0 0 0 0 0 0 0 0 0 0 0 0
FAM228 A4435 -0.00531036 0.00328012 -0.0122224 -0.00380859 -0.0126546 -0.0213074 0.0130083 -0.00795248 0.00401227 0.015525  0 0 1 0 0 0 0 0 0 0 0 0 0 0 0 0 0 0
FAM229 A4436 -0.00971285 0.00298259 -0.0115937 0.000124095 -0.0139351 -0.0149286 0.00395785 0.00855483 0.0158255 0.0090536  0 0 1 0 0 0 0 0 0 0 0 0 0 0 0 0 0 0
FAM230 A4437 0.00395319 0.010179 -0.0113398 -0.0115221 -0.00865379 -0.028541 0.0208595 -0.00370715 0.00227999 0.033567  0 1 0 0 0 0 0 0 0 0 0 0 0 0 0 0 0 0
FAM231 A4438 0.000333208 0.00948051 -0.00856061 -0.00915586 0.00200175 -0.00874749 0.000100538 0.00390462 -0.000174528 0.00699318  0 0 1 0 0 0 0 0 0 0 0 0 0 0 0 0 0 0
FAM232 A4440 -0.00944741 -0.000834187 -0.0087566 -0.00565916 -0.0103852 -0.0143071 0.00186676 0.00113184 0.00303352 0.0194896  0 0 1 0 0 0 0 0 0 0 0 0 0 0 0 0 0 0
FAM233 A4442 -0.000243564 0.011346 -0.0125215 -0.00749436 0.000915892 -0.0162674 0.00869812 -0.000431711 -0.00170231 0.0186846  0 0 0 0 0 0 0 0 0 0 0 0 0 0 0 0 0 0
FAM234 A4443 -0.0171689 -0.0148473 -0.028177 0.00174344 0.0163651 -0.0154583 -0.0243561 0.000421667 0.000763496 0.00902187  0 0 0 1 0 0 0 0 0 0 0 0 0 0 0 0 0 0
FAM235 A4445 -0.00348336 0.00303727 -0.0111091 -0.00803288 -0.00785255 -0.023845 0.0154702 -0.00609897 0.0019834 0.0281327  0 1 0 0 0 0 0 0 0 0 0 0 0 0 0 0 0 0
FAM236 A4446 -0.0124379 -0.000592186 -0.0135081 -0.0058103 -0.0104573 -0.0180566 -0.00192609 -0.0134015 0.001573 0.0100245  0 0 1 0 0 0 0 0 0 0 0 0 0 0 0 0 0 0
FAM237 A4449 -0.011876 -0.00109382 -0.0159618 -0.000457587 -0.0193466 -0.00887664 -0.0127411 0.0139226 0.0143452 0.00720571  0 0 1 0 0 0 0 0 0 0 0 0 0 0 0 0 0 0
FAM238 A4453 -0.016467 -0.0128982 0.0122374 -0.0265543 -0.00188422 -0.0139092 0.0153138 0.0037687 0.015027 0.00142001  0 0 1 0 0 0 0 0 0 0 0 0 0 0 0 0 0 0
FAM239 A4454 -0.013717 -0.0017941 -0.0148296 -0.000202924 -0.0225585 -0.0083503 -0.00275241 0.0161399 0.0152704 0.0118219  0 0 1 0 0 0 0 0 0 0 0 0 0 0 0 0 0 0
FAM240 A4459 -0.0117631 -0.00356813 0.00873626 -0.00176538 0.000947763 -0.0227514 0.0181901 -0.00432358 0.0215537 0.0010096  1 0 0 0 0 0 0 0 0 0 0 0 0 0 0 0 0 0
FAM241 A4460 -0.0127651 -0.00859064 0.0058177 -0.0281008 -0.00416915 -0.0223156 0.0183788 0.00172086 0.012427 0.0125429  1 0 0 0 0 0 0 0 0 0 0 0 0 0 0 0 0 0
FAM242 A4481 -0.00907359 0.000468246 -0.00678158 -0.00369609 -0.00589628 -0.0129689 0.00726222 -0.00323676 -0.00119859 0.0143219  0 0 1 0 0 0 0 0 0 0 0 0 0 0 0 0 0 0
FAM243 A4483 -0.00603452 0.00157672 -0.0084326 -0.00846057 -0.0143365 -0.0204617 0.00528348 -0.0101552 0.00417533 0.0141197  0 0 1 0 0 0 0 0 0 0 0 0 0 0 0 0 0 0
FAM244 A4485 -0.00448436 -0.000425652 0.0011359 -0.0045494 -0.00737599 -0.0178522 0.0047006 -0.00133336 0.00821666 0.0117669  0 0 1 0 0 0 0 0 0 0 0 0 0 0 0 0 0 0
FAM245 A4486 -0.00748045 0.00663182 -0.0113116 0.00541782 -0.0250775 -0.00942963 0.0146165 0.000822166 0.00912957 0.011375  0 0 1 0 0 0 0 0 0 0 0 0 0 0 0 0 0 0
FAM246 A4489 -0.0163112 -0.0114476 0.00572199 -0.023529 -0.0131286 -0.0143898 0.00798565 -0.006954 0.00911787 -0.00364817  0 0 1 0 0 0 0 0 0 0 0 0 0 0 0 0 0 0
FAM247 A4495 -0.00735713 0.00334166 -0.0109573 -0.00173207 -0.0165815 -0.0192074 0.00196524 0.00176317 0.00638315 0.0291023  0 0 1 0 0 0 0 0 0 0 0 0 0 0 0 0 0 0
FAM248 A453 -0.00959526 -0.00323027 0.0119827 -0.0255196 -0.00153742 -0.00872015 0.00566076 -0.00689514 0.00442676 -0.0173892  0 0 0 0 0 0 0 0 0 0 0 0 0 0 0 0 0 0
FAM249 A5880 0.00923419 -0.00325324 -0.00449307 -0.00391225 -0.00303293 -0.0101668 0.00388706 0.00501958 -0.00149307 0.00138599  0 0 0 0 0 0 0 0 0 0 0 0 0 0 0 0 1 0
FAM250 A714 -0.00748055 0.0107949 -0.00509758 0.00278667 -0.0115114 -0.0105354 0.000526231 -0.0334939 -0.0181209 -0.0015108  0 0 0 0 0 0 0 0 0 1 0 0 0 0 0 0 0 0
FAM251 A755 -0.00623059 1.17123e-05 -0.00579187 -0.00726104 -0.00554469 -0.012733 0.0162 -0.00353671 0.000951124 0.00906637  0 0 0 0 0 0 0 0 0 0 0 0 0 0 0 0 0 0
FAM252 A763 -0.00034818 0.0116287 0.00162998 -0.017979 0.0042662 -0.00670684 0.00864887 -0.00646518 0.00508094 -0.00968323  0 0 0 0 0 0 0 0 0 0 0 0 0 0 0 0 0 0
FAM253 A767 -0.0185442 -0.0138296 0.00880798 -0.0236294 -0.0123344 0.000948377 -0.0146252 0.0112017 0.00352327 -0.0037581  0 0 0 0 0 0 0 0 0 0 0 0 0 0 0 0 0 0
FAM254 A777 -0.00517412 0.0529065 -0.00304102 -0.0342937 0.0283818 0.0118609 -0.00926613 0.026559 0.0142997 0.00928125  0 0 0 0 0 0 0 0 0 0 0 0 0 0 0 0 0 1
FAM255 A977 -0.00395918 0.0381454 -0.00757939 -0.0196335 0.00695012 -0.0052128 0.00882036 -0.021358 0.00242596 -0.0112955  0 0 0 0 0 0 0 0 0 0 0 0 0 0 0 0 0 1
FAM256 A989 -0.014054 0.00702037 0.0196131 -0.00733082 -0.0136616 0.0158125 -0.011717 -0.00944765 -0.0298017 0.0223091  0 0 0 0 0 0 0 0 0 1 0 0 0 0 0 0 0 0
FAM257 B73 -0.0286593 -0.0311093 0.0461432 -0.0521237 -0.000229217 0.0149131 -0.0191982 0.00963199 -0.00379342 -0.0176033  0 0 0 0 0 0 0 0 1 0 0 0 0 0 0 0 0 0
FAM258 C10 -5.41716e-05 0.0022712 0.0233319 0.0403147 0.0170934 -0.0184253 -0.0125686 0.00264805 0.00374684 0.00314108  0 0 0 0 0 0 0 1 0 0 0 0 0 0 0 0 0 0
FAM259 C103 -0.0282059 -0.0273924 -0.0588886 0.0105201 0.0437956 -0.0217816 -0.0940286 0.0161946 0.000394815 0.00178158  0 0 0 1 0 0 0 0 0 0 0 0 0 0 0 0 0 0
FAM260 C104 -0.0136438 -0.0148088 -0.0314558 0.00805953 0.0186995 -0.0104249 -0.0549352 0.00875112 -0.01503 0.0123063  0 0 0 1 0 0 0 0 0 0 0 0 0 0 0 0 0 0
FAM261 C105 -0.0275123 -0.022177 -0.016269 -0.0147279 0.021507 -0.0187477 -0.0332047 0.00698316 0.0147191 -0.00682435  0 0 0 1 0 0 0 0 0 0 0 0 0 0 0 0 0 0
FAM262 C106 -0.0253517 -0.0222378 0.0309448 -0.0400535 -0.00626666 0.00429086 -0.00983339 -0.000640492 0.00501698 -0.0195437  0 0 0 0 0 0 0 0 1 0 0 0 0 0 0 0 0 0
FAM263 C107 -0.0247068 -0.0224215 -0.0271178 -0.00694698 0.0261262 -0.0207876 -0.0375479 0.00712006 0.0117795 0.000436753  0 0 0 1 0 0 0 0 0 0 0 0 0 0 0 0 0 0
FAM264 C108 -0.0253318 -0.0266283 0.031445 -0.0436506 -0.00103042 0.00143101 0.000398373 0.00803784 0.00700737 -0.00828338  0 0 0 0 0 0 0 0 1 0 0 0 0 0 0 0 0 0
FAM265 C109 0.00454709 -0.00832196 0.00415002 -0.0115475 -0.000897162 -0.00922088 0.00868811 0.000695749 0.000800596 0.00839019  0 0 0 0 0 0 0 0 0 0 0 0 0 0 0 0 1 0
FAM266 C11 0.00103686 0.011962 0.0522893 0.0681977 0.0205827 -0.0415516 -0.0152681 0.00242164 0.0340099 0.00206544  0 0 0 0 0 0 0 1 0 0 0 0 0 0 0 0 0 0
FAM267 C113 -0.00524885 0.00550742 0.00197191 0.00570729 -0.00957153 -0.0130824 0.00871813 -0.0244778 0.0048472 -0.0133398  0 0 0 0 0 0 0 0 0 0 0 0 0 0 0 0 0 0
FAM268 C12 0.0043084 0.0310473 -0.000789805 -0.0101988 0.00604504 0.00166791 -0.0022346 -0.00583689 -0.0015793 -0.012267  0 0 0 0 0 0 0 0 0 0 0 0 0 0 0 0 0 1
FAM269 C123 0.0223568 -0.00764093 0.000864307 0.00625176 0.0014717 -0.00768576 -0.000312031 0.0164341 -0.0135641 -0.0219349  0 0 0 0 0 0 0 0 0 0 0 0 0 0 0 1 0 0
FAM270 C125 0.0152708 -0.0026086 -0.00272919 0.00391048 -0.00303692 -0.005529 -0.000358646 0.0148983 -0.00595 0.000827715  0 0 0 0 0 0 0 0 0 0 1 0 0 0 0 0 0 0
FAM271 C13 0.00440672 0.00179067 0.0324574 0.0372851 0.0135557 -0.0192703 -0.00485276 0.0102076 0.0151041 -0.0109841  0 0 0 0 0 0 0 1 0 0 0 0 0 0 0 0 0 0
FAM272 C14 -0.000224698 0.0140166 0.0509138 0.0710287 0.0156448 -0.0356933 -0.014119 0.00913257 0.0425795 0.000940247  0 0 0 0 0 0 0 1 0 0 0 0 0 0 0 0 0 0
FAM273 C18 0.00416041 0.0972132 -0.00743535 -0.0442705 0.0533148 0.0255286 -0.0127785 0.029224 0.0161095 -0.00290281  0 0 0 0 0 0 0 0 0 0 0 0 0 0 0 0 0 1
FAM274 C19 -0.00692256 0.000794042 0.00415424 0.0240309 0.0011684 0.000887727 0.019424 0.00534039 0.00686064 -0.0133952  0 0 0 0 0 0 0 0 0 0 0 0 0 0 0 0 0 0
FAM275 C2 -0.00573759 0.0187183 0.0362435 0.0470299 0.00254183 -0.00973315 -0.0149169 -0.003196 0.0102581 -0.00059803  0 0 0 0 0 0 0 1 0 0 0 0 0 0 0 0 0 0
FAM276 C20 -0.00694717 0.0109359 0.0493695 0.0656201 0.0142046 -0.0272729 -0.0134334 0.00657073 0.0355123 0.00212339  0 0 0 0 0 0 0 1 0 0 0 0 0 0 0 0 0 0
FAM277 C21 -0.00012959 0.00210439 0.0232121 0.039779 0.0169204 -0.0182342 -0.0125627 0.00254748 0.00375811 0.00326054  0 0 0 0 0 0 0 1 0 0 0 0 0 0 0 0 0 0
FAM278 C22 -0.0233655 0.0018508 -0.0132885 0.00662431 -0.0249544 0.0214695 -0.00437939 -0.0174007 -0.0014523 -0.0373672  0 0 0 0 0 1 0 0 0 0 0 0 0 0 0 0 0 0
FAM279 C23 -0.0104462 0.0290545 -0.0097125 0.00183246 -0.0241994 0.0017724 0.00849976 -0.0698135 -0.0160887 -0.0488229  0 0 0 0 0 0 1 0 0 0 0 0 0 0 0 0 0 0
FAM280 C24 0.00119383 0.0121976 0.0522345 0.0686282 0.0206977 -0.0417181 -0.0150744 0.00246323 0.034241 0.00213313  0 0 0 0 0 0 0 1 0 0 0 0 0 0 0 0 0 0
FAM281 C32 -0.0111027 -0.000818344 -0.00873755 -0.00477841 -0.0137131 -0.012373 0.0180093 -0.00427896 0.0029424 0.0139979  0 0 1 0 0 0 0 0 0 0 0 0 0 0 0 0 0 0
FAM282 C33 -0.00923134 0.0108696 -0.0172989 -0.00848369 -0.0188412 -0.0373231 0.0275409 -0.00556475 0.0112942 0.0483254  0 1 0 0 0 0 0 0 0 0 0 0 0 0 0 0 0 0
FAM283 C34 0.0160938 0.0279386 -0.00604654 -0.0163138 0.0120785 -0.00648021 0.00785601 0.00614452 -0.00451983 0.0105487  0 0 0 0 0 0 0 0 0 0 0 0 0 0 0 0 0 0
FAM284 C35 0.00369171 0.0171352 -0.0127913 -0.00455729 -0.00201243 -0.000772241 0.0123865 0.00753914 0.00186254 0.00504887  0 0 0 0 0 0 0 0 0 0 0 0 0 0 0 0 0 0
FAM285 C37 -0.00662096 0.0110092 -0.00969967 0.00421768 -0.0210538 0.00959159 0.0111125 0.0214367 0.0120193 0.00961442  0 0 0 0 0 1 0 0 0 0 0 0 0 0 0 0 0 0
FAM286 C38 0.0126635 0.0218437 -0.00453306 -0.010881 0.00970598 -0.00675058 0.00570237 0.00530834 -0.00380241 0.00624162  0 0 0 0 0 0 0 0 0 0 0 0 0 0 0 0 0 0
FAM287 C39 -0.00228475 0.015654 0.00324642 0.00567549 -0.0105274 -0.006818 -0.00371407 -0.0139685 0.00159383 -0.0110323  0 0 0 0 0 0 1 0 0 0 0 0 0 0 0 0 0 0
FAM288 C4 -0.00566955 0.0190361 0.0361708 0.0474484 0.00259999 -0.0098867 -0.0147217 -0.00318679 0.0102438 -0.000559947  0 0 0 0 0 0 0 1 0 0 0 0 0 0 0 0 0 0
FAM289 C41 0.00365552 0.0150399 -0.0102615 -0.00567644 -0.000663232 -0.0072679 0.0142387 0.00378369 -0.000533701 0.0113585  0 0 0 0 0 0 0 0 0 0 0 0 0 0 0 0 0 0
FAM290 C43 -0.0096669 0.0133376 0.00685798 0.0153244 -0.0227088 0.0233366 -0.0140497 0.00806374 -0.0278979 0.0399818  0 0 0 0 0 0 0 0 0 1 0 0 0 0 0 0 0 0
FAM291 C44 0.00576068 0.018806 -0.00212502 0.00121919 -0.00224934 -0.000338356 0.00584613 0.0090432 -0.000512274 0.00342987  0 0 0 0 0 0 0 0 0 0 0 0 0 0 0 0 0 1
FAM292 C45 0.00776099 0.0285921 -0.00446389 -0.0153809 0.0107264 -0.00520698 0.00849578 0.000287662 -0.00501063 0.00704614  0 0 0 0 0 0 0 0 0 0 0 0 0 0 0 0 0 0
FAM293 C46 -0.000752781 0.0110478 0.0389095 0.0566245 0.0089172 -0.0261682 -0.015522 0.0110868 0.0339189 0.00443938  0 0 0 0 0 0 0 0 0 0 0 0 0 0 0 0 0 0
FAM294 C47 -0.00343664 0.00818131 0.0403819 0.0593085 0.0167554 -0.0202127 0.00038176 0.00885488 0.0290444 0.00199963  0 0 0 0 0 0 0 1 0 0 0 0 0 0 0 0 0 0
FAM295 C48 0.000382911 0.0120653 0.0519054 0.0687863 0.0205282 -0.0401905 -0.0141632 0.00224541 0.0338397 0.00243446  0 0 0 0 0 0 0 1 0 0 0 0 0 0 0 0 0 0
FAM296 C49 -0.00746449 0.0226598 -0.0188794 0.00294772 -0.0269589 -0.00707027 0.012747 -0.0851997 -0.017208 -0.0686967  0 0 0 0 0 0 1 0 0 0 0 0 0 0 0 0 0 0
FAM297 C5 0.00299107 0.0115249 0.0524012 0.0674369 0.0235981 -0.0444356 -0.0163704 0.00491394 0.0391445 -0.00150561  0 0 0 0 0 0 0 1 0 0 0 0 0 0 0 0 0 0
FAM298 C50 0.000367002 0.00686784 -0.00375911 -0.00683929 -0.0016138 -0.0105299 0.00867182 0.000591312 6.63925e-05 0.00879314  0 0 1 0 0 0 0 0 0 0 0 0 0 0 0 0 0 0
FAM299 C51 -0.000170192 0.0183802 -0.00511476 -0.000839864 -0.00908483 -0.0026615 0.0117398 0.00444821 0.00471892 0.00910089  0 0 0 0 0 0 0 0 0 0 0 0 0 0 0 0 0 0
FAM300 C52 -0.00807002 0.00345185 -0.00906817 -0.00808218 -0.0131846 -0.0140149 0.000884047 -0.00433305 0.00921027 0.000288512  0 0 0 0 0 0 0 0 0 0 0 0 0 0 0 0 0 0
FAM301 C53 -0.00715017 0.00492215 0.0310701 0.0228312 0.00402808 -0.0100883 -0.00112313 -0.0147519 -0.00764182 0.00377831  0 0 0 0 0 0 0 1 0 0 0 0 0 0 0 0 0 0
FAM302 C54 -0.00547038 0.0380426 -0.0119379 -0.00639462 -0.00253349 0.00271829 0.00169493 -0.0301916 -0.00423333 -0.027379  0 0 0 0 0 0 1 0 0 0 0 0 0 0 0 0 0 0
FAM303 C57 0.00862248 0.019597 -0.00560055 -0.0127564 0.0105661 -0.00586637 0.00794766 0.00565842 -0.00265534 0.0064771  0 0 0 0 0 0 0 0 0 0 0 0 0 0 0 0 0 0
FAM304 C58 -0.00211257 0.0133794 -0.0114453 0.00240688 -0.0133281 -0.0137567 0.00760888 -0.0461666 -0.00727337 -0.0333525  0 0 0 0 0 0 1 0 0 0 0 0 0 0 0 0 0 0
FAM305 C59 0.0208416 -0.00448064 -0.000290204 -0.00083202 0.00223573 -0.00109223 0.000464176 0.0076542 -0.0133567 -0.00664575  0 0 0 0 0 0 0 0 0 0 1 0 0 0 0 0 0 0
FAM306 C6 -0.00537379 0.00316537 -0.0112834 -0.0027624 -0.00952092 -0.0127858 0.0213537 -0.00463155 -0.0019487 0.0210216  0 0 0 0 0 0 0 0 0 0 0 0 0 0 0 0 0 0
FAM307 C60 -0.00302906 0.0257557 0.0237907 0.0309142 0.0132995 -0.0260768 -0.00756392 -0.000460994 0.0280684 0.0102715  0 0 0 0 0 0 0 1 0 0 0 0 0 0 0 0 0 0
FAM308 C66 0.00342992 0.00520097 0.024731 0.0283058 0.00309229 -0.0134654 -0.00496259 0.00577657 0.00360861 -0.00609711  0 0 0 0 0 0 0 0 0 0 0 0 0 0 0 0 1 0
FAM309 C67 -0.0193643 0.0156035 -0.0148287 0.0311524 -0.0651609 0.0501806 -0.00108136 0.0569519 0.0271247 0.00976765  0 0 0 0 0 1 0 0 0 0 0 0 0 0 0 0 0 0
FAM310 C69 -0.0142194 -0.00291922 0.00910926 0.00207379 -0.00250305 -0.017189 0.0212449 -0.00754727 0.0211281 -0.00513716  1 0 0 0 0 0 0 0 0 0 0 0 0 0 0 0 0 0
FAM311 C7 -0.0106091 0.00664024 -0.00267888 -0.000272911 -0.0146296 -0.0123342 0.0203103 -0.0229701 0.00546209 -0.00983527  0 0 0 0 0 0 1 0 0 0 0 0 0 0 0 0 0 0
FAM312 C70 -0.0281677 -0.0215836 -0.0362208 0.00386729 0.0322456 -0.0167457 -0.0545247 -0.00014832 0.00271252 -0.0088398  0 0 0 1 0 0 0 0 0 0 0 0 0 0 0 0 0 0
FAM313 C74 -0.00841813 0.00204395 -0.0182841 -0.00716919 -0.013851 -0.0275829 0.011608 0.00122026 0.00973189 0.0334435  0 0 1 0 0 0 0 0 0 0 0 0 0 0 0 0 0 0
FAM314 C75 -0.0228676 -0.0207844 -0.052754 0.00795534 0.0323325 -0.0255238 -0.0682473 0.0142284 0.00357906 0.00846043  0 0 0 1 0 0 0 0 0 0 0 0 0 0 0 0 0 0
FAM315 C78 -0.028825 -0.0265767 -0.0628973 0.0128323 0.0439981 -0.0223289 -0.0944843 0.0154772 0.00221967 0.000143078  0 0 0 1 0 0 0 0 0 0 0 0 0 0 0 0 0 0
FAM316 C8 0.00310215 0.0115238 0.052377 0.0675381 0.0236096 -0.0444858 -0.0163423 0.00489769 0.0391825 -0.00144869  0 0 0 0 0 0 0 1 0 0 0 0 0 0 0 0 0 0
FAM317 C80 -0.0257025 -0.0253277 -0.0581324 0.0136139 0.0383705 -0.0155332 -0.0857564 0.0120567 -0.000571486 -0.00187717  0 0 0 1 0 0 0 0 0 0 0 0 0 0 0 0 0 0
FAM318 C81 -0.0236934 -0.0148918 0.0216248 -0.00995689 0.0119262 0.000945121 0.0380391 0.010346 0.0279635 -0.0091714  1 0 0 0 0 0 0 0 0 0 0 0 0 0 0 0 0 0
FAM319 C82 -0.0258301 -0.0222347 -0.0565654 0.013038 0.0353392 -0.0204131 -0.0838453 0.013562 0.00239107 8.0954e-05  0 0 0 1 0 0 0 0 0 0 0 0 0 0 0 0 0 0
FAM320 C83 -0.0285558 -0.0242842 -0.0577087 0.0102969 0.0395921 -0.0200919 -0.0866855 0.0132534 0.00268135 -0.0026013  0 0 0 1 0 0 0 0 0 0 0 0 0 0 0 0 0 0
FAM321 C86 -0.0256562 -0.0268462 0.0400671 -0.0467514 -0.00119622 0.00927436 -0.0134898 0.00912091 7.37425e-05 -0.0136384  0 0 0 0 0 0 0 0 1 0 0 0 0 0 0 0 0 0
FAM322 C88 -0.020817 -0.0178049 0.0122521 -0.0322355 -0.000310719 -0.0163596 0.0182162 0.00754871 0.0239065 0.000200995  1 0 0 0 0 0 0 0 0 0 0 0 0 0 0 0 0 0
FAM323 C89 -0.00916163 0.0042916 -0.0124306 0.00170152 -0.0327773 0.000291689 0.0013931 0.0273356 0.0146797 0.0235041  0 0 0 0 0 1 0 0 0 0 0 0 0 0 0 0 0 0
FAM324 C9 0.00254968 0.0146597 0.0400218 0.0527775 0.00485951 -0.0282164 -0.0099383 0.00129039 0.0255266 -0.00930049  0 0 0 0 0 0 0 1 0 0 0 0 0 0 0 0 0 0
FAM325 C92 -0.026012 -0.0231725 -0.0571096 0.0163708 0.0366191 -0.0146824 -0.0705691 0.0129843 -0.00177018 0.00411233  0 0 0 1 0 0 0 0 0 0 0 0 0 0 0 0 0 0
FAM326 C94 -0.0186712 -0.00900997 -0.0370749 0.00679698 0.00425478 -0.0129318 -0.0489398 0.0213333 0.00854014 0.0132006  0 0 1 0 0 0 0 0 0 0 0 0 0 0 0 0 0 0
FAM327 C95 -0.0246431 -0.0156839 -0.0474874 0.0164204 0.026519 -0.00871706 -0.0514047 0.000786044 -0.00282125 -0.00635906  0 0 0 1 0 0 0 0 0 0 0 0 0 0 0 0 0 0
FAM328 C96 -0.0167304 -0.000535176 0.0101671 -0.000628152 -0.00927468 -0.00372736 0.017227 0.00580488 0.0233748 -0.0037535  1 0 0 0 0 0 0 0 0 0 0 0 0 0 0 0 0 0
FAM329 C97 -0.0223166 -0.012097 0.0125465 -0.0139733 -0.000939471 -0.00117061 0.0165122 -0.00828525 0.00942638 -0.00700174  1 0 0 0 0 0 0 0 0 0 0 0 0 0 0 0 0 0
FAM330 C99 -0.0120774 0.0122275 -0.0138122 0.0218583 -0.0517858 0.0318153 -0.0070417 0.0472897 0.0231092 0.00688369  0 0 0 0 0 1 0 0 0 0 0 0 0 0 0 0 0 0
FAM331 D2003005692 -0.00454107 0.00624752 0.0127337 0.0153832 -0.00117126 -0.0163882 0.0110706 -0.0170131 0.0105206 -0.0184871  0 0 0 0 0 0 1 0 0 0 0 0 0 0 0 0 0 0
FAM332 D2003005693 -0.0112388 0.0116142 0.0155382 0.0118506 -0.0202982 0.0170804 -0.00634853 -0.0319883 -0.0413285 0.0210528  0 0 0 0 0 0 0 0 0 1 0 0 0 0 0 0 0 0
FAM333 D2003005694 -0.0116861 0.0110355 0.0162561 0.0111622 -0.0203713 0.0172935 -0.00689991 -0.0319006 -0.0410801 0.0207424  0 0 0 0 0 0 0 0 0 1 0 0 0 0 0 0 0 0
FAM334 D2003005695 -0.0156625 -0.00141638 0.00782607 -0.00148709 -0.00780287 0.00845693 0.00627154 -0.0166477 -0.0214938 0.00953192  0 0 0 0 0 0 0 0 0 1 0 0 0 0 0 0 0 0
FAM335 D2003005696 -8.27586e-05 0.0153566 0.0476107 0.0708573 0.0120935 -0.0331751 -0.0125973 0.00978661 0.0429192 0.00176037  0 0 0 0 0 0 0 1 0 0 0 0 0 0 0 0 0 0
FAM336 D2003005697 -0.00307626 0.0038558 0.00777295 0.0227437 0.0070642 -0.00738446 0.0164165 -0.00386189 -0.00425064 0.00654189  0 0 0 0 0 0 0 0 0 0 0 0 0 0 0 0 0 0
FAM337 D2003005698 0.00200076 0.00943784 0.0352889 0.0507687 0.00954315 -0.0230788 -0.0145934 0.00397844 0.0170677 -0.00299054  0 0 0 0 0 0 0 1 0 0 0 0 0 0 0 0 0 0
FAM338 D2003005699 -0.00482845 0.00397241 -0.0121408 -0.00168023 -0.00967272 -0.0129053 0.0218491 -0.00428459 -0.0022388 0.0220605  0 0 0 0 0 0 0 0 0 0 0 0 0 0 0 0 0 0
FAM339 D2003005700 -0.00118754 0.0225386 -0.00570704 -0.0105383 -0.00408832 -0.00981705 0.00572602 -0.0182423 -0.0026765 -0.00861243  0 0 0 0 0 0 1 0 0 0 0 0 0 0 0 0 0 0
FAM340 D2003005701 -0.00822418 0.00121751 0.00409533 0.0299823 0.00726489 0.00400563 0.0304964 0.00886163 -0.000119849 0.00141731  0 0 0 0 0 0 0 0 0 0 0 0 0 0 0 0 0 0
FAM341 D2003005702 -0.0202373 -0.0133675 -0.0474795 0.00731771 0.0218719 -0.0224693 -0.0529198 -0.0119185 -0.00595208 -0.0107678  0 0 0 1 0 0 0 0 0 0 0 0 0 0 0 0 0 0
FAM342 D2003005703 -0.00631352 0.00225026 0.022878 0.0192307 -0.00582724 0.00927754 -0.00342163 0.0043451 -0.0100945 0.00766165  0 0 0 0 0 0 0 0 0 0 0 0 0 0 0 0 0 0
FAM343 D2003005704 0.000367802 0.014033 0.0525241 0.0735413 0.0226602 -0.0426881 -0.0165888 0.00299654 0.0423091 0.00290466  0 0 0 0 0 0 0 1 0 0 0 0 0 0 0 0 0 0
FAM344 D2003005705 0.0013929 0.0178925 0.0279367 0.0433945 0.00180355 -0.0194232 -0.00780866 0.0145866 0.0288217 0.00379141  0 0 0 0 0 0 0 1 0 0 0 0 0 0 0 0 0 0
FAM345 D2003005706 -0.00173603 0.0197659 0.00928902 0.0329395 -0.00908733 -0.00992457 0.00410167 -0.0200108 0.00908142 -0.0298809  0 0 0 0 0 0 1 0 0 0 0 0 0 0 0 0 0 0
FAM346 D2003005707 -0.00777353 0.0221185 0.0206287 -0.00116115 0.0013524 0.00959005 -0.0170004 -0.0136632 -0.0420414 0.0378235  0 0 0 0 0 0 0 0 0 1 0 0 0 0 0 0 0 0
FAM347 D2003005708 -0.0203521 0.0145875 -0.00987724 0.0285714 -0.0491335 0.0362589 -0.00250935 -0.00040366 0.0135582 -0.0371807  0 0 0 0 0 1 0 0 0 0 0 0 0 0 0 0 0 0
FAM348 D2003005709 -0.0218255 -0.0010298 -0.00968066 0.01055 -0.024504 0.0251241 -0.00469603 0.0153758 0.0144661 -0.0233239  0 0 0 0 0 1 0 0 0 0 0 0 0 0 0 0 0 0
FAM349 D2003005710 -0.00294462 0.0140834 0.0113833 0.0180326 0.00068579 -0.0223125 0.00528036 -0.027318 0.0112219 -0.0311198  0 0 0 0 0 0 1 0 0 0 0 0 0 0 0 0 0 0
FAM350 D2003005715 -0.00117596 0.0105505 -0.000370558 0.0239661 -0.00355646 -0.00270477 0.0189527 0.0117569 0.00942416 0.00166446  0 0 0 0 0 0 0 0 0 0 0 0 0 0 0 0 0 0
FAM351 D2003005716 -0.0125863 0.0114048 0.00423002 0.0228509 -0.0277878 0.022603 -0.0145794 -0.0180135 -0.0387024 0.0193909  0 0 0 0 0 0 0 0 0 1 0 0 0 0 0 0 0 0
FAM352 D2003005717 -0.00238175 0.0173711 0.0343421 0.0375632 0.00497913 -0.012352 -0.0176271 -0.0149307 -0.00501467 0.00779098  0 0 0 0 0 0 0 1 0 0 0 0 0 0 0 0 0 0
FAM353 D2003005718 -0.00346507 0.00502991 0.0149218 0.0357832 0.0114874 -0.0167689 0.0152029 0.00169185 0.016256 -0.00121854  0 0 0 0 0 0 0 1 0 0 0 0 0 0 0 0 0 0
FAM354 D2003005720 -0.00971792 0.00897499 -0.0153441 0.000770572 -0.0211451 -0.0103911 0.0111513 -0.0529804 -0.00853807 -0.0346764  0 0 0 0 0 0 1 0 0 0 0 0 0 0 0 0 0 0
FAM355 D2003005722 -0.00203883 0.0190648 0.00991522 0.0319503 -0.0089211 -0.00984803 0.00360889 -0.0200123 0.00910773 -0.0299973  0 0 0 0 0 0 1 0 0 0 0 0 0 0 0 0 0 0
FAM356 D2003005723 -0.00675381 0.0415265 0.00312747 -0.0157163 0.00574211 0.0109766 0.00327384 0.0123708 0.00500459 0.00793907  0 0 0 0 0 0 0 0 0 0 0 0 0 0 0 0 0 1
FAM357 D2003005724 -0.0100916 0.0209616 0.0063697 0.0189144 -0.0249021 0.00783365 -0.00837452 -0.0247206 0.00142045 -0.0353077  0 0 0 0 0 0 0 0 0 1 0 0 0 0 0 0 0 0
FAM358 D2003005727 -0.0104649 -0.00883721 -0.0105873 0.0019176 0.00975989 -0.00925992 -0.00166426 -0.00183674 0.00176876 -8.03005e-05  0 0 0 0 0 0 0 0 0 0 0 0 0 0 0 0 0 0
FAM359 D2003005728 -0.00304232 0.0261215 -0.00993356 -0.00827158 -0.00797554 -0.0114603 0.00295632 -0.0250038 -0.00414068 -0.00873868  0 0 0 0 0 0 1 0 0 0 0 0 0 0 0 0 0 0
FAM360 D2003005729 -0.0119139 0.0120693 0.0154907 0.0123446 -0.0223215 0.0184139 -0.00698508 -0.0303805 -0.0401226 0.0214486  0 0 0 0 0 0 0 0 0 1 0 0 0 0 0 0 0 0
FAM361 D2003005748 -0.00113992 0.0577002 0.00193354 -0.0196466 0.0198164 0.0100097 0.00417876 0.0264662 0.0232623 0.00195216  0 0 0 0 0 0 0 0 0 0 0 0 0 0 0 0 0 1
FAM362 D2003005754 -0.00232672 0.0244821 0.0418607 0.0408722 0.00674072 -0.0153733 -0.0196657 -0.0232767 -0.0116324 0.012528  0 0 0 0 0 0 0 1 0 0 0 0 0 0 0 0 0 0
FAM363 D2003005755 -0.024489 -0.0112101 0.0132214 -0.0170609 -0.0139031 0.0222943 0.00951729 0.000818566 -0.00183687 -0.0137009  1 0 0 0 0 0 0 0 0 0 0 0 0 0 0 0 0 0
FAM364 D2003005756 -0.0200817 -0.0108195 0.0321184 -0.00491391 0.000133682 0.00813258 -1.49731e-05 -0.00638832 -0.00224819 -0.0178306  1 0 0 0 0 0 0 0 0 0 0 0 0 0 0 0 0 0
FAM365 D2003005757 -0.00187009 0.00782323 0.00291391 0.0190343 -0.00939102 -0.00147977 0.00885421 0.00458938 0.00879088 -0.0171367  0 0 0 0 0 0 0 0 0 0 0 0 0 0 0 0 0 0
FAM366 D2003005758 -0.00159621 0.0043562 0.00830185 0.0279541 -0.000782527 -0.00844852 0.0168917 0.00907098 0.00658073 -0.00458725  0 0 0 0 0 0 0 0 0 0 0 0 0 0 0 0 0 0
FAM367 D2003005759 -0.00773868 -0.0109948 0.0517598 0.0115421 0.015359 -0.0194629 -0.012602 0.00988079 0.0185859 -0.0195202  0 0 0 0 0 0 0 1 0 0 0 0 0 0 0 0 0 0
FAM368 D2003005760 -0.00755341 0.00680683 0.00338203 0.0299921 -0.00156208 0.00226878 0.0206948 0.00458967 0.00700091 -0.00245337  0 0 0 0 0 0 0 0 0 0 0 0 0 0 0 0 0 0
FAM369 D2003005763 -0.00367336 0.0122938 0.0249974 0.0206143 -0.00509551 0.0012733 -0.0137503 -0.0219657 -0.0310984 0.0218422  0 0 0 0 0 0 0 0 0 1 0 0 0 0 0 0 0 0
FAM370 D2003005764 -0.00413212 0.0111757 0.0260566 0.0202211 -0.00468648 0.000930227 -0.0138053 -0.0217404 -0.0301334 0.0201593  0 0 0 0 0 0 0 0 0 1 0 0 0 0 0 0 0 0
FAM371 D2003005765 -0.0232646 -0.0159545 -0.0112932 0.0015191 0.004153 0.0102273 -0.0182449 0.010513 -0.00141436 -0.0088563  1 0 0 0 0 0 0 0 0 0 0 0 0 0 0 0 0 0
FAM372 D2003005769 -0.00225716 0.0126483 0.011398 0.0052613 -0.0090045 0.00692586 -0.00791007 -0.00655837 -0.023861 0.0116876  0 0 0 0 0 0 0 0 0 0 0 0 0 0 0 0 0 0
FAM373 D2003005770 -0.00275475 0.0142946 0.0159889 0.0159411 0.0114824 -0.0106211 -0.00614416 -0.00652894 -0.0124131 0.0225877  0 0 0 0 0 0 0 0 0 0 0 0 0 0 0 0 0 0
FAM374 D2003005771 0.00417309 0.0969003 -0.00793299 -0.0443571 0.0534018 0.0252851 -0.0121046 0.0290817 0.0166923 -0.00253948  0 0 0 0 0 0 0 0 0 0 0 0 0 0 0 0 0 1
FAM375 D2003005792 -0.016598 0.00268421 0.0312662 -0.000415046 -0.0091851 0.0124794 -0.0181414 6.26054e-07 -0.0164363 0.0160028  0 0 0 0 0 0 0 0 0 1 0 0 0 0 0 0 0 0
FAM376 D2003005797 -0.0119337 0.0211942 0.0237923 -0.0299037 0.0131113 0.0113949 -0.0187479 0.00963214 -0.00574139 -0.00223579  0 0 0 0 0 0 0 0 0 1 0 0 0 0 0 0 0 0
FAM377 D2003005804 -0.01872 -0.000686741 0.0416499 0.0043507 -0.0097969 0.0266263 -0.0327367 -0.015558 -0.0652679 0.0516247  0 0 0 0 0 0 0 0 0 1 0 0 0 0 0 0 0 0
FAM378 D2003005814 -0.00503236 0.00246715 0.0225877 0.0171709 -0.00376807 -0.00173269 0.00310926 0.000738126 -0.00550759 -0.00147832  0 0 0 0 0 0 0 0 0 0 0 0 0 0 0 0 0 0
FAM379 D2003005822 -0.0159346 -0.0114546 0.0124735 -0.0263078 -0.00833608 -0.0121093 0.00812753 0.0125188 0.0162253 0.00476019  0 0 0 0 0 0 0 0 0 0 0 0 0 0 0 0 0 0
FAM380 D2003005825 -0.00988647 0.0340897 0.00741051 -0.0195671 0.0150546 0.00617917 0.0102444 -0.000579086 0.00600074 -0.00889603  0 0 0 0 0 0 0 0 0 0 0 0 0 0 0 0 0 1
FAM381 D2003005829 -0.00985717 0.0218586 -0.00682794 0.0207359 -0.0468679 0.0373538 0.00240712 0.0462214 0.0218153 0.00934263  0 0 0 0 0 1 0 0 0 0 0 0 0 0 0 0 0 0
FAM382 D2003005832 -0.000855562 0.00403717 0.0100267 0.0260277 0.00730627 -0.0049191 0.0267706 -0.00225745 -0.000430014 -0.00647478  0 0 0 0 0 0 0 0 0 0 0 0 0 0 0 0 0 0
FAM383 D2003005836 -0.00735826 0.0258436 0.0208639 0.0213862 0.0171674 0.00184017 -0.00184979 -0.00219266 0.00538505 -0.00232709  0 0 0 0 0 0 0 1 0 0 0 0 0 0 0 0 0 0
FAM384 D2003005841 -0.0258454 -0.0100084 0.00712677 -0.00363227 -0.00241326 0.0199304 0.0274776 0.00385924 0.0163186 -0.0232205  0 0 0 0 0 1 0 0 0 0 0 0 0 0 0 0 0 0
FAM385 D2003005842 -0.023838 -0.0160532 0.0173835 -0.0209081 -0.00857754 0.00876339 -0.0131713 -0.00139869 -0.000676343 -0.0107338  0 0 0 0 0 0 0 0 1 0 0 0 0 0 0 0 0 0
FAM386 D2003005843 -0.0127981 0.0277644 -0.0151872 0.0172185 -0.0462912 0.0276811 0.00193835 -0.00714639 0.00869647 -0.0280914  0 0 0 0 0 1 0 0 0 0 0 0 0 0 0 0 0 0
FAM387 D2003005844 -0.0126719 0.0277657 -0.015427 0.017372 -0.0465883 0.0274598 0.00205926 -0.00689854 0.00880222 -0.0278511  0 0 0 0 0 1 0 0 0 0 0 0 0 0 0 0 0 0
FAM388 D2003005860 -0.00295733 0.0161664 0.00716935 0.0237764 -0.00499911 -0.0126584 0.0128814 -0.0137367 0.0143564 -0.0266652  0 0 0 0 0 0 1 0 0 0 0 0 0 0 0 0 0 0
FAM389 D2003005861 -0.00565335 0.00358176 0.0138464 0.0412851 0.0181251 -0.0153534 0.0210172 0.000309748 0.0165541 -0.00292352  0 0 0 0 0 0 0 1 0 0 0 0 0 0 0 0 0 0
FAM390 D2003005862 -0.00118573 0.016459 0.0125047 -0.000948182 0.00287177 0.00412301 -0.00540668 -0.0057872 -0.0271952 0.0154444  0 0 0 0 0 0 0 0 0 1 0 0 0 0 0 0 0 0
FAM391 D2003005864 -0.0144333 -0.00323083 0.00973421 0.0190171 0.0108544 0.00824331 0.0226216 -0.00687892 -0.00710596 -0.00420517  0 0 0 0 0 0 0 0 0 0 0 0 0 0 0 0 0 0
FAM392 D2003005865 -0.0194899 0.00388608 -0.0145479 0.0245119 -0.00767538 0.0135214 0.040914 -0.0176388 0.00129626 -0.0193608  0 0 0 0 0 0 0 0 0 0 0 0 0 0 0 0 0 0
FAM393 D2003005869 -0.00206208 0.00233558 0.0108039 0.0234063 0.00701716 -0.0115536 0.0238148 -0.000598634 0.00454509 -0.0144298  0 0 0 0 0 0 0 0 0 0 0 0 0 0 0 0 0 0
FAM394 D2003005873 -0.00705497 0.0359367 -0.00751739 -0.00379999 -0.00734367 0.00306878 0.00382807 -0.0388837 -0.00887191 -0.0256242  0 0 0 0 0 0 1 0 0 0 0 0 0 0 0 0 0 0
FAM395 D2003005875 -0.00305688 0.0112717 0.0245251 0.0245783 0.00214535 -0.017288 -0.0095138 -0.0028217 0.00338939 0.0038397  0 0 0 0 0 0 0 1 0 0 0 0 0 0 0 0 0 0
FAM396 D2003005876 -0.0173327 -0.00922436 0.0436758 -0.0125979 -0.00413728 0.00892389 -0.0197794 -0.00151981 -0.0193125 0.00868099  0 0 0 0 0 0 0 0 0 1 0 0 0 0 0 0 0 0
FAM397 D2003005881 -0.00857135 0.00809697 0.00278175 0.00228286 -0.0165604 0.00577692 0.0107055 0.0142715 0.012432 0.00257668  0 0 0 0 0 1 0 0 0 0 0 0 0 0 0 0 0 0
FAM398 D2003005940 -0.00150188 0.000347907 -0.00536366 -0.00112142 -0.00807963 -0.014129 0.00475322 -0.00194442 -0.00267904 0.0116803  0 0 1 0 0 0 0 0 0 0 0 0 0 0 0 0 0 0
FAM399 D2003005941 -0.0205103 -0.0219035 0.0322697 -0.0335936 0.00123288 0.00567457 -0.00693682 0.0107733 0.00545016 -0.0183696  0 0 0 0 0 0 0 0 1 0 0 0 0 0 0 0 0 0
FAM400 D2003005942 -0.021784 -0.00767303 0.0225121 -4.50966e-05 0.00893097 -0.0158306 0.0291673 -0.0113678 0.0294519 -0.0207469  1 0 0 0 0 0 0 0 0 0 0 0 0 0 0 0 0 0
FAM401 D2003005943 -0.0183268 -0.0128689 0.0201402 -0.00690033 0.00928686 0.00118627 0.022522 0.0020366 0.00781974 -0.00311761  0 0 0 0 0 0 0 0 0 0 0 0 0 0 0 0 0 0
FAM402 D2003005944 -0.0255906 -0.0275839 0.0399054 -0.0463762 -0.000840955 0.0107893 -0.0156001 0.00960446 -0.00125623 -0.0143584  0 0 0 0 0 0 0 0 1 0 0 0 0 0 0 0 0 0
FAM403 D2003005945 -0.00279827 0.00188584 -0.0126988 -0.00402141 -0.0123622 -0.0192812 0.0137548 -0.00240519 0.00311474 0.0193249  0 0 1 0 0 0 0 0 0 0 0 0 0 0 0 0 0 0
FAM404 D2003005946 0.000771067 0.00523473 0.0225048 0.0333293 0.0110971 -0.0389076 0.0010586 0.00343322 0.0275407 0.0159336  0 0 0 0 0 0 0 1 0 0 0 0 0 0 0 0 0 0
FAM405 D2003005947 -0.0120311 0.00729152 -0.0161388 0.000362727 -0.0283011 -0.0162089 0.0135768 -0.0551894 -0.00155517 -0.0419198  0 0 0 0 0 0 1 0 0 0 0 0 0 0 0 0 0 0
FAM406 D2003005948 -0.0115583 0.00180239 -0.0141748 0.00708045 -0.0259813 -0.00800159 -0.00859892 0.0179924 0.02002 0.00861731  0 0 1 0 0 0 0 0 0 0 0 0 0 0 0 0 0 0
FAM407 D2003005949 -0.00475171 0.050597 -0.00996239 -0.0208406 0.0144813 0.0101254 -0.0118105 0.0248138 0.019595 0.00197874  0 0 0 0 0 0 0 0 0 0 0 0 0 0 0 0 0 1
FAM408 D2003005950 -0.0270333 -0.0299616 0.0388456 -0.0491869 -0.00151398 0.00633344 -0.0110443 0.00763696 0.00176661 -0.0141365  0 0 0 0 0 0 0 0 1 0 0 0 0 0 0 0 0 0
FAM409 D2003005951 -0.0118355 0.00128173 -0.0135692 0.00642955 -0.0259353 -0.00776664 -0.00899533 0.0179359 0.0198761 0.00830553  0 0 1 0 0 0 0 0 0 0 0 0 0 0 0 0 0 0
FAM410 D2003005952 -0.0168308 -0.0060545 0.0107578 -0.0063616 0.00249218 -0.0102172 0.0252862 -0.0106926 0.0170279 -0.0118257  1 0 0 0 0 0 0 0 0 0 0 0 0 0 0 0 0 0
FAM411 D2003005953 -0.00768299 0.00471291 -0.0116896 -0.00887162 -0.0161267 -0.0293687 0.0152597 -0.00210973 0.0079049 0.0329669  0 1 0 0 0 0 0 0 0 0 0 0 0 0 0 0 0 0
FAM412 D2003005954 0.00415078 0.0195362 -0.0101846 -0.00501088 -0.00739792 -0.00426148 -0.000153422 -0.0112708 -0.00694755 -0.00601286  0 0 0 0 0 0 0 0 0 0 0 0 0 0 0 0 0 0
FAM413 D2003005955 -0.00602475 0.00963936 -0.00191942 0.0220746 -0.0297173 0.0155737 4.0855e-05 0.0209219 0.0104537 0.000238043  0 0 0 0 0 0 0 0 0 0 0 0 0 0 0 0 0 0
FAM414 D2003005956 0.00331923 0.0133695 -0.0100635 -0.00722033 0.00152526 -0.00546226 0.0061541 0.0019188 -0.00535577 0.0116952  0 0 1 0 0 0 0 0 0 0 0 0 0 0 0 0 0 0
FAM415 D2003005957 0.00164248 0.00699788 -0.0169827 -0.00368998 -0.0194539 -0.0137551 0.00261992 -0.000389889 0.000136104 0.00876152  0 0 0 0 0 0 0 0 0 0 0 0 0 0 0 0 0 0
FAM416 D2003005958 0.0164974 0.00254554 0.000321069 -0.00420811 0.00268068 -0.00765745 0.00183086 0.0105627 -0.0125678 -0.00773482  0 0 0 0 0 0 0 0 0 0 0 0 0 0 0 0 1 0
FAM417 D2003005959 0.0161908 0.00186035 0.000502484 -0.00438618 0.00195192 -0.00764001 0.00184293 0.0098614 -0.0123975 -0.00819972  0 0 0 0 0 0 0 0 0 0 0 0 0 0 0 0 1 0
FAM418 D2003005960 -0.000630098 0.0254371 -0.0106898 -0.00379682 -0.00187596 -0.00117195 0.0159042 -0.0308204 -0.0085789 -0.0201311  0 0 0 0 0 0 0 0 0 0 0 0 0 0 0 0 0 0
FAM419 D2003005961 0.00656011 0.022901 -0.0115323 -0.00860826 0.0107009 -0.00177066 0.0188596 0.00559144 -0.00364419 0.0108399  0 0 0 0 0 0 0 0 0 0 0 0 0 0 0 0 0 0
FAM420 D2003005962 -0.0174126 -0.00526106 0.0243246 -0.0150753 -0.0084782 0.00675495 -0.0127005 -0.00493055 -0.00485215 -0.00256829  0 0 0 0 0 1 0 0 0 0 0 0 0 0 0 0 0 0
FAM421 D2003005963 0.000802685 0.0570081 0.027337 0.0138683 0.0406253 -0.00907064 -0.0163632 0.0158785 0.0309565 0.000690341  0 0 0 0 0 0 0 0 0 0 0 0 0 0 0 0 0 1
FAM422 D2003005964 -0.000785843 0.0137629 0.0561176 0.0729098 0.0230941 -0.0441216 -0.0154469 0.00152382 0.0406594 0.00630612  0 0 0 0 0 0 0 1 0 0 0 0 0 0 0 0 0 0
FAM423 D2003005965 -0.00959961 0.0401101 0.0220353 -0.0138215 0.00711649 0.0288505 -0.0309814 -0.0319228 -0.0598112 0.0193113  0 0 0 0 0 0 0 0 0 1 0 0 0 0 0 0 0 0
FAM424 D2003005966 -0.00116813 0.0761509 -0.00824215 -0.0272109 0.0264798 0.018415 -0.00803277 -0.0209877 -0.0113019 -0.0201507  0 0 0 0 0 0 0 0 0 0 0 0 0 0 0 0 0 1
FAM425 D2003005968 0.00433099 0.00539405 -0.00393802 -0.00492978 -0.00121411 -0.0116001 0.00160733 0.00541236 0.000741231 0.00364383  0 0 1 0 0 0 0 0 0 0 0 0 0 0 0 0 0 0
FAM426 D2003005969 0.00646576 0.00958265 -0.00697823 -0.00349642 -0.00949057 -0.0068537 -0.00504346 -0.0206586 -0.0163446 -0.014312  0 0 0 0 0 0 0 0 0 0 0 0 0 0 0 0 1 0
FAM427 D2003005970 -0.00361654 0.0333739 0.0213454 0.0281553 0.0110487 -0.00708202 -0.0102854 -0.00214655 0.0130761 0.00204852  0 0 0 0 0 0 0 0 0 0 0 0 0 0 0 0 0 1
FAM428 D2003005971 -0.00682449 0.0203955 -0.00524412 0.00478264 -0.0128034 -0.00482279 0.0118373 -0.0353327 -0.00256002 -0.0193396  0 0 0 0 0 0 1 0 0 0 0 0 0 0 0 0 0 0
FAM429 D2003005972 0.0034077 0.0308492 -0.00750968 -0.0110334 0.00418246 -0.00263045 0.00984076 -0.00276484 -0.00258603 0.00485986  0 0 0 0 0 0 0 0 0 0 0 0 0 0 0 0 0 1
FAM430 D2003005982 -0.00294904 0.00442558 -0.0121174 -0.00130986 -0.0105726 -0.0195192 0.0128842 -0.00289034 0.00128072 0.0147865  0 0 1 0 0 0 0 0 0 0 0 0 0 0 0 0 0 0
FAM431 D2003005983 -0.0256055 -0.0147266 0.0237186 -0.0303426 -0.0105095 0.00574053 -0.00869741 -0.0265531 -0.00699625 -0.0360855  0 0 0 0 0 0 0 0 1 0 0 0 0 0 0 0 0 0
FAM432 D2003005984 0.00900415 0.0700859 -0.00493979 -0.0318135 0.0360063 0.00355207 -0.00338824 0.0135288 0.00822612 0.00173806  0 0 0 0 0 0 0 0 0 0 0 0 0 0 0 0 0 1
FAM433 D2003005985 0.00842558 0.0191417 -0.00539153 -0.013348 0.00515241 -0.00978139 0.0089725 0.005869 -0.00218211 0.0110193  0 0 0 0 0 0 0 0 0 0 0 0 0 0 0 0 0 0
FAM434 D2003005986 -0.00851095 0.00914937 -0.00284362 0.00156409 -0.0133835 -0.00251986 0.0120489 0.00183752 0.0116424 -0.00714591  0 0 0 0 0 1 0 0 0 0 0 0 0 0 0 0 0 0
FAM435 D2003005987 -0.00104992 0.0101351 0.0055646 -0.0090112 -0.000219091 -0.006895 -0.00414906 0.000358372 -0.0208898 0.0305429  0 0 0 0 0 0 0 0 0 0 0 0 0 0 0 0 0 0
FAM436 D2003005989 -0.00611882 0.00437995 -0.0121085 0.00153764 -0.0141253 -0.003959 -0.000893533 0.0107122 0.00512379 0.0136642  0 0 0 0 0 1 0 0 0 0 0 0 0 0 0 0 0 0
FAM437 D2003005990 0.00961042 0.0183981 -0.00809493 -0.00840778 0.00231493 -0.0134589 0.0138039 0.00506362 0.0001083 0.0195603  0 0 0 0 0 0 0 0 0 0 0 0 0 0 0 0 0 0
FAM438 D2003005991 0.00414755 0.0119547 -0.00751845 -0.0058024 -0.00662933 -0.0128884 0.00985274 0.00638539 0.00510704 0.0144492  0 0 0 0 0 0 0 0 0 0 0 0 0 0 0 0 0 0
FAM439 D2003005992 -0.0156817 0.0216024 -0.020012 0.018492 -0.0525135 0.020251 0.0110651 -0.0432197 0.0015025 -0.058112  0 0 0 0 0 0 1 0 0 0 0 0 0 0 0 0 0 0
FAM440 D2003005993 -0.00471147 0.0108713 -0.016641 0.00713725 -0.029798 0.0131108 0.000277991 0.0329024 0.0122118 0.0150495  0 0 0 0 0 1 0 0 0 0 0 0 0 0 0 0 0 0
FAM441 D2003005994 -0.00666428 -0.000716873 -0.00666393 -0.00418665 -0.00943767 -0.0102171 0.00450058 -0.000358107 0.000310829 0.00971718  0 0 1 0 0 0 0 0 0 0 0 0 0 0 0 0 0 0
FAM442 D2003005995 -0.0183175 -0.00680494 0.00675481 -0.0122897 -0.0114897 0.0201729 0.0103135 0.0176419 0.00715349 -0.00538361  0 0 0 0 0 1 0 0 0 0 0 0 0 0 0 0 0 0
FAM443 D2003005996 -0.00656027 0.0058689 -0.0101478 -0.00239537 -0.0138539 -0.0108071 0.00522705 0.00214432 0.00483676 0.0135689  0 0 0 0 0 0 0 0 0 0 0 0 0 0 0 0 0 0
FAM444 D2003005997 -0.0123873 0.0120987 -0.00713533 0.0175427 -0.0278293 0.0138619 0.0101824 0.00887125 0.0144494 -0.00225788  0 0 0 0 0 1 0 0 0 0 0 0 0 0 0 0 0 0
FAM445 D2003005998 -0.000325121 0.0116005 0.00359296 -0.0118842 -0.00110374 -0.00219839 -0.008469 -0.00415509 -0.0242099 0.0218834  0 0 0 0 0 0 0 0 0 0 0 0 0 0 0 0 0 0
FAM446 D2003005999 -0.00901981 0.00458539 -0.00908791 -0.0052715 -0.0153971 -0.0132217 0.0133571 -0.00741085 0.00649872 -0.000936336  0 0 0 0 0 0 0 0 0 0 0 0 0 0 0 0 0 0
FAM447 D2003006000 -0.019065 -0.00593819 0.0274744 -0.0146011 -0.0104886 0.00927343 -0.0126319 -0.0155575 -0.0191088 -0.00117353  1 0 0 0 0 0 0 0 0 0 0 0 0 0 0 0 0 0
FAM448 D2003006001 0.00186955 0.0102776 -0.00550287 -0.00208318 -0.00350819 -0.0141512 0.00429419 0.00120722 0.00405452 0.00821798  0 0 0 0 0 0 0 0 0 0 0 0 0 0 0 0 0 0
FAM449 D2003006002 -0.00544156 0.010175 0.0101029 -0.0182397 0.00249383 -0.000742806 -0.00906035 0.00269171 -0.0178253 0.0223309  0 0 0 0 0 0 0 0 0 0 0 0 0 0 0 0 0 0
FAM450 D2003006003 -0.00208572 0.0144506 -0.000226786 -0.0132613 -0.000971797 0.00190573 0.000986328 -0.00307222 -0.00528428 -0.00342461  0 0 0 0 0 0 0 0 0 0 0 0 0 0 0 0 0 0
FAM451 D2003006004 -0.00878324 0.00771898 -0.0108885 0.00762205 -0.0331904 0.0152756 0.00609093 0.0304206 0.0167357 0.00750726  0 0 0 0 0 1 0 0 0 0 0 0 0 0 0 0 0 0
FAM452 D2003006005 0.000580543 0.0142271 0.00335173 -0.0105401 0.00250719 -0.00364475 -0.0067934 0.00407818 -0.019459 0.0257042  0 0 0 0 0 0 0 0 0 0 0 0 0 0 0 0 0 0
FAM453 D2003006006 -0.00606756 0.00672659 -0.00823685 -0.00264622 -0.00869987 -0.0133544 0.00660718 -0.0137344 0.00375145 -0.00769096  0 0 0 0 0 0 0 0 0 0 0 0 0 0 0 0 0 0
FAM454 D2003006011 0.0045673 0.00856416 0.00734134 0.0132678 0.00529454 -0.0124803 0.000281288 0.0126508 0.015228 0.00337189  0 0 0 0 0 0 0 0 0 0 0 0 0 0 0 0 0 0
FAM455 D2003006013 -0.0152557 0.00416252 0.0076271 -0.0129013 -0.014327 0.0148848 -1.23107e-05 -0.00215957 -0.00191457 -0.014185  0 0 0 0 0 0 1 0 0 0 0 0 0 0 0 0 0 0
FAM456 D2003006016 -0.0147258 0.00880669 -0.00107181 0.0127754 -0.032383 0.020397 0.00807899 0.0167353 0.0134268 0.0019191  0 0 0 0 0 0 0 0 0 0 0 0 0 0 0 0 0 0
FAM457 D2003006018 -0.00549548 0.00780298 -0.00251184 -0.00859147 -0.00755518 -0.006582 0.00741933 -0.0158297 -0.00508907 -0.00152416  0 0 0 0 0 0 0 0 0 0 0 0 0 0 0 0 0 0
FAM458 D2003006023 -0.00916384 0.0123119 -0.0159093 -0.0002223 -0.0227874 -0.0142982 0.00314197 -0.0570476 -0.00611316 -0.0421102  0 0 0 0 0 0 1 0 0 0 0 0 0 0 0 0 0 0
FAM459 D2003006027 -0.00648838 0.00950936 0.0496177 0.0614208 0.0152176 -0.0286207 -0.010069 0.00941508 0.0395974 -0.0038311  0 0 0 0 0 0 0 1 0 0 0 0 0 0 0 0 0 0
FAM460 D2003006032 -0.0158692 0.0166543 -0.0155686 0.0296977 -0.0597016 0.0519394 -0.0052247 0.0625406 0.0273051 0.00449745  0 0 0 0 0 1 0 0 0 0 0 0 0 0 0 0 0 0
FAM461 D2003006033 -0.0224564 -0.0131687 0.0361878 -0.0196634 -0.00649545 0.0191442 -0.0237119 -0.00192912 -0.0313643 0.0220488  0 0 0 0 0 0 0 0 0 1 0 0 0 0 0 0 0 0
FAM462 D2003006034 -0.0116104 0.00606536 0.00727577 0.00111522 -0.0165697 0.00387768 0.00178299 0.00987626 0.000748334 0.018337  0 0 1 0 0 0 0 0 0 0 0 0 0 0 0 0 0 0
FAM463 D2003006036 -0.0160443 0.0030502 -0.00179372 0.0138294 -0.0401343 0.0364222 -0.00958349 0.0445686 0.0173087 -9.83601e-05  0 0 0 0 0 1 0 0 0 0 0 0 0 0 0 0 0 0
FAM464 D2003006046 0.00663819 0.0405534 -0.0076607 -0.0218285 0.0193033 -0.00105038 0.00278616 0.0138665 0.0033725 0.00887689  0 0 0 0 0 0 0 0 0 0 0 0 0 0 0 0 0 0
FAM465 D2003006050 -0.0116507 0.00322399 0.00240441 1.96774e-05 -0.0195279 -0.00183418 0.0194563 -0.0125468 0.0130586 -0.016126  0 0 0 0 0 0 1 0 0 0 0 0 0 0 0 0 0 0
FAM466 D2003006054 -0.000339574 0.00187657 0.0112882 0.0165676 -0.00126006 -0.0148205 0.000822035 -0.00105113 0.00440974 -0.0175765  0 0 0 0 0 0 0 0 0 1 0 0 0 0 0 0 0 0
FAM467 D2003006056 -0.00208041 0.0448659 0.000953105 -0.00100066 0.00172648 0.0144448 0.000147977 0.0075002 -0.000170583 0.00583949  0 0 0 0 0 0 0 0 0 0 0 0 0 0 0 0 0 1
FAM468 D2003006063 -0.0149125 -0.00560689 0.0155361 -0.00481263 0.00253581 -0.0168718 0.0140136 -0.00963266 0.019319 -0.0108814  1 0 0 0 0 0 0 0 0 0 0 0 0 0 0 0 0 0
FAM469 D2003006067 -0.010039 -0.0050652 -0.000942304 -0.0152032 -0.0117845 -0.0162305 0.00944043 -0.00469194 0.00701278 0.00288086  0 0 0 0 0 0 0 0 0 0 0 0 0 0 0 0 0 0
FAM470 D2003006077 0.00392496 0.0679503 -0.00540346 -0.0313325 0.0301692 0.0145629 -0.00492159 0.021412 0.0119573 0.000986706  0 0 0 0 0 0 0 0 0 0 0 0 0 0 0 0 0 1
FAM471 D2003006089 -0.0154727 -0.0116404 0.00452857 -0.0208886 -0.00656511 -0.0160427 0.0140484 0.00464749 0.011273 0.00872532  1 0 0 0 0 0 0 0 0 0 0 0 0 0 0 0 0 0
FAM472 D2003006090 -0.00710714 0.00258594 -0.0136693 0.00195313 -0.0183929 -0.0134567 0.00045964 -0.00645058 0.00192878 0.0046415  0 0 0 0 0 1 0 0 0 0 0 0 0 0 0 0 0 0
FAM473 D2003006091 -0.0170288 -0.00744126 0.00870022 -0.00468883 0.00242771 -0.0122438 0.0257664 -0.00841891 0.0161559 -0.00917915  1 0 0 0 0 0 0 0 0 0 0 0 0 0 0 0 0 0
FAM474 D2003006093 -0.0224259 -0.00521617 0.0206334 0.00199883 -0.00376365 0.0014944 0.0212922 0.000424209 0.0205871 -0.00387005  1 0 0 0 0 0 0 0 0 0 0 0 0 0 0 0 0 0
FAM475 D2003006094 -0.0178738 0.0178891 -0.016407 0.0327932 -0.0695597 0.0557471 -0.00549626 0.0605271 0.0270713 -0.000457672  0 0 0 0 0 1 0 0 0 0 0 0 0 0 0 0 0 0
FAM476 D2003006095 -0.0289825 -0.0314652 0.047081 -0.0527501 -7.92036e-05 0.015274 -0.0189397 0.0101275 -0.00291526 -0.0182958  0 0 0 0 0 0 0 0 1 0 0 0 0 0 0 0 0 0
FAM477 D2003006096 -0.023771 -0.0171519 -0.0387699 0.0167238 0.0265963 -0.00970215 -0.043353 0.0119452 -0.000356577 0.0072725  0 0 0 0 0 0 0 0 0 0 0 0 0 0 0 0 0 0
FAM478 D2003006097 -0.0219979 -0.00924622 0.0156717 -0.0136548 -0.0067541 -0.0151563 0.0156341 -0.0187728 0.0133085 -0.0115887  1 0 0 0 0 0 0 0 0 0 0 0 0 0 0 0 0 0
FAM479 D2003006098 -0.0125478 0.000980184 -0.00950943 -0.00118257 -0.0166145 -0.013626 0.0126652 -0.0196576 -0.000278297 -0.003089  0 0 1 0 0 0 0 0 0 0 0 0 0 0 0 0 0 0
FAM480 D2003006099 -0.0171928 -0.00145831 -0.0191976 0.0207541 0.00161416 0.0139535 0.0353407 0.0112293 0.00123276 0.00956622  0 0 0 0 1 0 0 0 0 0 0 0 0 0 0 0 0 0
FAM481 D2003006100 -0.0245823 -0.0235836 0.0263208 -0.0408708 0.00285047 -0.0135077 0.0234705 0.0116116 0.0264668 -0.00506233  1 0 0 0 0 0 0 0 0 0 0 0 0 0 0 0 0 0
FAM482 D2003006101 -0.0187978 -0.000480745 -0.0203896 0.0154811 0.00136903 -0.00874809 -0.0151639 -0.0292648 -0.00333906 -0.0204912  0 0 0 0 0 0 0 0 0 0 0 0 0 0 0 0 0 0
FAM483 D2003006102 -0.0254178 -0.0278993 0.0418001 -0.0489333 -0.000954866 0.0106634 -0.0156291 0.00952387 -0.000897342 -0.0151404  0 0 0 0 0 0 0 0 1 0 0 0 0 0 0 0 0 0
FAM484 D2003006103 -0.00884782 0.00998136 -0.0175647 0.00381353 -0.025334 -0.00888432 0.00636355 -0.0569069 -0.00503419 -0.0473336  0 0 0 0 0 0 1 0 0 0 0 0 0 0 0 0 0 0
FAM485 D2003006104 -0.0286395 -0.023462 0.0309522 -0.0288472 0.0140867 0.00928179 0.0398679 0.00372475 0.0183674 -0.0186434  1 0 0 0 0 0 0 0 0 0 0 0 0 0 0 0 0 0
FAM486 D2003006105 -0.0181965 0.0079617 0.0376312 0.0548444 0.0133714 -0.0111599 0.00263456 0.0019506 0.02919 0.00982351  0 0 0 0 0 0 0 1 0 0 0 0 0 0 0 0 0 0
FAM487 D2003006106 -0.0236252 -0.0180432 0.0244905 -0.0339432 -0.0102055 -0.00165525 -0.00513613 -0.00746161 0.00528235 -0.0180353  0 0 0 0 0 0 0 0 1 0 0 0 0 0 0 0 0 0
FAM488 D2003006107 -0.017539 -0.0124468 -0.0414456 0.00576942 0.020473 -0.0253708 -0.051706 0.00972278 0.00124731 0.0174035  0 0 0 1 0 0 0 0 0 0 0 0 0 0 0 0 0 0
FAM489 D2003006108 -0.00593224 -0.00148735 0.000699851 0.0173616 0.00905159 -0.00749694 0.0214622 -0.00023888 0.000805535 0.0100067  0 0 0 0 0 0 0 0 0 0 0 0 0 0 0 0 0 0
FAM490 D2003006109 -0.0247181 -0.0233848 -0.00641804 -0.014764 0.0130063 -0.0077902 -0.0429846 0.0155269 0.00203658 -0.00194573  0 0 0 1 0 0 0 0 0 0 0 0 0 0 0 0 0 0
FAM491 D2003006110 -0.0096228 -0.00101031 -0.0047922 -6.56548e-05 -0.00746123 -0.0113902 0.0146025 -0.010136 -0.00197283 0.0163665  0 0 0 0 0 0 0 0 0 0 0 0 0 0 0 0 0 0
FAM492 D2003006111 -0.0245539 -0.0262344 0.035106 -0.0440479 4.18275e-05 0.00319117 -0.00809764 0.0101775 0.00610345 -0.0147503  0 0 0 0 0 0 0 0 1 0 0 0 0 0 0 0 0 0
FAM493 D2003006112 -0.0254763 -0.0279415 0.041868 -0.0490038 -0.000942068 0.0106963 -0.0156771 0.0095336 -0.000912411 -0.0151759  0 0 0 0 0 0 0 0 1 0 0 0 0 0 0 0 0 0
FAM494 D2003006113 -0.0262673 -0.0206865 -0.0544915 0.0151015 0.025797 -0.00465602 -0.0796017 0.0281008 0.00328338 0.00415195  0 0 0 1 0 0 0 0 0 0 0 0 0 0 0 0 0 0
FAM495 D2003006114 -0.0247877 -0.0165766 0.0255104 -0.0244334 0.00285156 0.000645144 0.0145857 0.00110282 0.0107993 -0.0036809  1 0 0 0 0 0 0 0 0 0 0 0 0 0 0 0 0 0
FAM496 D2003006115 -0.0225656 -0.00754214 -0.0190431 0.0300502 0.0204676 0.00407816 -0.000676334 0.00754422 0.00373236 0.00909394  0 0 0 0 0 0 0 0 0 0 0 0 0 0 0 0 0 0
FAM497 D2003006118 -0.0136833 0.0106963 -0.00768074 0.0153176 -0.0399027 0.0220519 -0.00040573 0.0171035 0.0142922 -0.00687409  0 0 0 0 0 1 0 0 0 0 0 0 0 0 0 0 0 0
FAM498 D2003006119 -0.0257418 -0.0227267 -0.00502958 -0.0203098 0.0171499 -0.017465 -0.03244 0.00470967 0.0120092 -0.00279332  0 0 0 1 0 0 0 0 0 0 0 0 0 0 0 0 0 0
FAM499 D2003006120 -0.0260128 -0.0285032 0.0414722 -0.0487739 -0.00335651 0.00862127 -0.0225443 0.00823637 6.73906e-05 -0.016613  0 0 0 0 0 0 0 0 1 0 0 0 0 0 0 0 0 0
FAM500 D2003006121 -0.0266287 -0.0180733 0.0271081 -0.0236154 0.00550427 -0.0138743 0.0271856 -0.00074756 0.029506 -0.0141255  1 0 0 0 0 0 0 0 0 0 0 0 0 0 0 0 0 0
FAM501 D2003006122 -0.0204998 -0.00580539 -0.00306405 0.00284595 0.000909391 0.00284689 0.0201255 -0.0126056 -0.000331919 -0.00127247  0 0 0 0 1 0 0 0 0 0 0 0 0 0 0 0 0 0
FAM502 D2003006123 -0.0163551 0.00641089 0.00656834 0.00897144 -0.0202842 0.00619578 0.00832272 0.00991755 0.0233122 0.00171803  1 0 0 0 0 0 0 0 0 0 0 0 0 0 0 0 0 0
FAM503 D2003006124 -0.0283794 -0.0279491 -0.0595671 0.0100607 0.0442321 -0.0225414 -0.0952772 0.0165312 0.000929133 0.00170313  0 0 0 1 0 0 0 0 0 0 0 0 0 0 0 0 0 0
FAM504 D2003006125 -0.0188681 0.0202718 -0.0242597 0.0255864 -0.070309 0.0528338 0.00390854 0.0271734 0.0205869 -0.0231784  0 0 0 0 0 1 0 0 0 0 0 0 0 0 0 0 0 0
FAM505 D2003006126 -0.0187231 0.0119812 -0.00356003 0.0161559 -0.0320632 0.0110219 0.000509722 -0.0214967 0.00981828 -0.0394099  0 0 0 0 0 1 0 0 0 0 0 0 0 0 0 0 0 0
FAM506 D2003006127 -0.0161909 0.00680873 0.00617774 0.00959535 -0.0204787 0.00623232 0.00872661 0.010009 0.0234846 0.0019095  1 0 0 0 0 0 0 0 0 0 0 0 0 0 0 0 0 0
FAM507 D2003006128 -0.0188592 0.0200177 -0.0178044 0.0382617 -0.0761764 0.0710138 -0.00646935 0.0745808 0.0325909 -0.00173174  0 0 0 0 0 1 0 0 0 0 0 0 0 0 0 0 0 0
FAM508 D2003006129 -0.0285658 -0.0301521 0.0398578 -0.0499995 0.00269844 0.0034221 0.00226801 0.0139367 0.014504 -0.0150948  1 0 0 0 0 0 0 0 0 0 0 0 0 0 0 0 0 0
FAM509 D2003006130 -0.0292415 -0.0289035 0.0450268 -0.0454802 0.00338713 0.0153014 -0.00473322 0.00226608 -4.59797e-06 -0.0220179  0 0 0 0 0 0 0 0 1 0 0 0 0 0 0 0 0 0
FAM510 D2003006132 -0.00887788 -0.00262556 -0.0152359 0.00243959 -0.00720024 -0.0150021 0.012466 -0.00075749 0.00466839 0.014856  0 0 1 0 0 0 0 0 0 0 0 0 0 0 0 0 0 0
FAM511 D2003006133 -0.00357204 0.0526269 -0.00841136 -0.0230974 0.0181808 0.00638146 -9.85056e-05 0.00379851 0.0134054 -0.0116025  0 0 0 0 0 0 0 0 0 0 0 0 0 0 0 0 0 1
FAM512 D2003006134 -0.0144561 0.016323 -0.0163764 0.0285656 -0.0637645 0.0538639 -0.00629644 0.05914 0.024184 0.00409381  0 0 0 0 0 1 0 0 0 0 0 0 0 0 0 0 0 0
FAM513 D2003006135 -0.0143264 -0.00250899 0.00391238 0.00537738 -0.000476839 0.000406174 0.00824072 0.0117947 0.00923338 0.0120372  0 0 0 0 1 0 0 0 0 0 0 0 0 0 0 0 0 0
FAM514 D2003006136 -0.0242081 -0.0204844 -0.0560117 0.0188852 0.0401812 -0.0112615 -0.0493874 0.0106695 -0.00570408 0.0105092  0 0 0 1 0 0 0 0 0 0 0 0 0 0 0 0 0 0
FAM515 D2003006137 -0.0116638 -0.00745887 -0.00529566 -0.00436052 -0.0052278 -0.0121143 0.0128279 0.00145146 0.00693078 0.00838754  0 0 1 0 0 0 0 0 0 0 0 0 0 0 0 0 0 0
FAM516 D2003006138 -0.0133369 0.00612034 -0.0138691 0.00407396 -0.0156751 -0.0145217 0.0184156 -0.0293584 0.00575203 -0.0189617  0 0 1 0 0 0 0 0 0 0 0 0 0 0 0 0 0 0
FAM517 D2003006139 -0.00456539 0.0533605 -0.0136737 -0.0265948 0.0390066 0.012994 -0.0169725 0.0181603 0.00889217 0.00529445  0 0 0 0 0 0 0 0 0 0 0 0 0 0 0 0 0 1
FAM518 D2003006140 -0.0277699 -0.0304624 0.0372066 -0.0487495 0.00390333 0.00308855 0.00286952 0.0138679 0.0127578 -0.0151476  0 0 0 0 0 0 0 0 1 0 0 0 0 0 0 0 0 0
FAM519 D2003006141 -0.00605462 0.0612516 -0.0114786 -0.017844 0.00741516 0.0266986 -0.0023786 0.00594447 0.0105915 -0.0164918  0 0 0 0 0 0 0 0 0 0 0 0 0 0 0 0 0 1
FAM520 D2003006142 -0.0114738 -0.0110932 0.0143996 -0.0176696 0.000806662 -0.011655 0.0124096 0.00878447 0.00987908 0.00261142  1 0 0 0 0 0 0 0 0 0 0 0 0 0 0 0 0 0
FAM521 D2003006143 -0.0263206 -0.018264 -0.0170082 -0.000803621 0.020104 -0.0176108 -0.0408274 0.00376254 0.0130208 -0.00227494  0 0 0 1 0 0 0 0 0 0 0 0 0 0 0 0 0 0
FAM522 D2003006144 -0.0250817 -0.0085907 -0.033936 0.0300335 0.0229397 0.00555619 0.00794882 -0.00368336 2.44082e-05 -0.00630723  0 0 0 0 0 0 0 0 0 0 0 0 0 0 0 0 0 0
FAM523 D2003006145 -0.00805164 0.00173387 -0.0128086 0.00227108 -0.0142417 -0.013265 0.00560347 -0.0226234 0.0042206 -0.0169456  0 0 0 0 0 0 1 0 0 0 0 0 0 0 0 0 0 0
FAM524 D2003006146 -0.0212563 -0.00131275 0.00456139 -0.000349075 -0.0146998 0.00119819 0.0294008 -0.0211601 0.0103898 -0.0254855  0 0 0 0 0 0 0 0 0 0 0 0 0 0 0 0 0 0
FAM525 D2003006148 -0.0170986 0.0158198 -0.0213238 0.0139242 -0.0474236 0.0156738 0.00701052 -0.029519 0.00271961 -0.0385251  0 0 0 0 0 0 1 0 0 0 0 0 0 0 0 0 0 0
FAM526 D2003006149 -0.0196756 -0.00741444 -0.0189365 0.0334076 0.0269551 0.0123669 0.0313391 0.00181048 -0.0137985 0.0272717  0 0 0 0 1 0 0 0 0 0 0 0 0 0 0 0 0 0
FAM527 D2003006150 -0.0176574 -0.0164363 0.0142216 -0.0294869 -0.00203217 -0.0157774 0.00563571 0.00464622 0.0183652 -0.00268996  1 0 0 0 0 0 0 0 0 0 0 0 0 0 0 0 0 0
FAM528 D2003006151 -0.0276302 -0.0298833 0.0437732 -0.0505526 0.000699275 0.00993922 -0.00980117 0.00986277 0.00137588 -0.0169495  0 0 0 0 0 0 0 0 1 0 0 0 0 0 0 0 0 0
FAM529 D2003006152 -0.00518476 0.00162746 -0.0106166 -0.00499715 -0.0145137 -0.0228197 0.0124292 0.000319211 0.00586772 0.0271463  0 0 1 0 0 0 0 0 0 0 0 0 0 0 0 0 0 0
FAM530 D2003006153 -0.0272563 -0.0292589 0.0414965 -0.0501916 0.000702235 0.00897451 -0.00766101 0.0108544 0.00372407 -0.0176292  0 0 0 0 0 0 0 0 1 0 0 0 0 0 0 0 0 0
FAM531 D2003006154 -0.000133995 0.0752424 -0.00171012 -0.0340146 0.0415034 0.019487 -0.00788131 0.0188656 0.0146291 -0.0085889  0 0 0 0 0 0 0 0 0 0 0 0 0 0 0 0 0 1
FAM532 D2003006155 -0.0251708 -0.0272256 0.0360317 -0.0469387 0.00156421 0.00649007 -0.00707139 0.0106833 0.00182481 -0.00950197  0 0 0 0 0 0 0 0 1 0 0 0 0 0 0 0 0 0
FAM533 D2003006156 -0.015512 0.00665074 -0.0152718 0.0184959 -0.0136293 0.00240521 0.0263707 -0.0234345 0.00388839 -0.0215762  0 0 0 0 0 0 0 0 0 0 0 0 0 0 0 0 0 0
FAM534 D2003006157 -0.0172155 0.0183882 -0.0204805 0.0337552 -0.076561 0.0670215 -0.00832832 0.0774965 0.0351981 -0.0021014  0 0 0 0 0 1 0 0 0 0 0 0 0 0 0 0 0 0
FAM535 D2003006158 -0.0132652 0.0042804 -0.0194931 0.00694887 -0.0216987 -0.00617733 -0.00356462 -0.0308935 0.000248863 -0.0268385  0 0 0 0 0 0 0 0 0 0 0 0 0 0 0 0 0 0
FAM536 D2003006159 -0.0179465 0.0178957 -0.0242678 0.0261792 -0.0656585 0.0517263 0.00273488 0.0350269 0.0206103 -0.0165296  0 0 0 0 0 1 0 0 0 0 0 0 0 0 0 0 0 0
FAM537 D2003006160 -0.0256106 -0.0234135 0.0283932 -0.0421696 0.000717162 -0.00338804 0.00793158 0.0124967 0.0204303 -0.0106949  1 0 0 0 0 0 0 0 0 0 0 0 0 0 0 0 0 0
FAM538 D2003006161 -0.0134066 0.0264683 0.010556 -0.0380565 0.031493 0.0172848 -0.0160898 0.0157014 0.00561435 -0.0149539  0 0 0 0 0 0 0 0 0 0 0 0 0 0 0 0 0 1
FAM539 D2003006162 -0.0278205 -0.0300447 0.044058 -0.0499405 -0.000635361 0.0130748 -0.0163489 0.0112728 -0.0010482 -0.0160897  0 0 0 0 0 0 0 0 1 0 0 0 0 0 0 0 0 0
FAM540 D2003006163 -0.0270941 -0.0156439 0.0371293 -0.0140677 0.00357746 0.00777471 0.00162836 -0.00278773 0.00796846 -0.0108143  0 0 0 0 0 0 0 0 1 0 0 0 0 0 0 0 0 0
FAM541 D2003006164 -0.0220862 -0.0235503 0.0352136 -0.0388158 0.00071679 0.00937231 -0.00945235 0.0101258 0.000600957 -0.0166052  0 0 0 0 0 0 0 0 1 0 0 0 0 0 0 0 0 0
FAM542 D2003006167 -0.0218995 -0.0133122 0.0256603 -0.0174654 -0.00116313 0.00185165 0.0207576 0.00671755 0.021993 -0.0103444  1 0 0 0 0 0 0 0 0 0 0 0 0 0 0 0 0 0
FAM543 D2003006174 -0.0197686 -0.00998534 0.0194362 -0.0127948 -0.00693799 -0.00505722 0.0138177 0.00605499 0.0151663 0.00865389  1 0 0 0 0 0 0 0 0 0 0 0 0 0 0 0 0 0
FAM544 D2003006175 -0.0156672 -0.00584517 -0.0169845 0.0210467 0.0105838 0.00492946 0.0112266 0.00528459 -0.00959283 0.0217102  0 0 0 0 1 0 0 0 0 0 0 0 0 0 0 0 0 0
FAM545 D2003006176 -0.0164913 0.0013385 -0.0115077 0.0264072 -0.00119213 0.011978 0.0392554 -0.000669193 0.00441953 -0.000760319  0 0 0 0 0 0 0 0 0 0 0 0 0 0 0 0 0 0
FAM546 D2003006177 -0.0203272 -0.0104607 -0.0360066 0.0119635 0.0117533 -0.0106726 -0.0431626 -0.0140376 -0.00778663 -0.0127965  0 0 0 1 0 0 0 0 0 0 0 0 0 0 0 0 0 0
FAM547 D2003006182 -0.0261089 -0.0214446 -0.0543992 0.0143068 0.0280081 -0.00740387 -0.0809684 0.0253774 0.00230067 0.00366145  0 0 0 1 0 0 0 0 0 0 0 0 0 0 0 0 0 0
FAM548 D2003006185 -0.0290387 -0.0245394 0.0324322 -0.0318563 0.0105285 0.00604816 0.0275453 0.0066184 0.0162301 -0.0125343  1 0 0 0 0 0 0 0 0 0 0 0 0 0 0 0 0 0
FAM549 D2003006186 -0.0234163 -0.0146447 0.0197575 -0.0148104 0.00149966 0.00430232 0.0240743 0.000732857 0.0142456 -0.0157246  1 0 0 0 0 0 0 0 0 0 0 0 0 0 0 0 0 0
FAM550 D2003006188 -0.00670795 0.0480982 -0.00359354 -0.0148903 0.0302068 0.0114266 0.00535204 0.00661649 0.00734111 0.00226717  0 0 0 0 0 0 0 0 0 0 0 0 0 0 0 0 0 1
FAM551 D2003006191 -0.0122356 0.00453386 -0.0192375 0.00581263 -0.0262828 0.000755671 0.00848762 0.0166366 0.0129264 0.0180683  0 1 0 0 0 0 0 0 0 0 0 0 0 0 0 0 0 0
FAM552 D2003006192 -0.0290879 -0.0292878 0.0448376 -0.046717 0.00224011 0.0156291 -0.00788984 0.00279047 -0.00129622 -0.0219815  0 0 0 0 0 0 0 0 1 0 0 0 0 0 0 0 0 0
FAM553 D2003006197 -0.00940616 0.0100552 -0.0015371 0.017022 -0.0336024 0.0165607 0.00392135 0.023086 0.00945074 0.00924556  0 0 0 0 0 1 0 0 0 0 0 0 0 0 0 0 0 0
FAM554 D2003006199 -0.00560664 0.00248631 -0.00969561 -0.00283385 -0.0114444 -0.0193846 0.0105027 -0.000149856 0.00533388 0.0202559  0 0 1 0 0 0 0 0 0 0 0 0 0 0 0 0 0 0
FAM555 D2003006200 -0.0145936 -0.00889608 -0.0266195 0.0122824 0.0146644 0.00345389 0.0152069 0.00740092 -0.00913595 0.0204711  0 0 0 0 1 0 0 0 0 0 0 0 0 0 0 0 0 0
FAM556 D2003006208 -0.0235585 -0.00991323 -0.0458594 0.010652 0.00982039 -0.0125495 -0.0538306 -0.0194542 -0.00227938 -0.0227833  0 0 0 1 0 0 0 0 0 0 0 0 0 0 0 0 0 0
FAM557 D2003006211 -0.0112005 0.0129172 -0.00741028 0.0161275 -0.0255337 0.00530151 0.00726336 -0.00755428 0.00449538 -0.000177663  0 0 0 0 0 1 0 0 0 0 0 0 0 0 0 0 0 0
FAM558 D2003006213 -0.0177438 0.0180179 -0.0232452 0.00979927 -0.0402028 -0.00140276 0.0118243 -0.0818797 -0.00966555 -0.0636622  0 0 0 0 0 0 1 0 0 0 0 0 0 0 0 0 0 0
FAM559 D2003006216 -0.0155063 0.0171148 -0.0169746 0.0330561 -0.067983 0.0603439 -0.00735556 0.0689509 0.0274984 0.00148367  0 0 0 0 0 1 0 0 0 0 0 0 0 0 0 0 0 0
FAM560 D2003006220 -0.00830534 0.0120087 -0.0130051 0.0141578 -0.0474729 0.0237714 0.00411693 0.0248361 0.0142826 -0.00553658  0 0 0 0 0 1 0 0 0 0 0 0 0 0 0 0 0 0
FAM561 D2003006229 -0.0250467 -0.0211783 -0.0474309 0.018423 0.0318052 -0.00558542 -0.0668601 0.0162949 -0.000545763 0.00119722  0 0 0 1 0 0 0 0 0 0 0 0 0 0 0 0 0 0
FAM562 D2003006239 -0.0157457 0.00728224 0.0195266 0.00890709 -0.0299688 0.0308124 -0.0180716 0.00616938 -0.0372573 0.0450696  0 0 1 0 0 0 0 0 0 0 0 0 0 0 0 0 0 0
FAM563 D2003006241 -0.005657 0.0152298 -0.011011 0.00443609 -0.0263871 0.0123163 0.00531665 -0.000984471 0.000700418 -0.0155644  0 0 0 0 0 0 1 0 0 0 0 0 0 0 0 0 0 0
FAM564 D2003006260 -0.00401803 0.0104655 0.0401194 0.062669 0.0233813 -0.0301456 -0.0013031 0.000142995 0.0310782 0.00680962  0 0 0 0 0 0 0 1 0 0 0 0 0 0 0 0 0 0
FAM565 D2003006282 -0.00958028 0.0162219 -0.0171151 0.000898192 -0.0227902 -0.0156399 0.0111471 -0.0522033 -0.00286817 -0.0296555  0 0 0 0 0 0 1 0 0 0 0 0 0 0 0 0 0 0
FAM566 D2003006296 -0.00664615 0.00643655 -0.0168528 -0.00457038 -0.0221231 -0.0222898 0.00208044 -0.0305929 -0.0016762 -0.00590551  0 0 1 0 0 0 0 0 0 0 0 0 0 0 0 0 0 0
FAM567 D2003006323 -0.00660535 0.00223714 0.022739 0.00642932 0.00383467 -0.00333814 -0.0061891 -0.00421036 -0.0126145 0.00819845  0 0 0 0 0 0 0 0 0 1 0 0 0 0 0 0 0 0
FAM568 D2003006334 0.0112269 0.026368 -0.00627761 -0.0116206 0.00368638 -0.00744363 0.00742837 -0.00209905 -0.00831897 0.00230422  0 0 0 0 0 0 0 0 0 0 0 0 0 0 0 0 0 0
FAM569 D2003006335 -0.0228004 -0.00950241 0.0378717 -0.0183595 -0.0124942 0.0264788 -0.0270858 0.0104395 -0.0161819 0.00885567  0 0 0 0 0 0 0 0 0 1 0 0 0 0 0 0 0 0
FAM570 D2003006337 -0.0194548 0.021202 -0.0191541 0.0405082 -0.0818784 0.07401 -0.00965852 0.0825138 0.0366057 0.000342528  0 0 0 0 0 1 0 0 0 0 0 0 0 0 0 0 0 0
FAM571 D2003006339 -0.0269824 -0.0282104 0.0315152 -0.0472104 0.00338463 -0.0110051 0.015624 0.0124209 0.0244875 -0.00859827  1 0 0 0 0 0 0 0 0 0 0 0 0 0 0 0 0 0
FAM572 D2003006340 -0.0111694 -0.00541464 0.00163187 -0.00724303 -0.00666716 -0.012297 0.00597209 0.00388079 0.0145111 0.000761625  0 0 0 0 0 0 0 0 0 0 0 0 0 0 0 0 0 0
FAM573 D2003006351 -0.0212436 -0.00893039 0.0243618 -0.0133992 -0.00774222 0.00846403 -0.0036764 -0.00555953 -0.0156791 0.014697  1 0 0 0 0 0 0 0 0 0 0 0 0 0 0 0 0 0
FAM574 D2003006363 -0.01357 0.0365598 0.000696286 -0.0186219 0.0413005 0.0303801 0.0208772 0.0168353 0.000676601 0.00147607  0 0 0 0 0 0 0 0 0 0 0 0 0 0 0 0 0 1
FAM575 D2003006369 -0.00319934 0.0123849 0.0529445 0.0684829 0.0213346 -0.0403715 -0.0117476 0.00420477 0.0412735 0.00183611  0 0 0 0 0 0 0 1 0 0 0 0 0 0 0 0 0 0
FAM576 D2003006370 -0.026577 -0.0130862 -0.0282119 0.0430293 0.0502468 0.0405457 0.0506373 0.0026175 -0.0326315 0.0196258  0 0 0 0 1 0 0 0 0 0 0 0 0 0 0 0 0 0
FAM577 D2003006371 -0.014132 -0.00257927 0.0170924 0.0118948 -0.00258068 0.00239253 0.0146783 0.0152313 0.017888 -0.00683221  0 0 0 0 0 0 0 0 0 1 0 0 0 0 0 0 0 0
FAM578 D2003006375 0.0154611 0.000271199 -0.00425228 -0.00436094 -0.00106242 -0.00351133 0.00541048 0.00214057 -0.00822905 0.00317067  0 0 0 0 0 0 0 0 0 0 0 0 0 0 0 0 1 0
FAM579 D2003006379 0.0263172 -0.00907729 0.00546238 0.00866096 0.00428629 -0.00676319 -0.00150291 0.0164641 -0.0126413 -0.0270596  0 0 0 0 0 0 0 0 0 0 0 0 0 0 0 1 0 0
FAM580 D2003006380 -0.0018924 0.00225343 0.0300995 0.023069 -0.00729433 -0.000317521 -0.011542 0.0115832 0.00655523 -0.00834543  0 0 0 0 0 0 0 1 0 0 0 0 0 0 0 0 0 0
FAM581 D2003006381 -0.00756098 0.00544999 0.0354287 0.0310504 0.00549263 -0.00921179 -0.0107845 0.00349524 0.00774392 0.00840562  0 0 0 0 0 0 0 1 0 0 0 0 0 0 0 0 0 0
FAM582 D2003006385 -0.00557051 0.0122266 0.0184524 0.00638471 -0.00224767 -0.00700141 -0.00206914 -0.019372 0.00690261 -0.0364861  0 0 0 0 0 0 0 0 0 0 0 0 0 0 0 0 0 0
FAM583 D2003006386 0.0166691 -0.00183807 0.00458486 0.00772797 0.00119805 -0.0113495 0.000831275 0.00989416 -0.00707456 -0.0180298  0 0 0 0 0 0 0 0 0 0 0 0 0 0 0 1 0 0
FAM584 D2003006388 -0.00341059 0.0145829 0.0337688 0.020108 0.0104861 -0.00595153 -0.0136894 -0.0161445 -0.0137239 0.00563594  0 0 0 0 0 0 0 0 0 0 0 0 0 0 0 0 0 0
FAM585 D2003006390 -0.00625686 0.00504929 0.0234901 0.0193818 0.00586359 0.00104188 -0.0112607 0.000739619 -0.0162498 0.0187562  0 0 0 0 0 0 0 0 0 1 0 0 0 0 0 0 0 0
FAM586 D2003006391 0.000220692 -0.0043776 0.00929048 0.0298827 0.0166778 0.00455333 0.0036084 0.00996912 -0.0193059 0.00474107  0 0 0 0 1 0 0 0 0 0 0 0 0 0 0 0 0 0
FAM587 D2003006394 -0.0153907 0.00688083 0.0227712 0.00247915 -0.017513 0.0166446 -0.0183575 -0.041312 -0.04466 0.0020976  0 0 0 0 0 0 0 0 0 1 0 0 0 0 0 0 0 0
FAM588 D2003006395 -0.029691 -0.0201155 -0.0133652 0.0164414 0.0442257 0.0292148 0.0617501 0.00521323 -0.00542715 -0.0038821  0 0 0 0 1 0 0 0 0 0 0 0 0 0 0 0 0 0
FAM589 D2003006396 -0.0287271 -0.0182385 -0.00943196 0.0157581 0.0380137 0.0315504 0.0650473 0.00752498 -0.00259152 -0.00534797  0 0 0 0 1 0 0 0 0 0 0 0 0 0 0 0 0 0
FAM590 D2003006400 0.0151876 0.0195479 0.00171917 0.000816241 0.00847047 -0.00711657 -0.00207758 0.0192262 -0.0025922 -0.0169208  0 0 0 0 0 0 0 0 0 0 0 0 0 0 0 0 0 1
FAM591 D2003006401 0.00238963 0.00822155 0.0203611 0.0345785 -0.00113213 -0.0228899 -0.00417329 0.00280264 0.0224578 -0.0127275  0 0 0 0 0 0 0 1 0 0 0 0 0 0 0 0 0 0
FAM592 D2003006441 -0.0138929 0.00267136 0.0285055 0.00493904 -0.0191154 0.0209683 -0.0181033 0.00740699 -0.0178708 0.0148093  0 0 0 0 0 0 0 0 0 1 0 0 0 0 0 0 0 0
FAM593 D2003006451 0.0184873 -0.00450134 0.00782076 0.00796885 -0.000429077 -0.0134346 -0.00229174 0.00820177 -0.0104992 -0.0296107  0 0 0 0 0 0 0 0 0 0 0 0 0 0 0 1 0 0
FAM594 D2003006464 -0.00384537 0.000564787 0.015247 0.0145726 0.00701529 -0.000561456 0.0144328 -0.00430088 -0.00754859 -0.00407839  0 0 0 0 0 0 0 1 0 0 0 0 0 0 0 0 0 0
FAM595 D2003006481 0.0222966 -0.00462835 0.00334998 0.00971974 0.00316315 -0.0100004 0.00180161 0.0141144 -0.0121885 -0.0165277  0 0 0 0 0 0 0 0 0 0 0 0 0 0 0 1 0 0
FAM596 D2003006482 0.0238969 -0.00617361 -0.00354092 -0.00120362 -0.0012645 0.00377213 0.00246821 0.00980889 -0.0133685 -0.0078915  0 0 0 0 0 0 0 0 0 0 0 0 0 1 0 0 0 0
FAM597 D2003006483 0.0229273 -0.00634067 -0.00133995 -0.000379452 0.00109893 0.00175076 0.00249723 0.00787096 -0.00867035 -0.000948038  0 0 0 0 0 0 0 0 0 0 1 0 0 0 0 0 0 0
FAM598 D2003006484 0.0271796 -0.0126664 -0.00385175 -0.00343407 0.00516122 0.0282905 -0.00817469 -0.0267989 0.026316 0.0169238  0 0 0 0 0 0 0 0 0 0 0 1 0 0 0 0 0 0
FAM599 D2003006485 0.0238226 -0.00830074 -0.00123775 -0.00171839 0.00261939 0.00866494 0.000184789 -0.00353259 -0.0011083 0.00101982  0 0 0 0 0 0 0 0 0 0 0 0 0 1 0 0 0 0
FAM600 D2003006486 0.0199505 -0.00778726 -8.60294e-05 -0.00200919 0.00155776 0.00270357 -0.000579692 0.00360315 -0.00997686 -0.00410253  0 0 0 0 0 0 0 0 0 0 0 0 0 1 0 0 0 0
FAM601 D2003006487 0.0259024 -0.00874179 -0.00258762 -0.00304303 0.00153572 0.00777722 5.28533e-05 0.00989361 -0.0150287 -0.012996  0 0 0 0 0 0 0 0 0 0 0 0 1 0 0 0 0 0
FAM602 D2003006488 0.0280618 -0.0155648 -0.00171601 -0.00562758 0.00602347 0.0359154 -0.0089196 -0.0345211 0.0344847 0.0198156  0 0 0 0 0 0 0 0 0 0 0 1 0 0 0 0 0 0
FAM603 D2003006489 0.0235885 -0.00548412 -0.0017387 -0.000140603 0.00125553 -0.0013392 0.0028351 0.00557999 -0.0119476 -0.00621747  0 0 0 0 0 0 0 0 0 0 1 0 0 0 0 0 0 0
FAM604 D2003006492 0.0225518 -0.0055065 -0.00120572 0.0014548 0.000161914 -0.0051034 0.00250446 0.0079116 -0.00499604 -0.00426601  0 0 0 0 0 0 0 0 0 0 0 0 0 0 0 1 0 0
FAM605 D2003006494 0.0212252 -0.00469295 0.00108783 0.00398056 0.000253011 -0.00726483 0.00182447 0.0133557 -0.0109884 -0.0122533  0 0 0 0 0 0 0 0 0 0 0 0 0 0 0 1 0 0
FAM606 D2003006496 0.0155377 -0.000911919 -0.00120192 0.0135537 -0.0127131 0.00372029 -0.00265168 0.025315 -0.00689578 -0.0163313  0 0 0 0 0 0 0 0 0 0 0 0 0 0 0 1 0 0
FAM607 D2003006497 0.0166459 -0.00373186 -0.00537649 -0.00104278 -0.00404875 -0.0061129 0.00422053 0.0063758 -0.013289 -0.00443176  0 0 0 0 0 0 0 0 0 0 0 0 0 0 0 0 1 0
FAM608 D2003006498 -0.0108086 0.0195524 0.00964525 0.017302 -0.0188741 0.00421039 -0.00354551 -0.0335081 0.0055662 -0.0490774  0 0 0 0 0 0 0 0 0 0 0 0 0 0 0 0 0 0
FAM609 D2003006499 -0.00825495 0.0102191 0.0183492 0.0363909 -0.000423677 -0.0167977 -0.00259681 -0.00197539 0.0207207 0.00128532  0 0 0 0 0 0 0 1 0 0 0 0 0 0 0 0 0 0
FAM610 D2003006500 -0.00240263 0.00461026 0.0101591 0.0281017 0.00496707 -0.00435343 0.0254263 -0.00288471 -0.000341399 -0.00925379  0 0 0 0 0 0 0 0 0 0 0 0 0 0 0 0 0 0
FAM611 D2003006501 -0.0178403 -0.00484259 0.0094217 0.0086149 0.00924984 0.00168913 0.00922029 -0.002041 0.000820468 -0.00379664  0 0 0 0 0 0 0 0 0 0 0 0 0 0 0 0 0 0
FAM612 D2003006502 0.00783877 -0.00183352 0.00779511 0.00476793 0.00125028 -0.00471643 0.00947837 0.0118085 -0.000761628 -0.0111971  0 0 0 0 0 0 0 0 0 0 0 0 0 0 0 1 0 0
FAM613 D2003006503 -0.00616483 0.0051493 0.0287849 0.0206499 -0.00192719 0.00492982 -0.0111063 -0.0151406 -0.0400376 0.0277769  0 0 0 0 0 0 0 0 0 1 0 0 0 0 0 0 0 0
FAM614 D2003006504 -0.0075414 0.0222222 0.0316981 0.027077 -0.00436607 -0.0018518 -0.0211798 -0.0355993 -0.0211461 -0.00238079  0 0 0 0 0 0 0 1 0 0 0 0 0 0 0 0 0 0
FAM615 D2003006505 -0.0167662 0.00125604 0.0338084 0.00876431 -0.0139584 0.0249254 -0.0231901 -0.0138984 -0.0577751 0.049579  0 0 0 0 0 0 0 0 0 1 0 0 0 0 0 0 0 0
FAM616 D2003006506 -0.0182771 -0.000530992 0.0390618 0.00489251 -0.0132959 0.0290374 -0.029766 -0.0117755 -0.0589519 0.0473443  0 0 0 0 0 0 0 0 0 1 0 0 0 0 0 0 0 0
FAM617 D2003006507 -0.00462061 0.0106547 0.0386632 0.0572559 0.0180097 -0.023409 -0.00312521 -0.00150649 0.020547 0.0122243  0 0 0 0 0 0 0 1 0 0 0 0 0 0 0 0 0 0
FAM618 D2003006509 -0.0276868 -0.018555 -0.0275318 0.0299986 0.0541058 0.0330931 0.0594262 0.00148964 -0.020665 0.00834134  0 0 0 0 1 0 0 0 0 0 0 0 0 0 0 0 0 0
FAM619 D2003006511 -0.016532 0.00385197 0.0371754 0.0169526 -0.0119263 0.0175017 -0.0238438 -0.0106489 -0.0325451 0.0190622  0 0 0 0 0 0 0 0 0 1 0 0 0 0 0 0 0 0
FAM620 D2003006512 -0.0183585 0.00147666 0.0279723 0.0218084 -0.00310572 0.0191459 -0.0181638 -0.0093283 -0.0332785 0.0185116  0 0 0 0 0 0 0 0 0 1 0 0 0 0 0 0 0 0
FAM621 D2003006513 -0.0115511 0.00450197 0.0336677 0.000152267 -0.00382894 0.0184026 -0.0226791 -0.0102532 -0.0547861 0.0451727  0 0 0 0 0 0 0 0 0 1 0 0 0 0 0 0 0 0
FAM622 D2003006516 -0.0142347 0.00659846 0.0319636 0.0137101 -0.0131075 0.0230849 -0.0202896 -0.0316393 -0.0605297 0.0399192  0 0 0 0 0 0 0 0 0 1 0 0 0 0 0 0 0 0
FAM623 D2003006517 -0.0176238 0.0193324 -0.0103097 0.035209 -0.0694744 0.0625505 -0.00802464 0.0619284 0.0227037 0.00606001  0 0 0 0 0 1 0 0 0 0 0 0 0 0 0 0 0 0
FAM624 D2003006518 -0.0134693 -0.00246695 0.00827069 -0.00723128 0.00155016 -0.00953631 0.0205429 -0.0111182 0.0116134 -0.00913682  0 0 0 0 0 0 0 0 0 0 0 0 0 0 0 0 0 0
FAM625 D2003006519 -0.0275849 -0.0155189 -0.0464927 0.0255653 0.0396039 0.00514574 -0.0231913 0.00187039 -0.0085964 0.00214622  0 0 0 1 0 0 0 0 0 0 0 0 0 0 0 0 0 0
FAM626 D2003006520 -0.00771122 0.039829 -0.0130395 -0.00389011 -0.0127128 0.00238035 0.00581186 -0.0617155 -0.0153437 -0.0459196  0 0 0 0 0 0 1 0 0 0 0 0 0 0 0 0 0 0
FAM627 D2003006521 -0.0293767 -0.0200385 -0.023233 0.0321067 0.0597568 0.0361478 0.066004 0.00367847 -0.0237061 0.012559  0 0 0 0 1 0 0 0 0 0 0 0 0 0 0 0 0 0
FAM628 D2003006522 -0.00605243 0.0118195 0.0222289 0.00845511 0.00827396 -0.0247622 -0.0116093 -0.00315578 0.0172554 -0.00883807  0 0 0 0 0 0 0 1 0 0 0 0 0 0 0 0 0 0
FAM629 D2003006523 -0.0130394 -0.00137718 0.0210232 0.00531549 -0.00140186 0.00937301 -0.0149357 -0.0251838 -0.0424589 0.0224811  0 0 0 0 0 0 0 0 0 1 0 0 0 0 0 0 0 0
FAM630 D2003006524 -0.00841104 0.0168795 0.0142687 -0.0210538 0.00596145 0.00454402 0.00306458 -0.00324484 -0.00723626 0.00705095  0 0 0 0 0 0 0 0 0 0 0 0 0 0 0 0 0 1
FAM631 D2003006525 -0.0284784 -0.0207962 -0.0101557 0.0129221 0.0500666 0.0203569 0.0474187 0.0101326 -0.00349781 0.00349048  0 0 0 0 1 0 0 0 0 0 0 0 0 0 0 0 0 0
FAM632 D2003006526 -0.0249012 -0.013728 -0.00654052 0.00567884 0.0404995 0.0259477 0.0579694 0.00528409 -0.00145918 -0.00288301  0 0 0 0 1 0 0 0 0 0 0 0 0 0 0 0 0 0
FAM633 D2003006527 -0.0116319 0.00617981 -0.0160834 0.000113779 -0.0138483 -0.0109631 0.00466657 -0.0363787 -0.00313356 -0.0256303  0 0 0 0 0 0 0 0 0 0 0 0 0 0 0 0 0 0
FAM634 D2003006528 -0.00914504 -0.00581446 0.0291855 -0.00234771 -0.00222267 0.0163987 -0.0202293 -0.00912709 -0.0512913 0.0383222  0 0 0 0 0 0 0 0 0 1 0 0 0 0 0 0 0 0
FAM635 D2003006529 -0.0161602 0.0010919 0.0132047 0.0170561 0.00304406 -0.00821297 -0.00771356 -0.0263673 -0.00781354 0.000951476  0 0 0 0 0 0 0 0 0 1 0 0 0 0 0 0 0 0
FAM636 D2003006530 -0.00805228 0.0135843 0.0243909 0.00862201 0.00406966 -0.0234466 -0.00752749 -0.0157885 0.0149629 -0.0112183  0 0 0 0 0 0 0 1 0 0 0 0 0 0 0 0 0 0
FAM637 D2003006531 -0.00739835 0.0153054 -0.00213571 0.00979944 -0.00921534 -0.00717217 0.00449563 -0.0308992 -0.00235446 -0.0192595  0 0 0 0 0 0 1 0 0 0 0 0 0 0 0 0 0 0
FAM638 D2003006532 -0.00135085 0.0253197 0.0214411 0.0279937 0.0116429 -0.0281502 -0.00470905 -0.00912831 0.0252307 -0.0126573  0 0 0 0 0 0 0 1 0 0 0 0 0 0 0 0 0 0
FAM639 D2003006533 -0.00563117 0.00724944 0.0423325 0.0551943 0.0162584 -0.0310335 -0.00768366 0.00832621 0.0432628 -0.00449255  0 0 0 0 0 0 0 1 0 0 0 0 0 0 0 0 0 0
FAM640 D2003006534 -0.0179521 0.0102836 0.022477 0.00756448 -0.0237674 0.0264221 -0.0194189 -0.0516218 -0.0600704 0.0131182  0 0 0 0 0 0 0 0 0 1 0 0 0 0 0 0 0 0
FAM641 D2003006535 -0.0193022 0.0099759 0.0192586 -0.00168837 -0.0203707 0.0316909 -0.0102655 -0.0182933 -0.0264843 -0.00543483  0 0 0 0 0 0 0 0 0 1 0 0 0 0 0 0 0 0
FAM642 D2003006536 -0.00290483 0.0142359 -0.0120588 -0.00380486 -0.0164858 -0.00962874 -0.00198536 -0.0336553 -0.0112126 -0.0185257  0 0 0 0 0 0 1 0 0 0 0 0 0 0 0 0 0 0
FAM643 D2003006537 -0.0195853 0.0137164 0.0223392 0.010797 -0.0318191 0.0338439 -0.0218534 -0.0522028 -0.0614804 0.0119065  0 0 0 0 0 0 0 0 0 1 0 0 0 0 0 0 0 0
FAM644 D2003006538 -0.0186362 0.0105469 0.0260573 0.00897762 -0.0231998 0.0281664 -0.022519 -0.0524699 -0.0644334 0.016495  0 0 0 0 0 0 0 0 0 1 0 0 0 0 0 0 0 0
FAM645 D2003006539 -0.00461617 0.051293 -0.00463824 -0.0206082 0.0068056 0.0172117 -0.00922235 0.00503906 -0.00130781 0.00433305  0 0 0 0 0 0 0 0 0 1 0 0 0 0 0 0 0 0
FAM646 D2003006540 -0.000643201 0.026387 0.022655 0.0229521 0.0173193 -0.0318373 -0.00439947 -0.0127722 0.0223045 -0.0124963  0 0 0 0 0 0 0 1 0 0 0 0 0 0 0 0 0 0
FAM647 D2003006541 -0.00670544 -0.000588298 0.0535229 0.0300526 0.00943768 -0.016831 -0.0136041 0.00604275 0.0129219 -0.00303396  0 0 0 0 0 0 0 1 0 0 0 0 0 0 0 0 0 0
FAM648 D2003006542 -0.00626727 0.00239519 0.0107299 0.0277384 0.00384911 0.00151708 0.0244971 -0.000816782 -0.00172775 -0.00360286  0 0 0 0 0 0 0 0 0 0 0 0 0 0 0 0 0 0
FAM649 D2003006543 -0.000165063 0.0589812 0.00465633 -0.0183233 0.0315166 -0.00189509 -0.00531233 0.000451641 0.0179897 -0.0120912  0 0 0 0 0 0 0 0 0 0 0 0 0 0 0 0 0 1
FAM650 D2003006544 -0.0283733 -0.0168724 -0.0422445 0.0484985 0.0660956 0.0381901 0.0617188 0.00375976 -0.0320598 0.0222907  0 0 0 0 1 0 0 0 0 0 0 0 0 0 0 0 0 0
FAM651 D2003006546 -0.0135909 0.00283128 0.0438832 0.024858 -0.00193118 0.00472207 -0.0198384 -0.00718201 -0.0258394 0.0377903  0 0 0 0 0 0 0 0 0 1 0 0 0 0 0 0 0 0
FAM652 D2003006547 -0.018928 0.00672459 -0.00230647 0.00732369 -0.0156931 0.0163463 0.00887077 -0.0256691 0.000784373 -0.0388078  0 0 0 0 0 0 1 0 0 0 0 0 0 0 0 0 0 0
FAM653 D2003006548 -0.00603214 0.00999419 0.0427458 0.0442716 0.00939375 -0.0156137 -0.0168585 0.00422052 0.0146917 0.0109855  0 0 0 0 0 0 0 1 0 0 0 0 0 0 0 0 0 0
FAM654 D2003006549 -0.0281381 -0.0163371 -0.0205302 0.0346787 0.0508014 0.0409478 0.0712998 0.0095714 -0.017746 0.0105209  0 0 0 0 1 0 0 0 0 0 0 0 0 0 0 0 0 0
FAM655 D2003006550 -0.00959634 0.00493316 0.0179621 0.00911757 -0.00571623 0.0121236 -0.0170338 -0.0113414 -0.0456374 0.0421631  0 0 0 0 0 0 0 0 0 1 0 0 0 0 0 0 0 0
FAM656 D2003006551 -0.0172859 -0.00225089 0.0382842 8.10418e-05 -0.00845438 0.0239411 -0.0241366 -0.014698 -0.0619222 0.0566698  0 0 0 0 0 0 0 0 0 1 0 0 0 0 0 0 0 0
FAM657 D2003006552 -0.00459714 0.00964594 0.0018498 0.00740865 -0.00279998 -0.0123284 0.0144761 -0.0100742 0.00642386 -0.00267648  0 0 0 0 0 0 0 1 0 0 0 0 0 0 0 0 0 0
FAM658 D2003006553 -0.0239142 0.00082579 -0.013233 0.0184625 0.0539085 0.0293989 0.055019 0.00191874 -0.00989545 0.00166772  0 0 0 0 1 0 0 0 0 0 0 0 0 0 0 0 0 0
FAM659 D2003006554 -0.0198013 -0.0061209 0.0339098 -0.00501328 -0.0111629 0.0210309 -0.0228368 0.00568636 -0.0170263 0.0151699  0 0 0 0 0 0 0 0 0 1 0 0 0 0 0 0 0 0
FAM660 D2003006555 0.00208832 0.0236561 0.021841 0.0184462 0.0130367 -0.0337351 -0.00745884 -0.00794434 0.0213694 -0.00739321  0 0 0 0 0 0 0 1 0 0 0 0 0 0 0 0 0 0
FAM661 D2003006556 -0.0034567 0.0200949 0.00917469 0.00446342 0.00321842 -0.0180649 0.000903277 -0.0170158 0.0121277 -0.0137137  0 0 0 0 0 0 0 1 0 0 0 0 0 0 0 0 0 0
FAM662 D2003006557 -0.0188796 -0.00839318 0.032577 -0.0101597 -0.00705957 0.0201626 -0.0217747 -0.00460861 -0.0392264 0.0291515  0 0 0 0 0 0 0 0 0 1 0 0 0 0 0 0 0 0
FAM663 D2003006558 -0.0069378 0.0260565 0.00146998 -0.00800917 -0.00423031 0.00749495 0.00459651 0.0155929 0.0129939 -0.00141857  0 0 0 0 0 1 0 0 0 0 0 0 0 0 0 0 0 0
FAM664 D2003006559 -0.00503184 0.0204084 0.0290417 0.0375582 0.00987243 -0.0287631 -0.00528682 -0.00782146 0.0277586 -0.00760413  0 0 0 0 0 0 0 1 0 0 0 0 0 0 0 0 0 0
FAM665 D2003006560 -0.00904889 0.00657046 0.0365417 0.0528259 0.0195518 -0.0220877 0.00084342 -0.00451538 0.0280364 -0.00243611  0 0 0 0 0 0 0 1 0 0 0 0 0 0 0 0 0 0
FAM666 D2003006561 -0.0156375 0.00279088 0.0433955 0.010568 -0.0107545 0.0281391 -0.0326192 -0.0192393 -0.0701752 0.0574437  0 0 0 0 0 0 0 0 0 1 0 0 0 0 0 0 0 0
FAM667 D2003006563 -0.0238542 -0.0193876 -0.0194585 0.00101951 0.0259628 -0.00215532 -0.0240816 0.0114925 0.00222108 -0.000190288  0 0 0 0 1 0 0 0 0 0 0 0 0 0 0 0 0 0
FAM668 D2003006564 -0.027825 -0.0192989 -0.00344458 0.0169525 0.0399487 0.0369242 0.0606419 0.0137994 -0.00922666 0.00779155  0 0 0 0 1 0 0 0 0 0 0 0 0 0 0 0 0 0
FAM669 D2003006565 -0.00381789 0.0196214 0.0500392 0.0627524 0.0219958 -0.0350819 -0.0147884 -0.00619307 0.0354927 -0.00174299  0 0 0 0 0 0 0 1 0 0 0 0 0 0 0 0 0 0
FAM670 D2003006566 -0.0178084 0.001214 0.0438026 0.0218368 -0.00501028 0.0103032 -0.0242697 0.00149431 -0.00952493 0.0198845  0 0 0 0 0 0 0 0 0 1 0 0 0 0 0 0 0 0
FAM671 D2003006567 -0.0138911 0.0217758 -0.00242982 -0.00418883 -0.0225049 0.00658115 0.00211016 -0.0694287 -0.0199423 -0.0531319  0 0 0 0 0 0 1 0 0 0 0 0 0 0 0 0 0 0
FAM672 D2003006568 -0.00863755 0.0358203 -0.000314806 -0.0158343 0.00448245 0.00373847 0.00568077 -0.0200698 0.00263785 -0.0231182  0 0 0 0 0 0 0 0 0 0 0 0 0 0 0 0 0 1
FAM673 D2003006569 -0.00836276 -0.00197498 0.0525638 0.0275785 0.0093649 -0.0152456 -0.01359 0.00545779 0.0122848 -0.0024842  0 0 0 0 0 0 0 1 0 0 0 0 0 0 0 0 0 0
FAM674 D2003006571 -0.00932393 0.0278228 0.0124557 0.0115604 -0.0117312 0.0158055 -0.00863644 -0.0271505 -0.0281443 0.00670144  0 0 0 0 0 0 0 0 0 1 0 0 0 0 0 0 0 0
FAM675 D2003006572 -0.00430994 0.0144108 0.0174562 0.018965 0.000749101 -0.0286222 -0.0017534 -0.0246734 0.0160486 -0.0165675  0 0 0 0 0 0 0 1 0 0 0 0 0 0 0 0 0 0
FAM676 D2003006573 -0.00574627 0.0160064 0.0133666 0.0197834 -0.00922103 -0.0142108 -0.00355117 -0.0276546 0.00309551 -0.0189018  0 0 0 0 0 0 1 0 0 0 0 0 0 0 0 0 0 0
FAM677 D2003006574 -0.024435 -0.0080127 -0.0238915 0.0360417 0.0400995 0.0228531 0.0387904 -0.0158937 -0.0249491 0.00517936  0 0 0 0 1 0 0 0 0 0 0 0 0 0 0 0 0 0
FAM678 D2003006575 -0.0189472 -0.00395478 0.0309875 0.000451309 -0.0123609 0.0224148 -0.0171365 0.000975523 -0.0291186 0.0206828  0 0 0 0 0 0 0 0 0 1 0 0 0 0 0 0 0 0
FAM679 D2003006576 -0.0238218 -0.00986494 0.00405829 0.0100192 0.011817 0.0189166 0.042501 0.0154969 0.0191664 -0.0102449  0 0 0 0 1 0 0 0 0 0 0 0 0 0 0 0 0 0
FAM680 D2003006577 -0.0151493 0.00602825 -0.0155314 0.00378568 -0.00272595 0.00449413 -0.0108644 -0.0349018 -0.012038 -0.0286212  0 0 0 0 0 0 1 0 0 0 0 0 0 0 0 0 0 0
FAM681 D2003006578 -0.0250616 -0.0148038 -0.00848778 0.00366535 0.0233058 0.00810315 0.0116487 -0.0050401 -0.00294852 -0.0153163  0 0 0 0 1 0 0 0 0 0 0 0 0 0 0 0 0 0
FAM682 D2003006579 0.00219585 0.0180647 0.0147431 0.0236903 3.15471e-05 -0.00835901 -0.00477219 0.00498242 0.0146995 -0.00524226  0 0 0 0 0 0 0 1 0 0 0 0 0 0 0 0 0 0
FAM683 D2003006580 -0.00857813 0.0120063 0.00534719 0.0101253 -0.023691 0.0136306 -0.0133886 -0.0286438 -0.0351142 0.00398635  0 0 0 0 0 0 1 0 0 0 0 0 0 0 0 0 0 0
FAM684 D2003006581 0.0208441 -0.00567391 -0.00590597 -0.000465681 -0.000626098 0.000290408 -0.00222469 0.0150514 -0.0167623 -0.00703668  0 0 0 0 0 0 0 0 0 0 0 0 0 0 0 0 1 0
FAM685 D2003006582 0.0202907 -0.00543935 -0.000583775 0.00421562 -0.000577543 -0.00324549 -0.00276498 0.0115847 -0.00916351 -0.0115821  0 0 0 0 0 0 0 0 0 0 0 0 0 0 0 0 1 0
FAM686 D2003006583 0.020238 -0.0055369 -0.00603811 0.000466498 -0.00304281 -0.00397631 -0.00372655 0.0157226 -0.017133 -0.00642119  0 0 0 0 0 0 0 0 0 0 0 0 0 0 0 0 1 0
FAM687 D2003006584 0.0202871 -0.00551876 -0.00599221 0.000538833 -0.00303878 -0.00404157 -0.00371691 0.015768 -0.0171675 -0.00632885  0 0 0 0 0 0 0 0 0 0 0 0 0 0 0 0 1 0
FAM688 D2003006585 0.0202598 -0.00554718 -0.00605924 0.000537551 -0.00301876 -0.00389414 -0.00374619 0.0157312 -0.0170828 -0.00640477  0 0 0 0 0 0 0 0 0 0 0 0 0 0 0 0 1 0
FAM689 D2003006586 0.0202824 -0.00554158 -0.00596757 0.000449156 -0.00297789 -0.00402917 -0.00374626 0.0157455 -0.01711 -0.00638293  0 0 0 0 0 0 0 0 0 0 0 0 0 0 0 0 1 0
FAM690 D2003006587 0.0203404 -0.00541477 -0.00615378 0.000622436 -0.00306428 -0.00368421 -0.00370618 0.0158128 -0.0176222 -0.00600608  0 0 0 0 0 0 0 0 0 0 0 0 0 0 0 0 1 0
FAM691 D2003006588 0.0202816 -0.00552348 -0.00591932 0.000638192 -0.00302124 -0.00400119 -0.00361394 0.0160381 -0.0176185 -0.00633816  0 0 0 0 0 0 0 0 0 0 0 0 0 0 0 0 1 0
FAM692 D2003006589 0.0203084 -0.00552081 -0.0059826 0.000778498 -0.00306622 -0.00397988 -0.00367562 0.0160379 -0.0176518 -0.00621064  0 0 0 0 0 0 0 0 0 0 0 0 0 0 0 0 1 0
FAM693 D2003006590 0.0199489 -0.00556689 -0.00569321 0.000235677 -0.00308904 -0.00367902 -0.0038514 0.0157004 -0.0173167 -0.00618424  0 0 0 0 0 0 0 0 0 0 0 0 0 0 0 0 1 0
FAM694 D2003006591 0.0197423 -0.00570498 -0.00553675 0.000128589 -0.00310084 -0.00361747 -0.00391494 0.0156317 -0.017338 -0.00613227  0 0 0 0 0 0 0 0 0 0 0 0 0 0 0 0 1 0
FAM695 D2003006592 0.0177203 -0.00759382 0.000318164 -0.0083024 -0.00142571 -0.00337839 0.00201665 0.00904387 -0.0067369 -0.00404667  0 0 0 0 0 0 0 0 0 0 0 0 0 0 0 0 1 0
FAM696 D2003006593 0.0159658 -0.00296427 -0.00617841 -0.003295 -0.00418582 -0.00444757 -0.000223097 -0.000786214 -0.00957395 -0.00246139  0 0 0 0 0 0 0 0 0 0 0 0 0 0 0 0 1 0
FAM697 D2003006594 0.0211795 -0.00706821 -0.00241985 -0.0025842 -0.00164934 0.00420151 0.0021518 0.00762515 -0.014792 -0.00737388  0 0 0 0 0 0 0 0 0 0 0 0 0 1 0 0 0 0
FAM698 D2003006595 0.0221034 -0.00662411 -0.00423367 -0.00292952 -0.00149439 0.00212412 0.00137955 0.0109794 -0.0151935 -0.00726736  0 0 0 0 0 0 0 0 0 0 0 0 0 0 0 0 1 0
FAM699 D2003006596 0.0209096 -0.00754784 -0.00281114 -0.00180345 -0.00114835 0.000721771 0.00353635 0.00961079 -0.0128358 -0.00301433  0 0 0 0 0 0 0 0 0 0 0 0 0 1 0 0 0 0
FAM700 D2003006597 0.0204981 -0.00610065 -0.00508792 -0.00138314 -0.00166279 -0.00163818 0.0018044 0.00715299 -0.0127397 -0.0112309  0 0 0 0 0 0 0 0 0 0 0 0 0 0 0 0 1 0
FAM701 D2003006598 0.0192067 -0.00483436 -0.0049417 -0.00275103 -0.00395403 -0.00416764 0.00192202 0.0133743 -0.0160893 -0.0112795  0 0 0 0 0 0 0 0 0 0 0 0 0 0 0 0 1 0
FAM702 D2003006600 0.0161827 -0.00591205 -0.00200814 -0.00167044 -0.00247059 -0.00481105 0.00383157 0.00903273 -0.0126512 -0.00560504  0 0 0 0 0 0 0 0 0 0 0 0 0 0 0 0 0 0
FAM703 D2003006601 0.0232613 -0.00613324 -0.00394441 -0.00310181 0.00157943 0.00444562 0.00237891 0.00908512 -0.015643 -0.012921  0 0 0 0 0 0 0 0 0 0 0 0 1 0 0 0 0 0
FAM704 D2003006602 0.0217198 -0.00584205 -0.00239147 -0.00271852 -0.000164003 -0.000165437 0.00253226 0.013634 -0.0177872 -0.00400582  0 0 0 0 0 0 0 0 0 0 0 0 0 1 0 0 0 0
FAM705 D2003006603 0.0200246 -0.00636017 -0.00155192 -0.00189948 -0.00069594 -0.00187503 0.000982235 0.00673433 -0.0157558 -0.000362427  0 0 0 0 0 0 0 0 0 0 0 0 0 0 0 0 1 0
FAM706 D2003006604 0.0171104 -0.00353711 -0.0033605 -0.00211784 0.000678849 -0.00315874 0.00297348 0.00502685 -0.0064472 -0.00285649  0 0 0 0 0 0 0 0 0 0 0 0 0 0 0 0 1 0
FAM707 D2003006605 0.0202461 -0.00714562 0.00370187 0.00331368 0.00223016 -0.00521557 -0.000225615 0.00889898 -0.0117238 -0.0143339  0 0 0 0 0 0 0 0 0 0 0 0 0 0 0 0 1 0
FAM708 D2003006606 0.0210373 -0.00530693 0.00220581 0.000469374 0.000709852 -0.00525177 0.00171406 0.00783706 -0.00630066 -0.00626732  0 0 0 0 0 0 0 0 0 0 0 0 0 0 0 0 1 0
FAM709 D2003006607 0.0218557 -0.00576421 -0.00249058 -0.00261705 -8.98902e-05 -0.000171759 0.00260384 0.0136616 -0.0178596 -0.00390983  0 0 0 0 0 0 0 0 0 0 0 0 0 1 0 0 0 0
FAM710 D2003006608 0.0209792 -0.00676029 5.11959e-05 -0.00294398 0.000690996 -0.00161852 0.00157997 0.00922407 -0.0103046 -0.00639842  0 0 0 0 0 0 0 0 0 0 1 0 0 0 0 0 0 0
FAM711 D2003006609 0.0222314 -0.0054193 -0.00195436 -0.0017746 0.000565373 0.00190193 0.00178841 0.00393354 -0.00799099 -0.00573781  0 0 0 0 0 0 0 0 0 0 0 0 0 1 0 0 0 0
FAM712 D2003006610 0.0238694 -0.00712204 -0.00309818 -0.00182788 0.00225348 0.0060785 0.000261815 0.000406741 -0.00858633 -0.00659041  0 0 0 0 0 0 0 0 0 0 0 0 0 1 0 0 0 0
FAM713 D2003006611 0.0212215 -0.00832696 0.0013496 0.00206215 0.00148876 -0.00553444 -0.00195422 0.0100341 -0.008184 -0.00797257  0 0 0 0 0 0 0 0 0 0 0 0 0 0 0 0 1 0
FAM714 D2003006612 0.0194639 -0.00585925 0.000310856 0.00334265 -0.000615002 -0.00421009 0.00162142 0.00840183 -0.00605076 -0.00893729  0 0 0 0 0 0 0 0 0 0 0 0 0 0 0 0 1 0
FAM715 D2003006613 0.0222833 -0.00777486 0.00026359 0.00232772 0.00191295 -0.00193226 -0.000804075 0.00600458 -0.0074342 -0.0101818  0 0 0 0 0 0 0 0 0 0 1 0 0 0 0 0 0 0
FAM716 D2003006614 0.0211096 -0.00755026 0.000366775 0.000266171 -0.00070627 -0.00411371 0.000833643 0.00976484 -0.00899604 -0.00733378  0 0 0 0 0 0 0 0 0 0 0 0 0 0 0 0 1 0
FAM717 D2003006616 0.0213279 -0.00793552 0.00353144 -0.000109446 0.0034841 -0.00245692 -0.000283256 0.00696828 -0.0076552 -0.00702482  0 0 0 0 0 0 0 0 0 0 1 0 0 0 0 0 0 0
FAM718 D2003006617 0.0211417 -0.00682308 0.00121531 -0.000604558 0.00311763 -0.00164043 0.000419063 0.00783626 -0.00824443 -0.00642593  0 0 0 0 0 0 0 0 0 0 0 0 0 0 0 0 1 0
FAM719 D2003006618 0.0196217 -0.00804272 -0.00012798 -0.00125632 0.00247197 -0.00154674 0.00160761 0.00679143 -0.0105694 -0.00595273  0 0 0 0 0 0 0 0 0 0 1 0 0 0 0 0 0 0
FAM720 D2003006619 0.0198927 -0.00817103 -0.000358771 -0.00119531 0.00215411 -0.00083791 0.00216607 0.00677979 -0.0112027 -0.00571444  0 0 0 0 0 0 0 0 0 0 1 0 0 0 0 0 0 0
FAM721 D2003006622 0.0214013 -0.0071597 -0.000152305 -6.14786e-05 -2.78702e-05 -0.00403923 0.000513494 0.00955516 -0.0091027 -0.00546589  0 0 0 0 0 0 0 0 0 0 0 0 0 0 0 0 1 0
FAM722 D2003006623 0.0202144 -0.00773771 0.00256771 0.000350134 0.00326242 -0.00508308 -0.00175722 0.0089393 -0.00799713 -0.00733281  0 0 0 0 0 0 0 0 0 0 0 0 0 0 0 0 1 0
FAM723 D2003006624 0.0206689 -0.00806028 0.00245975 0.00204049 0.00288295 -0.00651324 -0.00168855 0.00982856 -0.00765219 -0.00698267  0 0 0 0 0 0 0 0 0 0 0 0 0 0 0 0 1 0
FAM724 D2003006626 0.0184113 -0.00870097 0.00124947 -0.00376203 0.00186235 -0.0011147 -0.000283324 0.0105868 -0.0112515 -0.00949025  0 0 0 0 0 0 0 0 0 0 1 0 0 0 0 0 0 0
FAM725 D2003006628 0.0162637 -0.0074021 -0.00129049 -7.42081e-05 -0.00122662 -0.00403204 0.000972161 0.00853798 -0.00987396 -0.00243201  0 0 0 0 0 0 0 0 0 0 0 0 0 0 0 0 1 0
FAM726 D2003006629 0.0172288 -0.00273644 -0.00475868 -0.00172444 -0.00220897 -0.00664429 0.00365362 0.00367338 -0.0102503 -0.00724478  0 0 0 0 0 0 0 0 0 0 0 0 0 0 0 0 1 0
FAM727 D2003006630 0.0129032 -0.000879553 -0.00158236 -0.00779008 0.00231342 -0.00759037 0.00483651 0.0077492 -0.00570658 0.00472822  0 0 0 0 0 0 0 0 0 0 0 0 0 0 0 0 1 0
FAM728 D2003006631 0.0215382 -0.00727808 -0.00208239 -0.0010193 -0.000352138 0.000253925 0.000837177 0.0080096 -0.0104315 -0.00685936  0 0 0 0 0 0 0 0 0 0 0 0 0 0 0 0 1 0
FAM729 D2003006632 0.0207866 -0.00407222 -0.00335975 -0.00153866 -0.00115322 0.000917092 0.00408263 0.00722676 -0.0112061 -0.000995856  0 0 0 0 0 0 0 0 0 0 0 0 0 1 0 0 0 0
FAM730 D2003006633 0.0176212 -0.00541146 0.00200446 0.00351728 -0.000858793 -0.00780058 -0.000887616 0.0055166 -0.00460571 -0.00210976  0 0 0 0 0 0 0 0 0 0 0 0 0 1 0 0 0 0
FAM731 D2003006634 0.0225214 -0.00759014 -0.00237296 -0.00210767 -0.000340256 -0.00153042 0.00388797 0.00224288 -0.00551375 -0.00651076  0 0 0 0 0 0 0 0 0 0 0 0 0 1 0 0 0 0
FAM732 D2003006635 0.0210746 -0.00620119 -0.00233015 -0.00267822 0.00220997 6.10039e-05 0.00553026 0.00486561 -0.00654768 0.00227377  0 0 0 0 0 0 0 0 0 0 0 0 0 1 0 0 0 0
FAM733 D2003006636 0.0191431 -0.00619636 -0.000860741 -0.00107463 0.000877698 -0.000847131 0.00599051 0.00682121 -0.0104208 0.00102139  0 0 0 0 0 0 0 0 0 0 0 0 0 1 0 0 0 0
FAM734 D2003006637 0.0185942 -0.00651648 -0.00220105 -0.00190972 0.00159963 -0.00248987 0.00596497 0.00720727 -0.00957054 0.000228992  0 0 0 0 0 0 0 0 0 0 0 0 0 1 0 0 0 0
FAM735 D2003006638 0.0185796 -0.00636535 -0.00052471 0.00253109 0.000992868 -0.00469483 0.00233411 0.00477959 -0.00629425 -0.00381431  0 0 0 0 0 0 0 0 0 0 0 0 0 0 0 0 1 0
FAM736 D2003006639 0.017509 -0.00604788 4.96739e-05 -0.000998905 -0.00367881 -0.00369815 0.00489212 0.00822554 -0.00842193 -0.00245245  0 0 0 0 0 0 0 0 0 0 0 0 0 1 0 0 0 0
FAM737 D2003006640 0.0243287 -0.00908113 -0.00280977 -0.000206085 0.000322324 0.00102465 0.00439877 0.00817484 -0.0145215 -0.00885677  0 0 0 0 0 0 0 0 0 0 0 0 0 1 0 0 0 0
FAM738 D2003006641 0.022816 -0.00681785 -0.00310594 -0.000862304 0.00185475 0.000711042 0.00528743 0.00695032 -0.00677792 0.00147671  0 0 0 0 0 0 0 0 0 0 0 0 0 1 0 0 0 0
FAM739 D2003006642 0.0170625 -0.00690925 -0.000979888 -0.000113611 -0.000550124 -0.00396601 0.00198187 0.00674137 -0.00890186 -0.00777174  0 0 0 0 0 0 0 0 0 0 0 0 0 1 0 0 0 0
FAM740 D2003006643 0.0217905 -0.00593779 -0.00240927 -0.00139134 0.00115786 0.000553008 0.00273446 0.00603164 -0.00873207 -0.00150699  0 0 0 0 0 0 0 0 0 0 0 0 0 1 0 0 0 0
FAM741 D2003006645 0.0254213 -0.00700404 -0.00247008 -0.000118519 0.00124179 0.0041785 0.000331964 0.00829803 -0.0118352 -0.00271913  0 0 0 0 0 0 0 0 0 0 0 0 0 1 0 0 0 0
FAM742 D2003006646 0.0230443 -0.00745243 -0.00224803 -0.00170552 -0.000705546 0.0018183 -0.00198911 0.0112399 -0.0174421 -0.00755284  0 0 0 0 0 0 0 0 0 0 0 0 0 0 0 0 1 0
FAM743 D2003006647 0.0189621 -0.00714809 0.000522489 -0.00166695 0.000521451 -0.00403188 0.0061407 0.00901466 -0.00856145 -0.00502954  0 0 0 0 0 0 0 0 0 0 0 0 0 1 0 0 0 0
FAM744 D2003006648 0.021136 -0.00706086 -0.00333739 -0.000129829 -0.000463252 0.000866744 0.000522341 0.00141645 -0.00678163 0.00420519  0 0 0 0 0 0 0 0 0 0 0 0 0 0 0 0 1 0
FAM745 D2003006649 0.0214195 -0.00473936 -0.00256225 -0.00318638 -0.00123158 0.00184618 0.000581617 0.0114906 -0.0150037 -0.00619758  0 0 0 0 0 0 0 0 0 0 0 0 0 0 0 0 1 0
FAM746 D2003006650 0.0215502 -0.00639466 -0.00217622 0.000830274 -0.000576341 0.000599709 -0.00010029 0.00598027 -0.00730517 -0.00243184  0 0 0 0 0 0 0 0 0 0 0 0 0 0 0 0 1 0
FAM747 D2003006651 0.0209837 -0.00631353 -0.00270082 -0.00125559 0.000567453 -0.00240323 -0.000868767 0.00249747 -0.00808594 -0.00408272  0 0 0 0 0 0 0 0 0 0 0 0 0 0 0 0 1 0
FAM748 D2003006652 0.0178229 -0.00581638 -0.0019613 -0.000856076 -0.00222035 -0.00502475 0.000474853 0.00783406 -0.0108494 0.000723895  0 0 0 0 0 0 0 0 0 0 0 0 0 0 0 0 1 0
FAM749 D2003006653 0.0214187 -0.00554161 0.000357171 -0.00132208 0.000122705 -0.00217682 0.00172907 0.00900281 -0.0120486 -0.00303883  0 0 0 0 0 0 0 0 0 0 0 0 0 0 0 0 1 0
FAM750 D2003006654 0.020669 -0.00746013 -0.000781199 -0.00309193 0.00157311 0.00936853 0.000759662 -0.00564259 0.00210251 0.00502353  0 0 0 0 0 0 0 0 0 0 0 0 0 1 0 0 0 0
FAM751 D2003006655 0.0155001 -0.00418968 -0.00150962 -0.00109082 -0.00237647 -0.00351865 0.0029965 0.00530562 -0.00873325 -0.00298464  0 0 0 0 0 0 0 0 0 0 0 0 0 0 0 0 1 0
FAM752 D2003006657 0.0171706 -0.00552445 -0.000794436 -0.00178471 0.000386704 -0.00526201 0.00483408 0.0073 -0.00511918 -0.00264443  0 0 0 0 0 0 0 0 0 0 0 0 0 0 0 0 1 0
FAM753 D2003006658 0.0136804 -0.00301385 -0.00193458 -0.00246678 -0.00263161 -0.00580985 0.00506776 0.00564801 -0.00722722 -0.00150924  0 0 0 0 0 0 0 0 0 0 0 0 0 0 0 0 1 0
FAM754 D2003006659 0.0125126 -0.00739089 -6.04009e-05 -0.00285397 -0.00352263 -0.00359902 0.0028903 0.00565667 -0.00256663 -0.00524001  0 0 0 0 0 0 0 0 0 0 0 0 0 0 0 0 1 0
FAM755 D2003006660 0.0177648 -0.00454911 -0.00125394 0.00144587 -0.0026788 -0.00395574 0.00148098 0.00516556 -0.00599023 -0.00476251  0 0 0 0 0 0 0 0 0 0 0 0 0 0 0 0 1 0
FAM756 D2003006661 0.0244223 -0.0092785 -0.00124752 -0.000417744 0.00259723 0.00743764 -0.00383315 -0.00606402 0.0100655 0.00531138  0 0 0 0 0 0 0 0 0 0 0 1 0 0 0 0 0 0
FAM757 D2003006662 0.0237138 -0.00659728 -0.00125712 -5.33165e-06 0.000383352 -0.00193829 0.00289725 0.00940951 -0.00730427 -0.00660422  0 0 0 0 0 0 0 0 0 0 1 0 0 0 0 0 0 0
FAM758 D2003006663 0.0219348 -0.00378682 -0.00228707 0.000664009 0.000281022 -0.00319146 0.00293275 0.00914862 -0.0110771 -0.00916665  0 0 0 0 0 0 0 0 0 0 1 0 0 0 0 0 0 0
FAM759 D2003006664 0.0232169 -0.00494832 0.00582902 0.00880176 0.00276328 -0.0117455 0.000683833 0.0176303 -0.0110797 -0.0167893  0 0 0 0 0 0 0 0 0 0 0 0 0 0 0 1 0 0
FAM760 D2003006665 0.0195762 -0.00630644 -0.00448947 0.00293147 -0.00343163 0.00392419 -0.00311433 0.00442024 -0.0131 -0.012941  0 0 0 0 0 0 0 0 0 0 0 0 0 0 0 0 1 0
FAM761 D2003006666 0.0206097 -0.00244339 0.00772433 0.0122716 0.00253071 -0.0133158 0.000640312 0.0117172 -0.00753249 -0.0161942  0 0 0 0 0 0 0 0 0 0 0 0 0 0 0 1 0 0
FAM762 D2003006667 0.0263787 -0.00811038 -0.00378261 -0.0011611 0.00205305 0.00485016 0.00240815 0.00649025 -0.0135073 -0.00688528  0 0 0 0 0 0 0 0 0 0 0 0 0 1 0 0 0 0
FAM763 D2003006669 0.0262939 -0.00740874 -0.00412803 -0.00170383 0.0017449 0.00642931 0.00128165 0.00697221 -0.0150718 -0.00519204  0 0 0 0 0 0 0 0 0 0 0 0 0 1 0 0 0 0
FAM764 D2003006670 0.0264972 -0.00925427 -0.00166225 -0.0029909 0.00367384 0.00926434 0.000843206 0.00374631 -0.00873642 -0.00251961  0 0 0 0 0 0 0 0 0 0 0 0 0 1 0 0 0 0
FAM765 D2003006671 0.0172251 -0.00590698 -0.00218211 -0.00164824 -0.00157966 0.00020617 0.0025325 0.00608246 -0.0143316 -0.000523885  0 0 0 0 0 0 0 0 0 0 0 0 0 0 0 0 1 0
FAM766 D2003006672 0.0211383 -0.00142204 -0.00445407 -0.00416092 0.00113146 -9.38096e-05 0.00361723 0.00878604 -0.00669022 -0.00200592  0 0 0 0 0 0 0 0 0 0 0 0 0 1 0 0 0 0
FAM767 D2003006673 0.0209784 -0.00538303 -0.00314833 -0.00125277 0.00107179 0.00153726 0.00452948 0.00561819 -0.00714179 -0.00115989  0 0 0 0 0 0 0 0 0 0 0 0 0 0 0 0 1 0
FAM768 D2003006674 0.023799 -0.00456962 -0.00397859 -0.00214902 -8.50623e-05 0.0044833 0.00310127 0.00861904 -0.0123041 -0.0044827  0 0 0 0 0 0 0 0 0 0 0 0 0 1 0 0 0 0
FAM769 D2003006675 0.0222512 -0.00327803 -0.00409249 -0.0037274 0.00111197 0.00206799 0.00193588 0.0107327 -0.00940685 -0.00243716  0 0 0 0 0 0 0 0 0 0 0 0 0 1 0 0 0 0
FAM770 D2003006676 0.0239097 -0.00624114 -0.00337216 -0.0022115 0.000425806 0.00172077 0.00210489 0.00815621 -0.0138047 -0.00454577  0 0 0 0 0 0 0 0 0 0 0 0 0 0 0 0 1 0
FAM771 D2003006677 0.0233551 -0.00757614 -0.000319288 -0.001832 0.00281567 0.00334641 0.00353016 0.0040522 -0.00566292 -0.000278948  0 0 0 0 0 0 0 0 0 0 0 0 0 1 0 0 0 0
FAM772 D2003006678 0.0140212 -0.0036483 -0.00274406 -0.00130064 -0.000989788 -0.00799277 0.00685966 0.00371094 -0.00747103 0.00248557  0 0 0 0 0 0 0 0 0 0 0 0 0 1 0 0 0 0
FAM773 D2003006679 0.0232816 -0.00739646 -0.00101546 -0.00088746 0.000571746 0.000674781 0.00266763 0.00662943 -0.0113293 -0.00489273  0 0 0 0 0 0 0 0 0 0 0 0 0 1 0 0 0 0
FAM774 D2003006680 0.0250324 -0.0109832 -0.00289781 -0.00442187 0.00273998 0.0137262 -0.00104268 0.000123029 -0.00569998 -0.00361356  0 0 0 0 0 0 0 0 0 0 0 0 1 0 0 0 0 0
FAM775 D2003006681 0.0154658 -0.00736401 0.0043745 -0.00689486 -0.000121197 0.00274245 0.00163098 0.00633813 -0.0112862 -0.00256551  0 0 0 0 0 0 0 0 0 0 0 0 0 0 0 0 1 0
FAM776 D2003006682 0.0154681 -0.00416813 0.000249094 -0.00084053 -0.00139111 -0.0061143 0.00376467 0.00457476 -0.00820226 -0.0167892  0 0 0 0 0 0 0 0 0 0 0 0 0 1 0 0 0 0
FAM777 D2003006683 0.0184193 -0.00893592 0.000961515 -0.00336507 -0.00188928 0.00064763 0.00615005 0.00427118 -0.00337095 -0.00659597  0 0 0 0 0 0 0 0 0 0 1 0 0 0 0 0 0 0
FAM778 D2003006684 0.0152778 -0.00322403 -0.0022045 -0.00616481 -0.00106902 -0.00711649 0.00285697 0.00392938 -0.00227058 0.00260084  0 0 0 0 0 0 0 0 0 0 1 0 0 0 0 0 0 0
FAM779 D2003006685 0.0181583 -0.00741667 -0.00117993 -0.000410819 0.00255797 -0.00178709 0.00367505 0.00580375 -0.0100092 -0.00852009  0 0 0 0 0 0 0 0 0 0 1 0 0 0 0 0 0 0
FAM780 D2003006686 0.0138633 -0.00445262 -0.00111935 -0.00468567 -0.000819949 -0.00888293 0.00393522 0.00331654 -0.000770811 -0.000200846  0 0 0 0 0 0 0 0 0 0 0 0 0 0 0 0 1 0
FAM781 D2003006687 0.00903656 -0.00819343 0.00141653 -0.0053857 -0.00401976 -0.00552859 0.00337563 0.00575664 -0.00432411 -0.00475633  0 0 0 0 0 0 0 0 0 0 0 0 0 0 0 0 1 0
FAM782 D2003006688 0.0131583 -0.00371029 -0.000175173 -0.00423382 -0.00364451 -0.00825791 0.00381087 0.00784996 -0.00710711 -0.00342784  0 0 0 0 0 0 0 0 0 0 0 0 0 0 0 0 1 0
FAM783 D2003006690 0.0173718 -0.00244955 0.00218675 0.00357175 0.000380281 -0.0102405 0.00137192 0.0107799 -0.00750904 -0.00769015  0 0 0 0 0 0 0 0 0 0 0 0 0 0 0 0 1 0
FAM784 D2003006691 0.0207141 -0.00920393 -0.000209434 -0.00405383 0.00133488 0.00307163 0.0077319 0.00755304 -0.00614931 -0.00524546  0 0 0 0 0 0 0 0 0 0 1 0 0 0 0 0 0 0
FAM785 D2003006692 0.0138403 -0.00141931 -0.000364499 -0.0044321 -0.000940108 -0.00751626 0.00543363 0.00749134 -0.00766294 -0.00523234  0 0 0 0 0 0 0 0 0 0 0 0 0 0 0 0 1 0
FAM786 D2003006693 0.0115616 -0.00568899 0.000235807 -0.00104133 -0.00143855 -0.00644265 0.00224725 0.00355949 -0.00388698 0.00123789  0 0 0 0 0 0 0 0 0 0 0 0 0 0 0 0 1 0
FAM787 D2003006694 0.0172081 -0.002556 0.00237287 0.00334346 0.000364843 -0.0101432 0.00123671 0.01075 -0.00743411 -0.00770576  0 0 0 0 0 0 0 0 0 0 0 0 0 0 0 0 1 0
FAM788 D2003006695 0.009879 -0.00145312 -0.00361458 -0.00550049 0.00118545 -0.00666522 0.0087664 0.00358127 -0.00405106 0.00246695  0 0 0 0 0 0 0 0 0 0 0 0 0 0 0 0 1 0
FAM789 D2003006696 0.0208372 -0.00608597 -0.00177348 -0.00186277 0.000958861 0.00423927 0.00138956 0.00678234 -0.0104295 -0.00437963  0 0 0 0 0 0 0 0 0 0 0 0 0 1 0 0 0 0
FAM790 D2003006697 0.0227483 -0.00544115 -0.00148523 -0.000353184 0.000300525 -0.000907704 0.0028805 0.00605452 -0.0070673 0.00036272  0 0 0 0 0 0 0 0 0 0 0 0 0 1 0 0 0 0
FAM791 D2003006698 0.0225008 -0.00716672 -0.000243424 -3.92161e-05 0.000611149 0.00011171 0.00146785 0.00899778 -0.00861396 -0.00398897  0 0 0 0 0 0 0 0 0 0 0 0 0 0 0 0 1 0
FAM792 D2003006699 0.0290063 -0.0136858 -0.00342832 -0.0038659 0.00604188 0.0337353 -0.00666295 -0.0345843 0.0361679 0.0196781  0 0 0 0 0 0 0 0 0 0 0 1 0 0 0 0 0 0
FAM793 D2003006700 0.0229479 -0.00714299 -0.00276646 -0.0024408 0.00108901 0.00578796 0.000258618 0.00104563 -0.00354059 -0.00280292  0 0 0 0 0 0 0 0 0 0 0 0 0 1 0 0 0 0
FAM794 D2003006701 0.0231742 -0.00552165 -0.00360808 -0.00333471 0.00143749 0.00459088 0.00340265 0.00800704 -0.0159725 -0.0120075  0 0 0 0 0 0 0 0 0 0 0 0 1 0 0 0 0 0
FAM795 D2003006702 0.0308747 -0.0175747 -0.00249345 -0.00479335 0.00821078 0.0469125 -0.013267 -0.0490722 0.0507349 0.0312408  0 0 0 0 0 0 0 0 0 0 0 1 0 0 0 0 0 0
FAM796 D2003006703 0.0279166 -0.0153021 -0.00337306 -0.00361248 0.00659255 0.0385073 -0.0117935 -0.0402724 0.0436271 0.0239778  0 0 0 0 0 0 0 0 0 0 0 1 0 0 0 0 0 0
FAM797 D2003006704 0.0233037 -0.00718352 -0.00105114 -0.0024258 0.000710726 0.00172106 0.0036989 0.006694 -0.00911302 -0.00403561  0 0 0 0 0 0 0 0 0 0 1 0 0 0 0 0 0 0
FAM798 D2003006705 0.0230792 -0.00767648 -0.0030514 -0.00110196 0.00240337 -0.00100276 0.00217966 0.00481734 -0.0093119 -0.00292787  0 0 0 0 0 0 0 0 0 0 0 0 0 1 0 0 0 0
FAM799 D2003006706 0.0292164 -0.0131489 -0.00308078 -0.00753093 0.00939453 0.0395084 -0.00916066 -0.0378428 0.0497276 0.0280843  0 0 0 0 0 0 0 0 0 0 0 1 0 0 0 0 0 0
FAM800 D2003006707 0.029725 -0.0129653 -0.00359181 -0.00708244 0.0094203 0.0399901 -0.00902083 -0.0384815 0.0503449 0.0287501  0 0 0 0 0 0 0 0 0 0 0 1 0 0 0 0 0 0
FAM801 D2003006708 0.0249144 -0.00671551 -0.00215879 -0.00264302 0.00160049 0.00225145 0.00255339 0.00818615 -0.00642168 -0.00765611  0 0 0 0 0 0 0 0 0 0 1 0 0 0 0 0 0 0
FAM802 D2003006709 0.0239762 -0.00733299 -0.00321126 -0.00268715 0.00188249 0.00183779 0.00450005 0.00427694 -0.0092937 -0.00627571  0 0 0 0 0 0 0 0 0 0 1 0 0 0 0 0 0 0
FAM803 D2003006710 0.020465 -0.00264698 0.00790811 0.0119732 0.00256315 -0.0132041 0.000515695 0.0115663 -0.00748725 -0.0162504  0 0 0 0 0 0 0 0 0 0 0 0 0 0 0 1 0 0
FAM804 D2003006711 0.0235154 -0.00825963 -0.00346329 0.00104229 -0.000968122 0.00250677 -0.00323084 0.00903549 -0.00881944 -0.00433711  0 0 0 0 0 0 0 0 0 0 1 0 0 0 0 0 0 0
FAM805 D2003006712 0.0229688 -0.00640187 -0.00129083 -0.00161149 0.000120728 -0.00361456 0.000694269 0.011581 -0.0097963 -0.00523736  0 0 0 0 0 0 0 0 0 0 1 0 0 0 0 0 0 0
FAM806 D2003006714 0.0244439 -0.00816586 -0.00166153 -0.00199415 0.00340056 0.00218527 0.00344971 0.00787537 -0.00734746 -0.00355195  0 0 0 0 0 0 0 0 0 0 1 0 0 0 0 0 0 0
FAM807 D2003006716 0.0215263 -0.00719206 -0.000572101 -0.00197731 -3.94177e-05 -0.000181033 0.00202131 0.00550445 -0.0115857 -0.00973999  0 0 0 0 0 0 0 0 0 0 0 0 0 1 0 0 0 0
FAM808 D2003006717 0.0193026 -0.004703 -0.0031032 -0.0037355 0.00150507 -0.00162399 -0.000443793 0.00814387 -0.0103585 -0.00461763  0 0 0 0 0 0 0 0 0 0 0 0 0 0 0 0 0 0
FAM809 D2003006718 0.018564 -0.00552569 -0.000182886 -0.0030484 0.000613169 -0.00088393 0.00145516 0.00779496 -0.0117725 -0.00543089  0 0 0 0 0 0 0 0 0 0 0 0 0 0 0 0 0 0
FAM810 D2003006719 0.0192573 -0.00627943 -0.000832742 -0.00106408 -1.11308e-05 -0.000641478 0.000733951 0.00697911 -0.00711789 -0.00668755  0 0 0 0 0 0 0 0 0 0 0 0 0 0 0 0 1 0
FAM811 D2003006720 0.0185274 -0.00674739 0.001132 -0.00435443 -0.00121816 -0.00236606 0.00333056 0.00946144 -0.0113299 -0.00719373  0 0 0 0 0 0 0 0 0 0 1 0 0 0 0 0 0 0
FAM812 D2003006721 0.015485 -0.00684657 -0.0019883 -0.00268885 -0.00150781 -0.00191976 0.00234305 0.00816074 -0.00709433 -0.00387486  0 0 0 0 0 0 0 0 0 0 1 0 0 0 0 0 0 0
FAM813 D2003006722 0.0162759 -0.00550926 0.000135003 -0.00351317 0.00168252 -0.00381961 0.00293019 0.00676962 -0.00510108 -0.00594798  0 0 0 0 0 0 0 0 0 0 1 0 0 0 0 0 0 0
FAM814 D2003006723 0.0184437 -0.00638683 -0.000862351 -0.00287992 0.000470574 -0.00360574 0.0030536 0.00937132 -0.0116295 -0.00479261  0 0 0 0 0 0 0 0 0 0 1 0 0 0 0 0 0 0
FAM815 D2003006724 0.0178621 -0.00689346 -0.000164191 -0.00352227 0.000389336 -0.00336115 0.00268676 0.00930316 -0.0114985 -0.00496971  0 0 0 0 0 0 0 0 0 0 1 0 0 0 0 0 0 0
FAM816 D2003006725 0.0168043 -0.00851077 0.00320814 -0.00532401 0.00277078 -0.00111083 -0.000434588 0.00973629 -0.0124352 -0.00959955  0 0 0 0 0 0 0 0 0 0 1 0 0 0 0 0 0 0
FAM817 D2003006726 0.0241198 -0.00856569 -0.00266838 -0.00465487 0.0018217 0.00512148 0.000884129 0.00953812 -0.0158083 -0.0124841  0 0 0 0 0 0 0 0 0 0 0 0 1 0 0 0 0 0
FAM818 D2003006727 0.0181658 -0.00445239 -0.00287138 -0.00158451 -0.00418196 0.00147473 0.000443957 0.000788563 -0.00927829 -0.0127429  0 0 0 0 0 0 0 0 0 0 0 0 0 0 0 0 1 0
FAM819 D2003006728 0.016784 -0.00609898 0.00128785 -0.00067389 -0.00111771 -0.000791081 -0.000735864 0.0105298 -0.0139301 -0.00617442  0 0 0 0 0 0 0 0 0 0 0 0 0 0 0 0 1 0
FAM820 D2003006729 0.0170225 -0.00403079 -0.000166793 0.00180209 0.00107898 -0.00287221 0.000970619 0.00988523 -0.0132709 -0.00745641  0 0 0 0 0 0 0 0 0 0 0 0 0 0 0 0 1 0
FAM821 D2003006730 0.0139024 -0.000191201 -0.00331442 0.00246332 -0.00494335 -0.00458775 -0.00156699 -0.0100476 -0.00889245 -0.0183544  0 0 0 0 0 0 0 0 0 0 0 0 0 0 0 0 1 0
FAM822 D2003006731 0.0214758 -0.00411864 -0.00522577 0.000487475 -0.00338802 0.00127082 0.00168293 0.000905263 -0.0148324 -0.0126701  0 0 0 0 0 0 0 0 0 0 0 0 0 0 0 0 1 0
FAM823 D2003006732 0.0203823 -0.00509817 -0.00627818 0.000880349 -0.00307979 -0.00390622 -0.00344281 0.0158607 -0.0176265 -0.00582466  0 0 0 0 0 0 0 0 0 0 0 0 0 0 0 0 1 0
FAM824 D2003006733 0.0172323 -0.00175696 -0.00313371 0.00284183 -0.00250802 -0.00604123 0.00473209 0.00416208 -0.00595872 -0.00598968  0 0 0 0 0 0 0 0 0 0 0 0 0 0 0 0 1 0
FAM825 D2003006734 0.0145562 -0.0029862 -0.00321524 0.00425431 -0.00716305 0.0019179 0.00166932 0.00933985 -0.00904864 -0.0028449  0 0 0 0 0 0 0 0 0 0 0 0 0 0 0 0 1 0
FAM826 D2003006735 0.0175776 -0.00118575 0.000643175 0.00580039 -0.00786378 -0.00549827 -0.00033436 0.00736645 -0.0105411 -0.00458945  0 0 0 0 0 0 0 0 0 0 0 0 0 0 0 0 1 0
FAM827 D2003006736 0.0172855 -0.000908388 -0.00429471 0.00109788 -0.00405303 -0.00164906 0.0010573 0.00274589 -0.0128861 -0.00705905  0 0 0 0 0 0 0 0 0 0 0 0 0 0 0 0 1 0
FAM828 D2003006737 0.0137459 -0.000977061 -0.00771864 0.0033703 -0.011477 -0.00398919 9.45394e-05 9.67414e-05 -0.00919986 -0.0121527  0 0 0 0 0 0 0 0 0 0 0 0 0 0 0 0 1 0
FAM829 D2003006738 0.016205 -0.00151822 -0.00620307 0.00494381 -0.00702124 0.00258425 -0.000623509 -0.00853215 -0.0126021 -0.0198035  0 0 0 0 0 0 0 0 0 0 0 0 0 0 0 0 1 0
FAM830 D2003006739 0.0179311 -0.00646028 -0.00270974 0.00361056 -0.00264693 -0.00182215 -0.00353635 0.00518905 -0.00970949 -0.013271  0 0 0 0 0 0 0 0 0 0 0 0 0 0 0 0 1 0
FAM831 D2003006740 0.0201975 -0.00581683 -0.00521484 0.00362681 -0.00327703 0.00364769 -0.0024794 0.00482063 -0.0133763 -0.0124409  0 0 0 0 0 0 0 0 0 0 0 0 0 0 0 0 1 0
FAM832 D2003006741 0.01931 -0.00637388 -0.00368641 0.0030309 -0.00322759 0.000645126 -0.00234958 0.00662175 -0.0123893 -0.0117427  0 0 0 0 0 0 0 0 0 0 0 0 0 0 0 0 1 0
FAM833 D2003006742 0.0155628 -0.00335289 0.000792817 -0.00017042 -0.000625796 -0.00251878 -0.00143763 0.00568081 -0.017586 -0.00360319  0 0 0 0 0 0 0 0 0 0 0 0 0 0 0 0 1 0
FAM834 D2003006744 0.024416 -0.00683879 -0.00405519 -0.0013863 0.000700346 0.00611718 0.00176155 0.00927159 -0.0160084 -0.00868403  0 0 0 0 0 0 0 0 0 0 0 0 1 0 0 0 0 0
FAM835 D2003006745 0.0263646 -0.00716025 -0.00341701 -0.00107319 0.00186538 0.00576855 0.00226284 0.00976576 -0.0162868 -0.00810233  0 0 0 0 0 0 0 0 0 0 0 0 1 0 0 0 0 0
FAM836 D2003006746 0.0256793 -0.00610382 -0.00522421 -0.00146772 0.0025618 0.00755549 0.0035517 0.00818488 -0.0173768 -0.00975901  0 0 0 0 0 0 0 0 0 0 0 0 1 0 0 0 0 0
FAM837 D2003006747 0.025246 -0.00532413 -0.00254361 -0.0023128 0.000711536 0.0048101 0.00344201 0.00975216 -0.0201231 -0.0119784  0 0 0 0 0 0 0 0 0 0 0 0 1 0 0 0 0 0
FAM838 D2003006748 0.0261908 -0.00931312 -0.00115093 -0.00138219 0.000250275 0.00872587 -0.00091213 0.00885422 -0.0153545 -0.0122413  0 0 0 0 0 0 0 0 0 0 0 0 1 0 0 0 0 0
FAM839 D2003006750 0.0253097 -0.00999068 -0.000285141 -0.00244183 2.85863e-05 0.00886995 -0.00146253 0.00865564 -0.0149101 -0.0124228  0 0 0 0 0 0 0 0 0 0 0 0 1 0 0 0 0 0
FAM840 D2003006751 0.0235536 -0.00553543 -0.00262948 -0.00222562 0.000162839 0.00689003 0.00254985 0.010355 -0.0147215 -0.0106914  0 0 0 0 0 0 0 0 0 0 0 0 1 0 0 0 0 0
FAM841 D2003006752 0.0243503 -0.00721125 -0.00358751 -0.00297318 0.00246984 0.0079746 0.00259576 0.00792984 -0.0168432 -0.0103037  0 0 0 0 0 0 0 0 0 0 0 0 1 0 0 0 0 0
FAM842 D2003006753 0.0231891 -0.00863886 -0.00234269 -0.004563 0.000651798 0.0067323 0.00117031 0.00956657 -0.0169689 -0.0117893  0 0 0 0 0 0 0 0 0 0 0 0 1 0 0 0 0 0
FAM843 D2003006754 0.0229189 -0.00810252 -0.00167672 -0.000889852 0.000866407 0.00723983 0.00185437 0.00977043 -0.0161604 -0.0131721  0 0 0 0 0 0 0 0 0 0 0 0 1 0 0 0 0 0
FAM844 D2003006755 0.0252672 -0.00756429 -0.00276594 -0.00316819 0.00231576 0.00736951 -0.000155854 0.00620736 -0.0144829 -0.0133662  0 0 0 0 0 0 0 0 0 0 0 0 1 0 0 0 0 0
FAM845 D2003006756 0.0225892 -0.00628693 -0.00394124 -0.00213488 0.000445735 0.0024432 0.00379939 0.00697935 -0.0163983 -0.00929897  0 0 0 0 0 0 0 0 0 0 0 0 1 0 0 0 0 0
FAM846 D2003006757 0.0246705 -0.00693185 -0.0031051 -0.00185459 0.00253899 0.00483544 0.00206659 0.00872905 -0.0168631 -0.0103878  0 0 0 0 0 0 0 0 0 0 0 0 1 0 0 0 0 0
FAM847 D2003006758 0.0222736 -0.00713538 -0.00150477 -0.00183986 1.36047e-05 0.00507416 0.00245858 0.00926067 -0.0156126 -0.00895681  0 0 0 0 0 0 0 0 0 0 0 0 1 0 0 0 0 0
FAM848 D2003006759 0.0244123 -0.00724905 -0.00271936 -0.00227895 0.00254104 0.00486845 0.0018251 0.00894009 -0.0169398 -0.010666  0 0 0 0 0 0 0 0 0 0 0 0 1 0 0 0 0 0
FAM849 D2003006760 0.0247705 -0.00990979 -0.00204272 -0.00345448 0.00193235 0.00667969 3.12458e-05 0.00680354 -0.013591 -0.00992272  0 0 0 0 0 0 0 0 0 0 0 0 1 0 0 0 0 0
FAM850 D2003006761 0.0248307 -0.00970826 -0.0021236 -0.00330809 0.00180942 0.00640906 0.000106877 0.00695983 -0.0138421 -0.00987956  0 0 0 0 0 0 0 0 0 0 0 0 1 0 0 0 0 0
FAM851 D2003006762 0.0230448 -0.00553045 -0.00247462 -0.00283688 0.000733904 0.00611508 0.00227548 0.00794897 -0.0143735 -0.00987171  0 0 0 0 0 0 0 0 0 0 0 0 1 0 0 0 0 0
FAM852 D2003006763 0.0235687 -0.00646534 -0.00168358 -0.00254411 0.000483991 0.00485258 0.000405666 0.00730902 -0.0133656 -0.00964375  0 0 0 0 0 0 0 0 0 0 0 0 1 0 0 0 0 0
FAM853 D2003006764 0.0189579 -0.00689611 -0.00371839 0.00194553 -0.00345261 0.00450223 -0.00369625 0.00406451 -0.0128926 -0.0128705  0 0 0 0 0 0 0 0 0 0 0 0 0 0 0 0 1 0
FAM854 D2003006765 0.0190275 -0.00428972 -0.003638 0.000344557 -0.0015242 -0.00240729 -0.00276957 0.00849372 -0.00761008 -0.00349015  0 0 0 0 0 0 0 0 0 0 0 0 0 0 0 0 1 0
FAM855 D2003006766 0.0162823 -0.00405075 -0.000863651 0.00345695 -0.00216733 0.00294346 0.000855758 0.0081747 -0.00732697 -0.00325543  0 0 0 0 0 0 0 0 0 0 0 0 0 0 0 0 1 0
FAM856 D2003006767 0.017837 -0.00336409 -0.00133269 -0.000966274 -0.000459831 -0.00645628 0.00348038 0.00797735 -0.00993947 -0.00516338  0 0 0 0 0 0 0 0 0 0 0 0 0 0 0 0 1 0
FAM857 D2003006768 0.0206938 -0.00415147 -0.000407089 8.56161e-05 4.49576e-05 -0.00342263 0.00265397 0.00973908 -0.0131797 -0.00479574  0 0 0 0 0 0 0 0 0 0 1 0 0 0 0 0 0 0
FAM858 D2003006769 0.0167134 -0.00347016 0.000832389 0.00217574 -0.00434039 -0.00493338 0.00100188 0.00913722 -0.00971034 -0.00369117  0 0 0 0 0 0 0 0 0 0 0 0 0 0 0 0 1 0
FAM859 D2003006770 0.0150007 -0.000485901 -0.00402822 0.00241407 -0.00980515 0.00199942 -0.000135669 -0.000814213 -0.0122989 -0.0169647  0 0 0 0 0 0 0 0 0 0 0 0 0 0 0 0 1 0
FAM860 D2003006771 0.0165539 -0.00276235 -0.00058538 0.00226175 -0.00252692 -0.00424392 -0.00161434 0.00941664 -0.0122399 -0.00540973  0 0 0 0 0 0 0 0 0 0 0 0 0 0 0 0 1 0
FAM861 D2003006772 0.0241325 -0.00913658 -0.00281275 -0.00466825 0.00127052 0.00612395 0.0013649 0.011217 -0.0160702 -0.0116973  0 0 0 0 0 0 0 0 0 0 0 0 1 0 0 0 0 0
FAM862 D2003006773 0.0250617 -0.00654992 -0.00440837 -0.00205647 0.0027496 0.00431173 0.00306398 0.00885594 -0.0164166 -0.0105298  0 0 0 0 0 0 0 0 0 0 0 0 1 0 0 0 0 0
FAM863 D2003006774 0.0223644 -0.00638058 -0.000769769 -0.00118787 -0.000614485 0.0078329 0.000278621 0.00846502 -0.0120261 -0.00884631  0 0 0 0 0 0 0 0 0 0 0 0 1 0 0 0 0 0
FAM864 D2003006775 0.0245536 -0.00880782 -0.00419112 -0.00385401 0.00137042 0.00691562 0.00285862 0.00977809 -0.0180324 -0.0115872  0 0 0 0 0 0 0 0 0 0 0 0 1 0 0 0 0 0
FAM865 D2003006776 0.0238178 -0.00699658 -0.00302467 -0.0034321 -1.40954e-05 0.00654068 0.00173584 0.00799393 -0.0113306 -0.00997163  0 0 0 0 0 0 0 0 0 0 0 0 1 0 0 0 0 0
FAM866 D2003006777 0.0244729 -0.00584123 -0.00379949 -0.00199651 0.00207439 0.00634085 0.00273557 0.0082733 -0.0173631 -0.0104105  0 0 0 0 0 0 0 0 0 0 0 0 1 0 0 0 0 0
FAM867 D2003006778 0.0234627 -0.0045572 -0.00407321 -0.00260407 0.00143232 0.00251918 0.00279093 0.00750395 -0.0165132 -0.0110315  0 0 0 0 0 0 0 0 0 0 0 0 1 0 0 0 0 0
FAM868 D2003006780 -0.0118782 0.0024588 -0.00555882 -0.00495025 -0.00415356 -0.0167208 0.0191062 -0.0188247 0.00449519 0.00488315  0 0 1 0 0 0 0 0 0 0 0 0 0 0 0 0 0 0
FAM869 D2003006782 -0.00787564 0.00382463 -0.0069719 -0.00984816 -0.00970973 -0.0154871 0.00645405 -0.00552676 0.00557529 0.00514817  0 0 0 0 0 0 0 0 0 0 0 0 0 0 0 0 0 0
FAM870 D2003006783 -0.0147218 0.0183311 -0.0197511 0.00426363 -0.0360876 -0.00931089 0.0130319 -0.0985884 -0.0174695 -0.0753132  0 0 0 0 0 0 1 0 0 0 0 0 0 0 0 0 0 0
FAM871 D2003006786 -0.00896093 0.013568 -0.00872373 0.0332765 -0.0588736 0.0534311 -0.00468041 0.06287 0.0237439 -0.00722787  0 0 0 0 0 1 0 0 0 0 0 0 0 0 0 0 0 0
FAM872 D2003006787 -0.00153698 0.0479345 -0.0127122 -0.0199415 0.00666482 2.19254e-05 2.41234e-05 -0.0210636 -8.05589e-05 -0.019789  0 0 0 0 0 0 0 0 0 0 0 0 0 0 0 0 0 1
FAM873 D2003006788 -0.0223853 -0.0110127 -0.0165168 0.0107659 0.00831373 -0.00169661 -0.0155108 0.0118457 0.0127762 0.00328118  1 0 0 0 0 0 0 0 0 0 0 0 0 0 0 0 0 0
FAM874 D2003006789 -0.00660397 0.030766 -0.00278668 -0.00950855 -0.0105853 0.00186425 0.000571505 -0.0363783 -0.00660869 -0.028158  0 0 0 0 0 1 0 0 0 0 0 0 0 0 0 0 0 0
FAM875 D2003006790 -0.0124289 0.00584772 0.0122024 0.00694286 -0.0150769 0.01415 -0.00755446 -0.0198675 -0.0311718 0.0182541  0 0 0 0 0 0 0 0 0 1 0 0 0 0 0 0 0 0
FAM876 D2003006791 -0.0228086 -0.00130998 0.00968815 0.00221497 -0.0320405 0.0380974 -0.00350867 0.0214912 0.00581632 -0.0115418  1 0 0 0 0 0 0 0 0 0 0 0 0 0 0 0 0 0
FAM877 D2003006792 -0.00408192 0.0265071 -0.00759713 -0.0172587 0.0149943 -0.0079835 0.00753739 -0.00661106 0.00399762 -0.00402645  0 0 0 0 0 0 0 0 0 0 0 0 0 0 0 0 0 0
FAM878 D2003006795 -0.0143194 0.012231 -0.0197017 0.0214702 -0.0600088 0.0440149 -0.00665609 0.0551899 0.0240168 0.00259969  0 0 0 0 0 1 0 0 0 0 0 0 0 0 0 0 0 0
FAM879 D2003006796 -0.000663422 0.00994857 0.040365 0.0590668 0.0147618 -0.031236 -0.0124692 -0.000160383 0.0263021 0.00565412  0 0 0 0 0 0 0 1 0 0 0 0 0 0 0 0 0 0
FAM880 D2003006797 -0.0209527 -0.000152783 2.21083e-05 -0.0085008 -0.0135961 -0.00941579 0.0291474 -0.0263915 0.0150611 -0.017774  0 0 0 0 0 0 1 0 0 0 0 0 0 0 0 0 0 0
FAM881 D2003006798 -0.0191074 -0.00175758 0.0334879 0.00598644 -0.0163695 0.0285396 -0.0281302 0.00113467 -0.0409805 0.0351304  0 0 0 0 0 0 0 0 0 1 0 0 0 0 0 0 0 0
FAM882 D2003006799 -0.0214275 0.00328138 0.0220021 0.010217 -0.0346248 0.0383633 -0.0284935 0.0313829 -8.71925e-05 0.0110683  0 0 0 0 0 0 0 0 0 1 0 0 0 0 0 0 0 0
FAM883 D2003006800 -0.0179909 -0.00538505 0.0395756 -0.00479838 -0.00873866 0.0192962 -0.0219206 -0.00661313 -0.0432524 0.0264417  0 0 0 0 0 0 0 0 0 1 0 0 0 0 0 0 0 0
FAM884 D2003006801 0.00180037 0.0110834 -0.00926842 -0.00688402 -0.00502154 -0.0140134 0.00969221 -0.00182148 -0.00454681 0.0124179  0 0 0 0 0 0 0 0 0 0 0 0 0 0 0 0 0 0
FAM885 D2003006802 -0.00333923 0.0398161 0.0121366 -0.0265138 0.0177188 0.00602203 -0.00740206 0.00261359 -0.00607001 0.0123534  0 0 0 0 0 0 0 0 0 0 0 0 0 0 0 0 0 1
FAM886 D2003006803 -0.00729936 0.00988869 0.048678 0.0619986 0.0133433 -0.0255505 -0.0097051 0.0108173 0.0393251 -0.00277949  0 0 0 0 0 0 0 1 0 0 0 0 0 0 0 0 0 0
FAM887 D2003006804 -0.0166783 0.00503084 0.00671467 -0.0118928 -0.0106447 0.00226495 0.00795091 -0.0255427 -0.00586498 -0.011433  0 0 1 0 0 0 0 0 0 0 0 0 0 0 0 0 0 0
FAM888 D2003006805 -0.00613974 0.0301949 0.00136192 -0.00851485 -0.00163004 0.00944662 0.00584905 0.014871 0.0118054 -0.00181108  0 0 0 0 0 1 0 0 0 0 0 0 0 0 0 0 0 0
FAM889 D2003006806 -0.0185839 0.020104 -0.0183324 0.0383267 -0.0780059 0.0693922 -0.00904263 0.0780095 0.0343097 0.0010536  0 0 0 0 0 1 0 0 0 0 0 0 0 0 0 0 0 0
FAM890 D2003006807 -0.0183082 0.019559 -0.0190636 0.0358614 -0.0750658 0.0642471 -0.00863737 0.0729919 0.0338904 0.000188912  0 0 0 0 0 1 0 0 0 0 0 0 0 0 0 0 0 0
FAM891 D2003006808 -0.00041506 0.0472738 -0.0129259 -0.0193214 0.00786276 -0.00172946 0.000267312 -0.0193312 0.000744086 -0.017489  0 0 0 0 0 0 0 0 0 0 0 0 0 0 0 0 0 1
FAM892 D2003006810 3.37329e-05 0.0107306 -0.0164476 -0.0122419 -0.0125862 -0.0376395 0.0244141 -0.00361466 0.00435543 0.0483452  0 1 0 0 0 0 0 0 0 0 0 0 0 0 0 0 0 0
FAM893 D2003006812 -0.00568416 0.00448361 -0.0136121 -0.0055377 -0.0170656 -0.0275006 0.0161664 -0.00216163 0.00741582 0.0350534  0 0 1 0 0 0 0 0 0 0 0 0 0 0 0 0 0 0
FAM894 D2003006815 -0.00580486 0.00342274 -0.0177785 -0.00543859 -0.0166209 -0.0250623 0.00978333 -0.00319055 0.00729293 0.0238258  0 0 0 0 0 1 0 0 0 0 0 0 0 0 0 0 0 0
FAM895 D2003006816 -0.0105728 -0.00526866 -0.00363415 -0.0148443 -0.00527759 -0.017066 0.0176304 -0.00163441 0.0090624 0.00981297  0 0 1 0 0 0 0 0 0 0 0 0 0 0 0 0 0 0
FAM896 D2003006818 -0.00502614 0.00205897 -0.012916 -0.00518779 -0.0130085 -0.025637 0.0163157 -0.00696792 0.00638461 0.0256518  0 0 1 0 0 0 0 0 0 0 0 0 0 0 0 0 0 0
FAM897 D2003006819 -0.0113089 0.00108652 -0.010527 0.00272917 -0.0231378 -0.0039362 0.00452317 0.0120512 0.0104938 0.0115718  0 0 1 0 0 0 0 0 0 0 0 0 0 0 0 0 0 0
FAM898 D2003006820 -0.008242 0.00318714 -0.0117547 -0.009042 -0.0140408 -0.024477 0.0165576 -0.00477335 0.00852638 0.0239955  0 0 1 0 0 0 0 0 0 0 0 0 0 0 0 0 0 0
FAM899 D2003006821 -0.0092763 -0.00113461 -0.00999022 -0.00735196 -0.0115746 -0.0228219 0.00855935 -0.00747249 0.00716435 0.0189291  0 0 1 0 0 0 0 0 0 0 0 0 0 0 0 0 0 0
FAM900 D2003006822 -0.00681269 0.00153515 -0.0154218 -0.00414699 -0.0098715 -0.0219572 0.0162493 -0.00451925 0.00595585 0.0217234  0 0 1 0 0 0 0 0 0 0 0 0 0 0 0 0 0 0
FAM901 D2003006823 -0.00821199 -0.000501753 -0.011626 -0.00276054 -0.0126488 -0.0233262 0.00180339 0.00746693 0.00845414 0.0256067  0 0 1 0 0 0 0 0 0 0 0 0 0 0 0 0 0 0
FAM902 D2003006824 -0.00811626 0.000810592 -0.00849025 -0.00708866 -0.0143091 -0.0195544 0.00329389 0.00754099 0.00769578 0.0240405  0 0 1 0 0 0 0 0 0 0 0 0 0 0 0 0 0 0
FAM903 D2003006921 -0.0163938 0.00490777 0.0227266 -0.00425295 -0.0122092 0.0169021 -0.0154451 -0.0255541 -0.0313863 0.000267013  0 0 0 0 0 0 0 0 0 1 0 0 0 0 0 0 0 0
FAM904 D2003006922 -0.017151 -0.0064268 0.0106929 -0.0107121 0.00153759 0.000323495 -0.0146762 -0.00310956 -0.0164852 0.0225302  0 0 0 0 0 0 0 0 0 1 0 0 0 0 0 0 0 0
FAM905 D2003006923 -0.0183356 0.00606805 0.00259397 0.0160412 -0.0271224 0.0159407 0.0152954 0.0128058 0.026844 -0.00986724  1 0 0 0 0 0 0 0 0 0 0 0 0 0 0 0 0 0
FAM906 D2003006924 -0.0258437 -0.0241929 -0.0488352 0.0114754 0.0415318 -0.0141201 -0.0536171 0.0128473 -7.73607e-05 0.00627228  0 0 0 1 0 0 0 0 0 0 0 0 0 0 0 0 0 0
FAM907 D2003006926 -0.0139743 0.00271697 0.0211725 2.17686e-05 -0.0118289 0.0148957 -0.00460238 0.000319683 -0.0175903 0.0212657  0 0 0 0 0 0 0 0 0 0 0 0 0 0 0 0 0 0
FAM908 D2003006927 -0.0231999 -0.0208818 0.0111614 -0.0223477 0.00840541 0.00347215 -0.00131774 -0.00355238 0.00166782 -0.0194941  0 0 0 1 0 0 0 0 0 0 0 0 0 0 0 0 0 0
FAM909 D2003006928 -0.0193614 -0.00424127 -0.0236803 0.0143387 0.00614471 -0.00386148 -0.0012948 -0.0315875 -0.00512788 -0.0245278  0 0 0 1 0 0 0 0 0 0 0 0 0 0 0 0 0 0
FAM910 D2003006929 -0.0219134 -0.00995016 -0.0134738 0.000144073 0.00906844 -0.00814257 0.00150871 -0.0191774 0.00769201 -0.0241776  0 0 0 1 0 0 0 0 0 0 0 0 0 0 0 0 0 0
FAM911 D2003006931 -0.0169155 -0.00808042 -0.0259235 0.00487633 0.00219431 -0.00437719 -0.0324622 0.0174396 0.00760822 0.00687552  0 0 0 1 0 0 0 0 0 0 0 0 0 0 0 0 0 0
FAM912 D2003006932 -0.00772688 0.00612404 -0.00584845 -0.00254404 -0.0126412 -0.0148981 0.0211511 -0.0192388 0.000835964 0.00218589  0 0 0 0 0 0 1 0 0 0 0 0 0 0 0 0 0 0
FAM913 D2003006933 -0.0166167 -0.00182985 0.00317479 0.00349094 -0.0103292 0.00401334 0.0112914 0.0146378 0.0146344 0.00497505  0 0 0 0 0 1 0 0 0 0 0 0 0 0 0 0 0 0
FAM914 D2003006934 -0.0155683 -0.000535539 -0.00661568 0.000413082 -0.00580077 0.0033385 0.00918767 0.0208557 0.0127458 0.0145272  0 0 0 0 0 1 0 0 0 0 0 0 0 0 0 0 0 0
FAM915 D2003006935 -0.0251708 -0.0189379 0.025118 -0.0233255 0.0148932 0.0193969 0.0258492 0.000361207 0.00542113 -0.0170259  1 0 0 0 0 0 0 0 0 0 0 0 0 0 0 0 0 0
FAM916 D2003006936 -0.0221226 -0.00231082 0.0228969 -0.00354585 -0.0267488 0.0362755 -0.0175507 0.0226236 -0.00913664 0.0078727  1 0 0 0 0 0 0 0 0 0 0 0 0 0 0 0 0 0
FAM917 D2003006937 -0.0228885 -0.0210584 0.0309189 -0.0331626 0.0103427 0.0127151 0.0144204 0.00144935 0.00757376 -0.018231  0 0 0 0 0 0 0 0 1 0 0 0 0 0 0 0 0 0
FAM918 D2003006938 -0.0190033 -0.00515176 -0.0176349 0.011998 0.00680293 -0.00317756 -0.00251565 -0.0303858 -0.00819154 -0.0190562  0 0 0 1 0 0 0 0 0 0 0 0 0 0 0 0 0 0
FAM919 D2003006939 -0.019636 -0.00534178 -0.0236708 0.0143025 0.0048682 -0.00444236 -0.0148283 -0.0310266 -0.00572196 -0.0244707  0 0 0 1 0 0 0 0 0 0 0 0 0 0 0 0 0 0
FAM920 D2003006940 -0.0216884 -0.0138717 -0.0226078 0.00336345 0.0107962 -0.00160398 -0.0291574 -0.0231806 -0.00817722 -0.0325446  0 0 0 1 0 0 0 0 0 0 0 0 0 0 0 0 0 0
FAM921 D2003006941 -0.0223974 -0.0149999 -0.0206012 0.00210215 0.011732 -0.000813303 -0.0286974 -0.0214766 -0.0073689 -0.0314229  0 0 0 1 0 0 0 0 0 0 0 0 0 0 0 0 0 0
FAM922 D2003006943 -0.00833934 0.00268698 -0.00547548 -0.00680842 -0.0141112 -0.0120109 0.00239099 -0.00952639 0.00114985 -0.00234793  0 0 0 0 0 0 0 0 0 0 0 0 0 0 0 0 0 0
FAM923 D2003006945 -0.0276888 -0.0208197 -0.0282404 0.00549336 0.0335524 -0.00784888 -0.0185851 0.00535179 0.0106668 -0.00968201  0 0 0 1 0 0 0 0 0 0 0 0 0 0 0 0 0 0
FAM924 D2003006946 -0.0267791 -0.0200616 0.00750074 -0.0128208 0.00906996 0.0122773 -0.00725886 0.00522752 -0.00139275 -0.0158172  1 0 0 0 0 0 0 0 0 0 0 0 0 0 0 0 0 0
FAM925 D2003006947 -0.0269761 -0.0190257 0.0060694 -0.0106072 0.00896432 0.0121146 -0.00470817 0.00389915 -0.00232959 -0.0147434  1 0 0 0 0 0 0 0 0 0 0 0 0 0 0 0 0 0
FAM926 D2003006948 -0.0233385 -0.00676456 3.628e-05 0.00720236 -0.00222094 0.0250608 0.0367667 0.0121408 0.0018628 0.00320162  0 0 0 0 1 0 0 0 0 0 0 0 0 0 0 0 0 0
FAM927 D2003006949 -0.0196451 -0.0149016 0.028026 -0.0159681 0.00689236 0.00714899 -0.00600791 -7.47636e-05 0.00807166 -0.0110637  0 0 0 0 0 0 0 0 1 0 0 0 0 0 0 0 0 0
FAM928 D2003006950 -0.0233539 -0.0266179 0.0352765 -0.0417389 0.00303313 0.00850794 -0.00808479 0.0101753 0.00609627 -0.0250577  0 0 0 0 0 0 0 0 1 0 0 0 0 0 0 0 0 0
FAM929 D2003006951 -0.0219877 -0.00720042 0.0125758 -0.000164779 0.00362634 0.00722819 0.00262704 0.00195684 0.00472905 -0.000612525  1 0 0 0 0 0 0 0 0 0 0 0 0 0 0 0 0 0
FAM930 D2003006952 -0.00642084 0.0266719 0.000276994 -0.00692869 -0.00605179 0.00746791 0.00488785 0.0157721 0.0132818 -0.000918962  0 0 0 0 0 1 0 0 0 0 0 0 0 0 0 0 0 0
FAM931 D2003006953 -0.00959275 0.0320003 -0.00722452 -0.00244271 -0.0214774 0.00961689 0.00268251 -0.0323088 -0.00258746 -0.0317419  0 0 0 0 0 1 0 0 0 0 0 0 0 0 0 0 0 0
FAM932 D2003006955 -0.00811839 0.00639939 -0.0132762 -0.00523798 -0.0160237 -0.0143836 0.0188874 -0.0196325 -0.00485471 0.00709447  0 0 0 0 0 1 0 0 0 0 0 0 0 0 0 0 0 0
FAM933 D2003006956 -0.0282994 -0.0198789 0.0161116 -0.00914687 0.0254606 0.0164452 0.0363056 -0.00302719 -0.00249288 -0.00493396  1 0 0 0 0 0 0 0 0 0 0 0 0 0 0 0 0 0
FAM934 D2003006957 -0.0199947 -0.00375706 0.0169831 0.00915116 0.0156793 0.0213412 0.01173 -0.00504813 -0.0204089 0.0135859  0 0 0 0 1 0 0 0 0 0 0 0 0 0 0 0 0 0
FAM935 D2003006958 -0.0240036 -0.00788457 0.00951853 0.0265968 0.0355561 0.0276543 0.0271467 0.00123205 -0.0230044 0.0182838  0 0 0 0 1 0 0 0 0 0 0 0 0 0 0 0 0 0
FAM936 D2003006959 -0.0276966 -0.0188559 -0.0116509 0.0223053 0.0443199 0.036401 0.062723 0.014637 -0.0104046 0.00875425  0 0 0 0 1 0 0 0 0 0 0 0 0 0 0 0 0 0
FAM937 D2003006960 -0.0258779 -0.0170854 0.0109409 -0.0109476 0.00634267 0.0171483 0.0279921 -0.00444033 -0.000763009 -0.0144287  1 0 0 0 0 0 0 0 0 0 0 0 0 0 0 0 0 0
FAM938 D2003006961 -0.0178122 -0.0126095 -0.0216541 0.00810276 0.0157172 -0.00432455 -0.00752723 0.00850203 -0.00202597 0.0182918  0 0 0 1 0 0 0 0 0 0 0 0 0 0 0 0 0 0
FAM939 D2003006962 -0.0188751 -0.0129875 -0.00989204 0.000924224 0.0089046 -0.000335748 -0.0174851 0.00883846 -0.00386063 0.0147635  0 0 0 1 0 0 0 0 0 0 0 0 0 0 0 0 0 0
FAM940 D2003006963 -0.00452552 0.0429684 0.00419167 0.00516266 0.00619892 0.0020538 -0.00280925 -0.0122524 0.00805251 -0.00952755  0 0 0 0 0 0 0 0 0 0 0 0 0 0 0 0 0 1
FAM941 D2003006964 -0.0165631 -0.010725 -0.0248187 0.00444427 0.00967963 -0.00918213 -0.0145848 0.0091295 0.00158784 0.0189644  0 0 0 1 0 0 0 0 0 0 0 0 0 0 0 0 0 0
FAM942 D2003006966 -0.00250536 0.067324 -0.00215756 -0.0270457 0.0319953 0.0157588 -0.00916413 -0.0114072 -0.00545039 -0.0150671  0 0 0 0 0 0 0 0 0 0 0 0 0 0 0 0 0 1
FAM943 D2003006968 -0.0308065 -0.0219213 -0.0117904 0.017391 0.050657 0.0310237 0.061015 0.00587424 -0.00995252 -0.000797118  0 0 0 0 1 0 0 0 0 0 0 0 0 0 0 0 0 0
FAM944 D2003006969 -0.0304727 -0.0211991 -0.0209484 0.0291866 0.0603934 0.0355147 0.0702612 0.00316433 -0.0213075 0.0108831  0 0 0 0 1 0 0 0 0 0 0 0 0 0 0 0 0 0
FAM945 D2003006970 -0.0302917 -0.0208268 -0.0191534 0.0286983 0.0593708 0.0349315 0.0702006 0.00296127 -0.0204992 0.00997382  0 0 0 0 1 0 0 0 0 0 0 0 0 0 0 0 0 0
FAM946 D2003006971 -0.0201649 0.002221 0.0334943 0.0110711 -0.00868544 0.0287162 -0.00779857 -0.0112184 -0.0386523 0.0243892  0 0 0 0 0 0 0 0 0 1 0 0 0 0 0 0 0 0
FAM947 D2003006972 -0.0302859 -0.0213352 -0.0156764 0.0257818 0.0594888 0.0334968 0.0608856 0.00599014 -0.0198153 0.0109909  0 0 0 0 1 0 0 0 0 0 0 0 0 0 0 0 0 0
FAM948 D2003006973 -0.0189894 0.0112858 0.0264247 0.0118414 -0.0289011 0.0383222 -0.0163802 -0.0365877 -0.0536075 0.0138991  0 0 0 0 0 0 0 0 0 1 0 0 0 0 0 0 0 0
FAM949 D2003006974 0.00115948 0.0575617 -0.0101114 -0.0227455 0.0192316 0.00524702 -0.00534736 -0.0165185 0.000122663 -0.0262497  0 0 0 0 0 0 0 0 0 0 0 0 0 0 0 0 0 1
FAM950 D2003006975 0.000870725 0.0576098 -0.00891223 -0.0239306 0.0208669 0.00468449 -0.00429135 -0.0189201 -0.00187473 -0.0247986  0 0 0 0 0 0 0 0 0 0 0 0 0 0 0 0 0 1
FAM951 D2003006976 -0.0197049 0.010341 -0.0284589 0.0287273 -0.032261 0.0295369 -0.00947641 -0.0124071 -0.00198316 -0.0419754  0 0 0 0 1 0 0 0 0 0 0 0 0 0 0 0 0 0
FAM952 D2003006977 -0.0304122 -0.0216014 -0.0149147 0.0249351 0.0589821 0.033255 0.0599202 0.0060006 -0.0195014 0.0106055  0 0 0 0 1 0 0 0 0 0 0 0 0 0 0 0 0 0
FAM953 D2003006979 -0.0309985 -0.0226838 -0.00413917 0.0111979 0.0500381 0.0244479 0.0509954 0.00980414 -0.00576187 0.0023395  0 0 0 0 1 0 0 0 0 0 0 0 0 0 0 0 0 0
FAM954 D2003006980 -0.0294894 -0.0198193 -0.0218574 0.0249353 0.0548716 0.032487 0.0639832 0.00217247 -0.0159771 0.00407856  0 0 0 0 1 0 0 0 0 0 0 0 0 0 0 0 0 0
FAM955 D2003006983 -0.0179641 -0.010412 -0.0111884 -0.0152539 0.005454 -0.0230088 -0.0265373 0.00470234 0.00557565 0.018233  0 0 0 1 0 0 0 0 0 0 0 0 0 0 0 0 0 0
FAM956 D2003006985 -0.0128595 0.00923943 0.047023 0.0342978 -0.00495062 0.0214907 -0.02838 -0.012572 -0.051356 0.0478138  0 0 0 0 0 0 0 0 0 1 0 0 0 0 0 0 0 0
FAM957 D2003006986 0.00711458 0.0472301 0.00552648 -0.00835179 0.0321378 -0.00497137 -0.00625732 0.00673538 0.0146197 0.0016481  0 0 0 0 0 0 0 0 0 0 0 0 0 0 0 0 0 1
FAM958 D2003006987 -0.0107227 0.02313 0.0173156 -0.00824493 0.00288269 0.00758881 -0.00371967 -0.0275389 -0.0148684 -0.0161543  0 0 0 0 0 0 1 0 0 0 0 0 0 0 0 0 0 0
FAM959 D2003006988 0.0030044 0.0757699 -0.00889509 -0.0328174 0.0313092 0.0110501 -0.00731758 -0.00780027 0.000800437 -0.0160882  0 0 0 0 0 0 0 0 0 0 0 0 0 0 0 0 0 1
FAM960 D2003006989 -0.0145066 0.0106368 0.0341489 0.00734188 -0.0132432 0.0302919 -0.0302527 -0.00347286 -0.0474025 0.0414938  0 0 0 0 0 0 0 0 0 1 0 0 0 0 0 0 0 0
FAM961 D2003006990 -0.0275951 -0.0136767 -0.0362601 0.047675 0.0571415 0.0416191 0.0585408 0.00202021 -0.0355228 0.023662  0 0 0 0 1 0 0 0 0 0 0 0 0 0 0 0 0 0
FAM962 D2003006991 0.000729535 0.0538649 -0.00816001 -0.020651 0.021189 0.00118216 -0.0057525 -0.0151231 0.0030934 -0.0218447  0 0 0 0 0 0 0 0 0 0 0 0 0 0 0 0 0 1
FAM963 D2003006992 -0.00218038 0.0450049 -0.0118663 -0.0127848 0.00864963 0.00202963 -0.00218132 -0.015973 0.00164597 -0.0273122  0 0 0 0 0 0 0 0 0 0 0 0 0 0 0 0 0 1
FAM964 D2003006993 -0.00607605 0.0361409 -0.0103027 -0.0053365 -0.000810578 0.00179187 0.00418032 -0.0376004 -0.00442927 -0.0313262  0 0 0 0 0 0 0 0 0 0 0 0 0 0 0 0 0 1
FAM965 D2003006994 -0.00278584 0.0167729 0.0268664 0.0470671 0.0121145 -0.0320152 -0.00502613 -0.0167821 0.0281032 -0.00949444  0 0 0 0 0 0 0 1 0 0 0 0 0 0 0 0 0 0
FAM966 D2003006995 0.00410375 0.0738608 -0.00585469 -0.0312506 0.0392007 0.0141726 -0.0116914 0.018467 0.0126718 -0.0045984  0 0 0 0 0 0 0 0 0 0 0 0 0 0 0 0 0 1
FAM967 D2003006996 0.000318893 0.0641763 -0.00881018 -0.0224871 0.0154273 0.00708139 -0.00487241 -0.0198922 -0.00845041 -0.0154452  0 0 0 0 0 0 0 0 0 0 0 0 0 0 0 0 0 1
FAM968 D2003006997 -0.00505663 0.0320106 -0.00145901 0.00897888 0.00358008 -0.00314591 0.00542854 -0.0320103 0.00315262 -0.0324996  0 0 0 0 0 0 0 0 0 0 0 0 0 0 0 0 0 1
FAM969 D2003006998 -0.00406774 0.0609226 0.00490071 -0.029619 0.0301514 0.0113265 -0.0109299 -0.00216134 0.00837454 -0.0195147  0 0 0 0 0 0 0 0 0 0 0 0 0 0 0 0 0 1
FAM970 D2003006999 -0.0227896 0.00345593 -0.0287534 0.0385804 0.00292004 0.0403855 0.0335243 0.0134149 -0.00281684 -0.00180996  0 0 0 0 1 0 0 0 0 0 0 0 0 0 0 0 0 0
FAM971 D2003007000 -0.0210894 0.00680197 -0.0286383 0.0362757 -0.0146377 0.0393031 0.00919307 0.0288588 0.00611754 0.000844879  0 0 0 0 1 0 0 0 0 0 0 0 0 0 0 0 0 0
FAM972 D2003007001 -0.0223775 0.00794205 -0.037163 0.028428 0.069165 0.0367049 0.0440888 0.011567 -0.0246198 0.0200479  0 0 0 0 1 0 0 0 0 0 0 0 0 0 0 0 0 0
FAM973 D2003007002 -0.0157393 -0.0105558 -0.0176667 0.0426919 0.0416091 0.00964151 0.0274432 0.00504069 -0.0122429 0.0109163  0 0 0 0 1 0 0 0 0 0 0 0 0 0 0 0 0 0
FAM974 D2003007003 -0.031413 -0.0228734 -0.00440307 0.0112719 0.0497532 0.0247839 0.0582242 0.00552208 -0.00549376 -0.00212066  0 0 0 0 1 0 0 0 0 0 0 0 0 0 0 0 0 0
FAM975 D2003007004 -0.0218604 -0.0218809 0.0230755 -0.0255143 0.0135467 0.00304683 0.0369363 0.00482633 0.0141664 -0.0138074  1 0 0 0 0 0 0 0 0 0 0 0 0 0 0 0 0 0
FAM976 D2003007005 -0.0250098 -0.0189542 -0.00312916 0.00926018 0.0367272 0.014666 0.0369735 0.00802791 -0.00576337 0.00800377  0 0 0 0 1 0 0 0 0 0 0 0 0 0 0 0 0 0
FAM977 D2003007008 -0.0286167 -0.0108472 -0.0384933 0.0488459 0.0398451 0.0507127 0.0498976 0.0181128 -0.0209824 0.0140982  0 0 0 0 1 0 0 0 0 0 0 0 0 0 0 0 0 0
FAM978 D2003007009 -0.0203073 -0.00486493 0.0102236 0.00508224 -0.0159992 0.0402228 0.028068 0.0338084 0.0147061 -0.00261089  0 0 0 0 1 0 0 0 0 0 0 0 0 0 0 0 0 0
FAM979 D2003007010 -0.00117636 0.0593032 0.0188482 0.00464581 0.0282874 0.00434964 -0.0152539 0.0168133 0.0189421 0.00538866  0 0 0 0 0 0 0 0 0 0 0 0 0 0 0 0 0 1
FAM980 D2003007011 0.000117549 0.0766609 -0.00270439 -0.0381595 0.0345601 0.0177578 -0.0139158 -0.00510486 -0.00514853 -0.0138217  0 0 0 0 0 0 0 0 0 0 0 0 0 0 0 0 0 1
FAM981 D2003007012 7.22302e-05 0.0735741 -0.00184746 -0.0380382 0.0322034 0.0191999 -0.0155855 -0.00391115 -0.00507556 -0.0137926  0 0 0 0 0 0 0 0 0 0 0 0 0 0 0 0 0 1
FAM982 D2003007013 -0.00460127 0.0655735 0.00535413 -0.038241 0.0326417 0.0200376 -0.0193733 -0.00574606 -0.00583405 -0.0188688  0 0 0 0 0 0 0 0 0 0 0 0 0 0 0 0 0 1
FAM983 D2003007014 -0.0142217 0.0279581 -0.00643694 0.0224182 0.0418271 0.0242709 0.0263553 0.00603895 -0.00830594 0.0105966  0 0 0 0 0 0 0 0 0 0 0 0 0 0 0 0 0 1
FAM984 D2003007015 -0.0111796 0.0238859 0.00464957 0.0306823 0.0428128 0.00664614 0.0153326 0.00398323 -6.57583e-05 0.0110298  0 0 0 0 0 0 0 0 0 0 0 0 0 0 0 0 0 1
FAM985 D2003007016 -0.00355303 0.0332566 0.0103455 0.00915404 0.0124886 -0.00945251 -0.00545677 -0.00772502 0.0152415 -0.0090026  0 0 0 0 0 0 0 0 0 0 0 0 0 0 0 0 0 1
FAM986 D2003007017 -0.00726337 0.0438282 0.026187 -0.00533965 0.0284937 -0.00218005 -0.0242272 -0.0110669 0.00943629 -0.0179715  0 0 0 0 0 0 0 0 0 0 0 0 0 0 0 0 0 1
FAM987 D2003007022 -0.0191552 -0.00710065 -0.0121232 0.0473785 0.0486259 0.0104596 0.0442752 -0.00210339 -0.00754277 0.0143086  0 0 0 0 1 0 0 0 0 0 0 0 0 0 0 0 0 0
FAM988 D2003007023 -0.0181055 -0.00399785 -0.00073563 0.0571362 0.0498139 0.00809576 0.0361796 0.000243748 -0.00296694 0.0118493  0 0 0 0 1 0 0 0 0 0 0 0 0 0 0 0 0 0
FAM989 D2003007024 -0.0234034 -0.0123899 -0.0224252 0.048428 0.0593516 0.0173555 0.045625 0.000699737 -0.0147513 0.0185265  0 0 0 0 1 0 0 0 0 0 0 0 0 0 0 0 0 0
FAM990 D2003007025 -0.0290446 -0.0191186 0.001743 0.0124461 0.0364649 0.0253592 0.0535295 0.0117186 0.00233007 -0.000338665  0 0 0 0 1 0 0 0 0 0 0 0 0 0 0 0 0 0
FAM991 D2003007026 -0.0208153 -0.0112952 -0.0187834 0.0256255 0.0380448 0.018886 0.0357223 0.00302715 -0.0188511 0.0183983  0 0 0 0 1 0 0 0 0 0 0 0 0 0 0 0 0 0
FAM992 D2003007029 -0.0251252 -0.0130556 0.0121958 -0.011358 -0.0054671 0.0155718 -0.00406029 -0.0210739 -0.00168597 -0.0459654  0 0 0 1 0 0 0 0 0 0 0 0 0 0 0 0 0 0
FAM993 D2003007030 -0.0212101 -0.00261064 -0.0262529 0.0094559 0.0270532 0.00364134 -0.0368519 0.00290119 -0.0170462 0.0137646  0 0 0 1 0 0 0 0 0 0 0 0 0 0 0 0 0 0
FAM994 D2003007031 -0.0185241 0.00191155 0.00288475 0.0222579 0.0257168 0.0276459 0.000655798 -0.00541198 -0.0478753 0.039676  0 0 0 0 0 0 0 0 0 1 0 0 0 0 0 0 0 0
FAM995 D2003007032 -0.0270335 -0.0192405 0.0081783 -0.00632797 0.0183518 0.0236196 0.0388323 0.0144272 0.00592839 -0.0114883  0 0 0 0 1 0 0 0 0 0 0 0 0 0 0 0 0 0
FAM996 D2003007033 -0.0280013 -0.0183805 -0.0379708 0.0342623 0.0491165 0.0258673 0.0221217 0.00678872 -0.0221623 0.0115543  0 0 0 0 1 0 0 0 0 0 0 0 0 0 0 0 0 0
FAM997 D2003007034 0.000912236 0.0899045 -0.00543123 -0.0391364 0.0447104 0.0219585 -0.0155626 0.00216191 -0.00229247 -0.00842563  0 0 0 0 0 0 0 0 0 0 0 0 0 0 0 0 0 1
FAM998 D2003007035 -0.00900498 0.0440793 0.00491099 -0.0224459 0.0162895 0.0112973 -0.00302858 -0.0165235 0.00258896 -0.0286778  0 0 0 0 0 0 1 0 0 0 0 0 0 0 0 0 0 0
FAM999 D2003007036 -0.0261546 -0.015438 -0.0404867 0.0438232 0.0610464 0.0322522 0.0555863 0.000229403 -0.0304779 0.0195183  0 0 0 0 1 0 0 0 0 0 0 0 0 0 0 0 0 0
FAM1000 D2003007037 -0.0304746 -0.0209749 0.00342282 0.0119772 0.0426284 0.0281062 0.0612091 0.0123937 -7.79421e-05 0.000202029  0 0 0 0 1 0 0 0 0 0 0 0 0 0 0 0 0 0
FAM1001 D2003007038 -0.0302671 -0.0236221 -0.00327337 0.0120471 0.0519373 0.0294541 0.0607171 0.0101189 -0.0097401 0.00567011  0 0 0 0 1 0 0 0 0 0 0 0 0 0 0 0 0 0
FAM1002 D2003007039 -0.0304466 -0.0186079 0.00573864 0.00781271 0.0352183 0.0248809 0.0591569 0.0101997 0.00662646 -0.00800557  0 0 0 0 1 0 0 0 0 0 0 0 0 0 0 0 0 0
FAM1003 D2003007040 -0.00120296 0.0766021 0.00262769 -0.0421757 0.0436488 0.0239642 -0.0137926 0.0198018 0.0124796 -0.00982709  0 0 0 0 0 0 0 0 0 0 0 0 0 0 0 0 0 1
FAM1004 D2003007041 -0.01813 0.000693729 0.0408575 0.0174543 -0.000918184 0.0253571 -0.00813386 -0.0118477 -0.04196 0.0348762  0 0 0 0 0 0 0 0 0 1 0 0 0 0 0 0 0 0
FAM1005 D2003007042 -0.0279777 -0.0226536 -0.0194515 -0.00149684 0.029966 -0.000654985 -0.0168009 0.00512054 0.00765231 -0.0139124  0 0 0 1 0 0 0 0 0 0 0 0 0 0 0 0 0 0
FAM1006 D2003007043 -0.0275156 -0.0222237 -0.0217449 0.00021274 0.0303704 -0.000384758 -0.0157605 0.00667247 0.00728808 -0.0117111  0 0 0 1 0 0 0 0 0 0 0 0 0 0 0 0 0 0
FAM1007 D2003007044 -0.0289275 -0.0178691 -0.0478144 0.0418413 0.0572358 0.0241106 0.0180655 0.00440664 -0.022713 0.0130298  0 0 0 0 1 0 0 0 0 0 0 0 0 0 0 0 0 0
FAM1008 D2003007045 -0.019715 0.00187024 -0.0302852 0.0381501 -0.00838538 0.0450777 0.0224555 0.0438035 0.0055361 0.0101765  0 0 0 0 0 1 0 0 0 0 0 0 0 0 0 0 0 0
FAM1009 D2003007046 0.00211409 0.0472632 -0.00946425 -0.0257691 0.0259041 0.00171745 -0.00763953 0.0140992 0.00983321 -0.000665092  0 0 0 0 0 0 0 0 0 0 0 0 0 0 0 0 0 1
FAM1010 D2003007047 0.00130664 0.00273937 0.0267315 0.0386386 0.00956294 -0.018818 0.00153498 0.00631128 0.0190032 -0.0130631  0 0 0 0 0 0 0 1 0 0 0 0 0 0 0 0 0 0
FAM1011 D2003007048 -0.0296823 -0.0216731 -0.0148295 0.0172365 0.0503204 0.0308893 0.0574841 0.00760811 -0.0116494 0.00340119  0 0 0 0 1 0 0 0 0 0 0 0 0 0 0 0 0 0
FAM1012 D2003007049 -0.0302968 -0.0209088 -0.0180988 0.0214889 0.0527619 0.0313713 0.0605184 0.00128988 -0.0164511 0.00443523  0 0 0 0 1 0 0 0 0 0 0 0 0 0 0 0 0 0
FAM1013 D2003007050 -0.030003 -0.0212158 -0.0121243 0.0237293 0.0581445 0.0330073 0.0625634 0.00654809 -0.0189974 0.0113778  0 0 0 0 1 0 0 0 0 0 0 0 0 0 0 0 0 0
FAM1014 D2003007051 -0.0276837 -0.0177028 -0.0387686 0.0344566 0.0485608 0.0257033 0.021206 0.00710547 -0.0218066 0.0113898  0 0 0 0 1 0 0 0 0 0 0 0 0 0 0 0 0 0
FAM1015 D2003007052 -0.00241894 0.0132964 0.0501457 0.0685561 0.0189194 -0.0398077 -0.0202329 -0.000860276 0.036667 0.0059035  0 0 0 0 0 0 0 1 0 0 0 0 0 0 0 0 0 0
FAM1016 D2003007053 -0.0169976 0.00674802 0.041464 0.0149442 -0.0169855 0.0270267 -0.027501 -0.0197994 -0.0493223 0.0344336  0 0 0 0 0 0 0 0 0 1 0 0 0 0 0 0 0 0
FAM1017 D2003007054 -0.0165807 0.00777809 0.0406105 0.0197109 -0.0149747 0.0262867 -0.0277385 -0.0230175 -0.0544522 0.0384466  0 0 0 0 0 0 0 0 0 1 0 0 0 0 0 0 0 0
FAM1018 D2003007055 -5.1173e-05 0.0714529 -0.00599032 -0.0279916 0.0321701 0.00228295 -0.00454368 -0.0109804 0.00738761 -0.0190019  0 0 0 0 0 0 0 0 0 0 0 0 0 0 0 0 0 1
FAM1019 D2003007056 0.0036741 0.0700842 -0.00574854 -0.0290104 0.0328612 0.006195 -0.0104421 -0.00368968 0.0059362 -0.013364  0 0 0 0 0 0 0 0 0 0 0 0 0 0 0 0 0 1
FAM1020 D2003007057 0.000575066 0.0513522 -0.00493195 -0.0156494 0.0207559 -0.0011727 -0.00643637 -0.0162195 0.00295654 -0.0213137  0 0 0 0 0 0 0 0 0 0 0 0 0 0 0 0 0 1
FAM1021 D2003007058 -0.0133967 -0.0133759 -0.0288269 0.0348679 0.0480581 0.0317853 0.0494821 0.00363429 -0.0278837 0.0164122  0 0 0 0 1 0 0 0 0 0 0 0 0 0 0 0 0 0
FAM1022 D2003007059 -0.0209868 -0.0141011 -0.0362694 0.0431861 0.0570998 0.0353869 0.0614322 0.00208142 -0.030045 0.0189304  0 0 0 0 1 0 0 0 0 0 0 0 0 0 0 0 0 0
FAM1023 D2003007060 -0.00615137 -0.0135843 -0.0252216 0.0296618 0.0401324 0.0282059 0.0275559 0.00311709 -0.0184851 0.0104289  0 0 0 0 1 0 0 0 0 0 0 0 0 0 0 0 0 0
FAM1024 D2003007061 -0.0124441 -0.0143089 -0.0324459 0.0314448 0.0458364 0.0329957 0.0457263 0.0014083 -0.0229196 0.0120865  0 0 0 0 1 0 0 0 0 0 0 0 0 0 0 0 0 0
FAM1025 D2003007062 -0.022084 -0.0201851 -0.010843 0.00704437 0.040779 0.0243988 0.0578342 0.00343965 -0.0032154 -0.00561083  0 0 0 0 1 0 0 0 0 0 0 0 0 0 0 0 0 0
FAM1026 D2003007063 -0.0299239 -0.0241822 -0.0112518 0.0152871 0.0547899 0.0310162 0.0657399 0.00739943 -0.0136715 0.00763658  0 0 0 0 1 0 0 0 0 0 0 0 0 0 0 0 0 0
FAM1027 D2003007064 0.0150169 -0.00446108 -0.00462556 -0.00401939 0.000921876 0.0028511 0.00902651 0.00223555 -0.00892703 0.00180231  0 0 0 0 0 0 0 0 0 0 0 0 0 0 0 0 1 0
FAM1028 D2003007065 0.0225139 -0.00797122 -0.0051629 -0.000980433 0.0017763 0.00357962 0.00394403 0.000791927 -0.000576678 0.00226432  0 0 0 0 0 0 0 0 0 0 0 0 0 0 1 0 0 0
FAM1029 D2003007066 0.0184046 -0.00186618 -0.00408063 -0.00232706 -0.000316478 -0.003243 0.00112385 0.00462421 -0.00753795 0.00171434  0 0 0 0 0 0 0 0 0 0 0 0 0 0 0 0 1 0
FAM1030 D2003007067 0.015144 -0.00627494 0.000659947 -0.00417456 0.000240225 -0.00176238 0.00276121 0.00676021 -0.00792114 0.000869705  0 0 0 0 0 0 0 0 0 0 0 0 0 0 0 0 1 0
FAM1031 D2003007068 0.022287 -0.00765901 -0.00224892 -0.00300981 0.0011326 0.00981264 -0.00205936 -0.00432334 -0.00973574 0.00104916  0 0 0 0 0 0 0 0 0 1 0 0 0 0 0 0 0 0
FAM1032 D2003007069 0.0251492 -0.00747902 -0.00308075 -0.0029746 0.00162076 0.00295867 0.00319957 0.00706249 -0.00660037 -0.00728735  0 0 0 0 0 0 0 0 0 0 1 0 0 0 0 0 0 0
FAM1033 D2003007070 0.0152726 -0.00431616 -0.00485787 -0.00395424 0.000641795 0.00268259 0.00893063 0.0021987 -0.00885074 0.00195306  0 0 0 0 0 0 0 0 0 0 0 0 0 0 0 0 1 0
FAM1034 D2003007071 0.0160758 -0.0101818 -0.000511926 -0.00295716 0.00633095 0.00685749 0.00632537 0.00966104 -0.0134465 -0.0048962  0 0 0 0 0 0 0 0 0 0 0 0 0 0 0 0 1 0
FAM1035 D2003007072 0.0218119 -0.00393412 -0.00307122 -0.000728857 0.00150954 0.00299767 0.00189869 0.0043874 -0.00975673 -0.00393713  0 0 0 0 0 0 0 0 0 0 0 0 0 1 0 0 0 0
FAM1036 D2003007073 0.014645 -0.000761926 -0.00132102 -0.00347206 -0.000841528 -0.00796 0.00613132 0.00752015 -0.0079834 -0.00474991  0 0 0 0 0 0 0 0 0 0 0 0 0 0 0 0 1 0
FAM1037 D2003007074 0.0165048 -0.0061668 -0.00118134 -0.00320814 -0.00145859 -0.00166728 0.00886628 0.00344005 -0.00134437 0.00335625  0 0 0 0 0 0 0 0 0 0 1 0 0 0 0 0 0 0
FAM1038 D2003007075 0.0211325 -0.00658298 -0.00316462 -0.000119618 0.000112531 -0.000142374 0.00254159 0.00481088 -0.0077537 -0.00542546  0 0 0 0 0 0 0 0 0 0 0 0 0 1 0 0 0 0
FAM1039 D2003007076 0.0236871 -0.00647188 -0.00361646 -0.0010084 0.000977269 0.00640999 0.00100586 0.00550263 -0.0166944 -0.0104532  0 0 0 0 0 0 0 0 0 0 0 0 1 0 0 0 0 0
FAM1040 D2003007077 0.0223808 -0.00555229 -0.00162777 0.00179949 0.000632658 -0.00311622 -3.8849e-05 0.00988143 -0.0106371 -0.00764659  0 0 0 0 0 0 0 0 0 0 1 0 0 0 0 0 0 0
FAM1041 D2003007078 0.0213517 -0.00776088 0.000904873 0.00166865 0.00152315 -0.00220334 -0.000682741 0.00623653 -0.00753638 -0.0101424  0 0 0 0 0 0 0 0 0 0 1 0 0 0 0 0 0 0
FAM1042 D2003007079 0.0197557 -0.00582686 -0.00334225 0.00160745 0.00264056 -0.00226769 0.00508536 0.00628372 -0.0107989 -0.00759068  0 0 0 0 0 0 0 0 0 0 1 0 0 0 0 0 0 0
FAM1043 D2003007081 0.0261784 -0.00829763 -0.00453631 0.000431107 -0.000432538 0.00551807 0.00366071 0.00946714 -0.0165761 -0.00704822  0 0 0 0 0 0 0 0 0 0 0 0 0 1 0 0 0 0
FAM1044 D2003007082 0.0257985 -0.00959487 -0.00321015 -0.000709901 -0.000165685 0.00574215 0.00281939 0.00878954 -0.0179964 -0.00846907  0 0 0 0 0 0 0 0 0 0 0 0 0 1 0 0 0 0
FAM1045 D2003007083 0.0195315 -0.00388948 -0.00442132 -0.00454492 -0.000634568 -0.00219765 0.00308929 0.0053748 -0.00930339 -0.00382476  0 0 0 0 0 0 0 0 0 0 0 0 0 0 0 0 1 0
FAM1046 D2003007084 0.0132249 -0.00366749 -0.00728214 -0.000303311 -0.00503554 -0.00707377 -0.00440612 0.00389385 -0.00810773 -0.00314738  0 0 0 0 0 0 0 0 0 0 0 0 0 0 0 0 1 0
FAM1047 D2003007085 0.0131542 -0.00451519 -0.00405368 -0.00148289 -0.000231882 1.83141e-05 0.00667764 0.000961393 -0.00896844 -0.00545543  0 0 0 0 0 0 0 0 0 0 0 0 0 0 0 0 1 0
FAM1048 D2003007086 0.0192131 -0.00507683 -0.00415411 -0.00245914 -0.00179296 -0.00393608 0.000919562 0.0130406 -0.017626 -0.00347071  0 0 0 0 0 0 0 0 0 0 0 0 0 0 0 0 1 0
FAM1049 D2003007087 0.0241682 -0.0100049 -0.000975451 -0.00357335 0.00295758 0.0154371 -0.0029307 -0.0110528 0.00703627 0.00514346  0 0 0 0 0 0 0 0 0 0 0 0 0 1 0 0 0 0
FAM1050 D2003007089 0.0233448 -0.0062939 -0.00233052 -0.000435508 0.0024319 0.00787753 0.00187779 -0.000824475 -0.00198297 -0.000734089  0 0 0 0 0 0 0 0 0 0 0 0 1 0 0 0 0 0
FAM1051 D2003007090 0.0233077 -0.00568137 -0.0025363 -0.00119152 0.00110494 -0.000501319 0.00232357 0.0087193 -0.00821426 -0.00731718  0 0 0 0 0 0 0 0 0 0 1 0 0 0 0 0 0 0
FAM1052 D2003007091 0.0238736 -0.00606452 -0.000100328 -0.000938275 0.001501 0.000419008 -0.00139594 0.0111642 -0.00746824 -0.00355992  0 0 0 0 0 0 0 0 0 0 1 0 0 0 0 0 0 0
FAM1053 D2003007092 0.0211862 -0.00591859 -0.00260198 -0.00117668 -0.00103363 0.0042538 0.00108133 0.00597474 -0.0102837 -0.00578386  0 0 0 0 0 0 0 0 0 0 0 0 0 1 0 0 0 0
FAM1054 D2003007093 0.0211035 -0.00826209 -0.00377902 0.000363488 -0.00410404 -0.00893567 -0.00184538 0.0147663 -0.0180936 -0.0274837  0 0 0 0 0 0 0 0 0 0 0 0 0 0 1 0 0 0
FAM1055 D2003007094 0.0224612 -0.00961916 -0.00414374 0.0014295 -0.0033711 -0.00773948 -0.00283499 0.0148082 -0.0180391 -0.0294789  0 0 0 0 0 0 0 0 0 0 0 0 0 0 1 0 0 0
FAM1056 D2003007095 0.020546 -0.00318285 -0.000454619 -0.000197324 0.000427733 -0.00594606 0.00297978 0.00633388 -0.00589079 -0.00700038  0 0 0 0 0 0 0 0 0 0 0 0 0 0 1 0 0 0
FAM1057 D2003007096 0.0217426 -0.00576586 0.00272846 0.00443007 0.00170455 -0.00766664 -0.00193681 0.0127538 -0.0126549 -0.0168298  0 0 0 0 0 0 0 0 0 0 0 0 0 0 0 1 0 0
FAM1058 D2003007097 0.0209596 -0.00424736 -0.00100495 0.0066398 -0.00350192 -0.00333322 -0.00146819 0.0197483 -0.0131576 -0.0223262  0 0 0 0 0 0 0 0 0 0 0 0 0 0 1 0 0 0
FAM1059 D2003007098 0.015059 -0.00198431 0.00229503 0.0119174 -0.0112185 0.00363454 -0.00153546 0.0251308 -0.00692604 -0.0146981  0 0 0 0 0 0 0 0 0 0 0 0 0 0 0 1 0 0
FAM1060 D2003007101 0.0216115 -0.0100122 -0.00147279 -0.0049918 0.00187459 0.0053506 0.000491287 0.00373573 -0.00909075 -0.014221  0 0 0 0 0 0 0 0 0 0 0 0 0 0 1 0 0 0
FAM1061 D2003007105 0.0231855 -0.0085185 -0.00311094 0.000670791 -0.00108191 0.0026436 -0.00346416 0.00905732 -0.00883994 -0.00452011  0 0 0 0 0 0 0 0 0 0 1 0 0 0 0 0 0 0
FAM1062 D2003007106 0.0234711 -0.00694344 -0.00353026 -0.00130288 0.00107228 0.00586646 0.00168914 0.00716155 -0.0172 -0.0103948  0 0 0 0 0 0 0 0 0 0 0 0 1 0 0 0 0 0
FAM1063 D2003007107 0.0209723 -0.00631924 -0.00128695 -0.00288764 0.00298883 0.001862 -0.00155284 0.00269773 -0.00707206 -0.00526503  0 0 0 0 0 0 0 0 0 0 0 0 1 0 0 0 0 0
FAM1064 D2003007116 0.0121897 -0.000486291 -0.00607425 -0.000979201 -0.00295211 -0.00289946 0.00274306 0.00644203 -0.00637471 0.000739897  0 0 0 0 0 0 0 0 0 0 0 0 0 0 0 0 1 0
FAM1065 D2003007118 0.0168429 -0.00351364 -0.00504309 -0.00290803 0.00120739 0.00171721 0.00890928 0.00547688 -0.0118531 -0.00188043  0 0 0 0 0 0 0 0 0 0 0 0 0 0 0 0 1 0
FAM1066 D2003007120 0.0197262 -0.00578586 -0.00546179 -0.0013666 -0.00271399 -0.00137501 0.00493531 0.00705978 -0.012943 -0.00757788  0 0 0 0 0 0 0 0 0 0 0 0 0 0 0 0 1 0
FAM1067 D2003007121 0.0205056 -0.00573076 -0.00267098 -0.00152641 0.00087218 0.00752266 -0.00137315 -0.00096832 -0.011768 0.000667876  0 0 0 0 0 0 0 0 0 1 0 0 0 0 0 0 0 0
FAM1068 D2003007123 0.0216589 -0.00303937 -0.00281151 -0.00260538 -0.000136713 -0.00349151 0.00235603 0.00994797 -0.0120942 -0.00304982  0 0 0 0 0 0 0 0 0 0 0 0 0 0 0 0 1 0
FAM1069 D2003007125 0.0199032 -0.00644615 -0.00266519 -0.00325357 -0.0013189 -0.00307895 0.00170757 0.0136193 -0.0150209 -0.00816221  0 0 0 0 0 0 0 0 0 0 0 0 0 0 0 0 1 0
FAM1070 D2003007127 0.0181264 -0.00706252 -0.000289921 -0.00768455 -0.00134988 -0.0035484 0.00241886 0.00909548 -0.00676827 -0.00372294  0 0 0 0 0 0 0 0 0 0 0 0 0 0 0 0 1 0
FAM1071 D2003007128 0.0145856 -0.00729499 0.00110161 -0.00808889 0.00188996 0.00115596 0.00526614 0.0095085 -0.0107023 -0.00445851  0 0 0 0 0 0 0 0 0 0 0 0 0 0 1 0 0 0
FAM1072 D2003007129 0.0282567 -0.0118634 -0.00334135 -0.0029143 0.00522512 0.029582 -0.00693249 -0.0278304 0.0265947 0.0181658  0 0 0 0 0 0 0 0 0 0 0 1 0 0 0 0 0 0
FAM1073 D2003007130 0.0168893 -0.00481978 -0.00260166 -0.00119809 -0.00244275 0.000161251 0.00332121 0.00494945 -0.00582219 0.00106905  0 0 0 0 0 0 0 0 0 0 1 0 0 0 0 0 0 0
FAM1074 D2003007131 0.0238337 -0.00719359 -0.00175908 -0.00126529 0.00117671 0.00202213 0.002865 0.00742545 -0.00795951 0.000456243  0 0 0 0 0 0 0 0 0 0 1 0 0 0 0 0 0 0
FAM1075 D2003007132 0.0237541 -0.00553109 -0.00186843 0.000142161 0.00166377 -0.00140651 0.00255587 0.00572005 -0.0118746 -0.00635349  0 0 0 0 0 0 0 0 0 0 1 0 0 0 0 0 0 0
FAM1076 D2003007133 0.0313056 -0.016481 -0.00310767 -0.00397709 0.00790983 0.0460396 -0.0126345 -0.0483442 0.0496794 0.0310935  0 0 0 0 0 0 0 0 0 0 0 1 0 0 0 0 0 0
FAM1077 D2003007134 0.0291571 -0.0137841 -0.00324338 -0.00232074 0.00556152 0.0334352 -0.00820349 -0.030408 0.0341708 0.0175042  0 0 0 0 0 0 0 0 0 0 0 1 0 0 0 0 0 0
FAM1078 D2003007135 0.0255317 -0.00871433 -0.00222964 -0.000832391 0.0016783 0.00913814 -0.000770964 0.0011125 -4.52857e-05 -0.00250024  0 0 0 0 0 0 0 0 0 0 0 0 0 1 0 0 0 0
FAM1079 D2003007136 0.0244485 -0.00554785 -0.00393855 -0.005579 0.00425516 0.0144766 -0.00281197 -0.00446326 0.0117903 0.00864206  0 0 0 0 0 0 0 0 0 0 0 0 0 1 0 0 0 0
FAM1080 D2003007137 0.0206342 -0.00628629 -0.00142638 -0.00275439 0.000874736 -0.00109822 0.00294613 0.00768945 -0.00723883 -0.00233841  0 0 0 0 0 0 0 0 0 0 0 0 0 1 0 0 0 0
FAM1081 D2003007138 0.021612 -0.00512823 -0.00155437 -0.00209449 0.000645008 -0.000740013 0.00656134 0.00620988 -0.0101225 -0.000361348  0 0 0 0 0 0 0 0 0 0 0 0 0 1 0 0 0 0
FAM1082 D2003007139 0.00980774 -0.00356628 -0.00776865 -0.00316013 -0.0073669 -0.00706966 -0.00200982 0.0066688 -0.00524382 -0.00307537  0 0 0 0 0 0 0 0 0 0 0 0 0 0 0 0 1 0
FAM1083 D2003007141 0.0228853 -0.00880879 -0.00377273 -0.00416717 5.05326e-05 0.00377453 0.00213718 0.00900036 -0.0132808 -0.00664919  0 0 0 0 0 0 0 0 0 0 0 0 0 0 0 0 1 0
FAM1084 D2003007144 0.0192664 -0.00359722 -0.00134987 -0.000247149 -0.00220254 -0.00256487 0.00127933 0.00560412 -0.0105804 -0.00814461  0 0 0 0 0 0 0 0 0 0 0 0 0 0 0 1 0 0
FAM1085 D2003007146 0.026186 -0.00792206 -0.00294093 -0.00313299 0.00172096 0.00732719 0.000549345 0.0106974 -0.0150313 -0.0130324  0 0 0 0 0 0 0 0 0 0 0 0 1 0 0 0 0 0
FAM1086 D2003007147 0.0329799 -0.0185197 -0.00577125 -0.0018815 0.00729417 0.0451134 -0.0160552 -0.0418225 0.0507694 0.0289054  0 0 0 0 0 0 0 0 0 0 1 0 0 0 0 0 0 0
FAM1087 D2003007148 0.0369051 -0.020606 -0.00316218 -0.00460308 0.0117248 0.0552321 -0.014903 -0.0601435 0.072142 0.0409684  0 0 0 0 0 0 0 0 0 0 0 1 0 0 0 0 0 0
FAM1088 D2003007149 0.0164936 -0.00349289 -0.00241451 -0.00324072 -0.00217862 -0.00641658 0.00281163 0.0103041 -0.0126469 -0.00144399  0 0 0 0 0 0 0 0 0 0 0 0 0 0 0 0 1 0
FAM1089 D2003007150 0.018598 -0.0135253 0.00223623 -0.00756054 0.00628587 0.00993023 0.0087673 0.0066899 -0.00371198 -0.0152342  0 0 0 0 0 0 0 0 0 0 0 0 0 0 1 0 0 0
FAM1090 D2003007154 -0.0218265 -0.0201063 -0.0471307 0.00724725 0.0271766 -0.0229347 -0.0652068 0.00852923 0.00368646 0.00687103  0 1 0 0 0 0 0 0 0 0 0 0 0 0 0 0 0 0
FAM1091 D2003007159 0.023628 -0.00494941 -0.00161552 -0.00139369 0.00197871 0.000839265 0.00153449 0.00589912 -0.00690617 -0.00622807  0 0 0 0 0 0 0 0 0 0 0 0 0 0 0 1 0 0
FAM1092 D2003007160 0.0215788 -0.00438038 -0.00128524 0.000514456 -0.000538401 -0.0043438 0.00289998 0.0110937 -0.0114642 -0.00719423  0 0 0 0 0 0 0 0 0 0 1 0 0 0 0 0 0 0
FAM1093 D2003007164 0.00833293 -0.00848493 0.00657112 -0.0112542 -5.53656e-05 -0.00623686 0.00781302 0.00774225 -0.00233689 -0.00892155  0 0 0 0 0 0 0 0 0 0 0 0 0 0 0 0 1 0
FAM1094 D2003007165 0.0177812 -0.00271365 -0.00301632 -0.000710448 -0.00115235 -0.00509754 0.00426959 0.00742506 -0.0105418 -0.00267208  0 0 0 0 0 0 0 0 0 0 0 0 0 0 0 0 1 0
FAM1095 D2003007166 0.0102796 -0.00489205 -0.000911391 -0.00169366 -0.00395697 -0.00523833 0.00486415 0.00754956 -0.0017507 0.00223106  0 0 0 0 0 0 0 0 0 0 0 0 0 0 0 0 1 0
FAM1096 D2003007167 0.00956574 -0.000588775 -0.00662837 -0.00105822 -0.00582146 -0.00841044 0.00880472 0.0011544 -0.00489903 -0.00593054  0 0 0 0 0 0 0 0 0 0 0 0 0 0 0 0 1 0
FAM1097 D2003007168 0.0139211 -0.00129709 -0.00610054 0.00235311 -0.0102634 -0.000680306 0.00209906 0.00104298 -0.0104515 -0.00956428  0 0 0 0 0 0 0 0 0 0 0 0 0 0 0 0 1 0
FAM1098 D2003007169 0.0218421 -0.00457808 0.000388394 0.0025051 -0.000128385 -0.005972 0.0036425 0.0124233 -0.0141872 -0.00943352  0 0 0 0 0 0 0 0 0 0 0 0 0 1 0 0 0 0
FAM1099 D2003007170 0.0115026 -0.00230878 -0.00544269 0.00196212 -0.00640025 -0.0089044 0.00457406 0.00189043 -0.0047066 -0.00684934  0 0 0 0 0 0 0 0 0 0 0 0 0 0 0 0 1 0
FAM1100 D2003007171 0.0227607 -0.00563897 -0.00113412 -0.00152628 0.00151804 -1.16698e-05 0.00317431 0.00725205 -0.0121928 -0.0026477  0 0 0 0 0 0 0 0 0 0 0 0 0 1 0 0 0 0
FAM1101 D2003007172 0.0226078 -0.00522347 -0.00154596 -0.000385506 0.000287602 -0.000609818 0.00271364 0.00540683 -0.00651969 0.00137075  0 0 0 0 0 0 0 0 0 0 0 0 0 1 0 0 0 0
FAM1102 D2003007173 0.0209255 -0.00606578 0.00162106 0.00223209 0.000714139 0.00140742 -0.00290183 0.00242163 -0.00760733 0.000859232  0 0 0 0 0 0 0 0 0 0 0 0 0 1 0 0 0 0
FAM1103 D2003007174 0.0202252 -0.0050588 -0.00260166 -0.00110506 0.00140875 0.000901587 0.00357622 0.00973616 -0.011898 -0.00185797  0 0 0 0 0 0 0 0 0 0 0 0 0 1 0 0 0 0
FAM1104 D2003007175 0.020719 -0.00466657 -0.00385486 -0.00326909 0.00172064 0.00138141 0.00455246 0.0042148 -0.00811505 -0.0036836  0 0 0 0 0 0 0 0 0 0 0 0 0 1 0 0 0 0
FAM1105 D2003007176 0.0215577 -0.00543887 0.00136291 -0.00157107 0.00268877 0.00053084 -0.000418785 0.00443389 -0.00890609 0.00269743  0 0 0 0 0 0 0 0 0 0 0 0 0 1 0 0 0 0
FAM1106 D2003007177 0.0204739 -0.00668802 -0.000300403 -0.00224809 0.00171407 0.00056051 0.00112722 0.0050438 -0.0121466 -0.00150627  0 0 0 0 0 0 0 0 0 0 0 0 0 1 0 0 0 0
FAM1107 D2003007178 0.0222758 -0.00554325 -0.00307009 -0.000271853 0.00257088 -0.000995842 0.00295893 0.00507229 -0.00936755 -0.00386197  0 0 0 0 0 0 0 0 0 0 0 0 0 1 0 0 0 0
FAM1108 D2003007179 0.0225278 -0.0068365 -0.000654644 -0.00039996 0.000996322 0.0010285 0.00071768 0.00416999 -0.00532328 0.000726524  0 0 0 0 0 0 0 0 0 0 0 0 0 1 0 0 0 0
FAM1109 D2003007180 0.0221817 -0.0051469 0.000971273 -0.000967992 0.00312385 0.00126283 -0.000148447 0.00428304 -0.00882198 0.00235796  0 0 0 0 0 0 0 0 0 0 0 0 0 1 0 0 0 0
FAM1110 D2003007181 0.0259496 -0.0116967 -0.0052707 -0.000198218 0.00356245 0.0142176 -0.00940188 -0.00799841 0.0143089 0.00492663  0 0 0 0 0 0 0 0 0 0 0 1 0 0 0 0 0 0
FAM1111 D2003007182 0.0187655 -0.00441361 0.000510462 -0.00177179 -0.000983945 -0.00342354 0.0013251 0.0123148 -0.0104284 -0.00475716  0 0 0 0 0 0 0 0 0 0 1 0 0 0 0 0 0 0
FAM1112 D2003007183 0.0199333 -0.00494172 -0.00341683 0.000678457 -0.000253201 -0.00283914 -0.0014875 0.00931097 -0.00962502 -0.00277852  0 0 0 0 0 0 0 0 0 0 1 0 0 0 0 0 0 0
FAM1113 D2003007184 0.021295 -0.00511182 -0.00148635 -0.00221747 -0.000606741 -0.00355826 0.00287411 0.00860306 -0.00763969 -0.00372283  0 0 0 0 0 0 0 0 0 0 1 0 0 0 0 0 0 0
FAM1114 D2003007185 0.0221703 -0.00447502 -0.00315065 -0.00341509 0.00057203 -0.0019632 0.00121439 0.00636501 -0.00952503 -0.00499508  0 0 0 0 0 0 0 0 0 0 0 0 0 0 1 0 0 0
FAM1115 D2003007186 0.0226667 -0.00404211 -0.00385997 -0.00263656 0.000593258 -0.00219376 0.00167086 0.00652777 -0.00980102 -0.00474246  0 0 0 0 0 0 0 0 0 0 0 0 0 0 1 0 0 0
FAM1116 D2003007187 0.0135306 -0.00438121 -0.00609246 0.000471106 -0.00444052 -0.00400551 0.00197559 0.00621251 -0.00854503 -0.00796798  0 0 0 0 0 0 0 0 0 0 0 0 0 0 0 0 1 0
FAM1117 D2003007188 0.0183525 -0.00188098 -0.00228742 -0.00488964 0.00162091 -0.00317887 0.00576416 0.00845358 -0.0077175 -0.0017118  0 0 0 0 0 0 0 0 0 0 0 0 0 0 0 0 1 0
FAM1118 D2003007189 0.0131643 -0.00262878 -0.00691682 0.000526957 -0.00337725 -0.00569246 0.00383218 0.00848657 -0.00581361 -0.00193925  0 0 0 0 0 0 0 0 0 0 0 0 0 0 0 0 1 0
FAM1119 D2003007190 0.00671859 0.000436214 -0.00286181 0.00601464 -0.00927836 -0.00269978 -0.00592988 0.00286394 -0.0211693 0.019897  0 0 0 0 0 0 0 0 0 0 0 0 0 0 0 0 1 0
FAM1120 D2003007191 0.0143357 -0.00717727 0.000124157 -0.00201274 0.00315761 -0.000934189 0.00742537 0.00288013 -0.00647941 -0.00576269  0 0 0 0 0 0 0 0 0 0 0 0 0 0 0 0 1 0
FAM1121 D2003007192 0.0141429 -0.00537161 -0.0068235 -0.00237973 -0.00120739 -0.0038663 0.00180772 0.00872151 -0.00535988 -0.000198729  0 0 0 0 0 0 0 0 0 0 0 0 0 0 0 0 1 0
FAM1122 D2003007193 0.0102374 -0.00587751 -0.00168497 -0.00284363 0.00194212 -0.00684218 0.0128698 0.00283727 -0.00237002 -0.000335198  0 0 0 0 0 0 0 0 0 0 0 0 0 0 0 0 1 0
FAM1123 D2003007194 0.0112093 -0.00357211 -0.00775764 -0.00227956 -0.00250667 -0.0107768 0.00288133 0.0109512 -0.000825408 -0.00230318  0 0 0 0 0 0 0 0 0 0 0 0 0 0 0 0 1 0
FAM1124 D2003007195 0.0193454 -0.00646615 -0.00333368 -0.00162185 -0.00160849 -0.00453509 0.00443907 0.00992076 -0.0149137 -0.0114077  0 0 0 0 0 0 0 0 0 0 0 0 0 0 0 0 1 0
FAM1125 D2003007196 0.021285 -0.00485258 -0.00216844 -0.000426553 0.00089925 -0.00312131 0.00198383 0.0106073 -0.0122617 -0.0066575  0 0 0 0 0 0 0 0 0 0 1 0 0 0 0 0 0 0
FAM1126 D2003007197 0.0191299 -0.00315627 -0.00106492 0.000668133 0.00358258 -0.00343873 0.00638804 0.00704189 -0.0113007 -0.000310034  0 0 0 0 0 0 0 0 0 0 1 0 0 0 0 0 0 0
FAM1127 D2003007198 0.0182232 -0.00668555 0.000431033 -0.0029783 0.00214699 -0.000236487 0.0070572 0.0102388 -0.0108856 -0.0026163  0 0 0 0 0 0 0 0 0 0 1 0 0 0 0 0 0 0
FAM1128 D2003007199 0.0191073 -0.00455018 -5.07494e-05 -0.000401883 0.000795434 -0.00594551 0.00297449 0.00756053 -0.0085749 -0.00145219  0 0 0 0 0 0 0 0 0 0 1 0 0 0 0 0 0 0
FAM1129 D2003007200 0.0234777 -0.00375246 0.00459403 0.00798461 0.0020476 -0.0108938 -0.000168926 0.0169617 -0.010931 -0.0150844  0 0 0 0 0 0 0 0 0 0 0 0 0 0 0 1 0 0
FAM1130 D2003007201 0.0234967 -0.0062926 -0.00087648 0.000671132 0.000799918 -0.00106218 0.000839289 0.0103747 -0.0105012 -0.00717825  0 0 0 0 0 0 0 0 0 0 1 0 0 0 0 0 0 0
FAM1131 D2003007202 0.0257939 -0.00736627 -0.00277109 0.001344 0.00276609 0.00271004 -0.00202449 0.00666289 -0.00757217 -0.00505313  0 0 0 0 0 0 0 0 0 0 0 0 0 0 0 0 1 0
FAM1132 D2003007203 0.0255357 -0.00771189 -0.00243498 0.00125393 0.00278338 0.00305058 -0.00234109 0.00639472 -0.00699431 -0.00506076  0 0 0 0 0 0 0 0 0 0 0 0 0 0 0 0 1 0
FAM1133 D2003007204 0.0258384 -0.00724726 -0.00266193 0.00160843 0.00277377 0.00251723 -0.00194378 0.00688005 -0.00754257 -0.00522628  0 0 0 0 0 0 0 0 0 0 0 0 0 0 0 0 1 0
FAM1134 D2003007205 0.012635 -0.00391478 -0.00168333 0.000868104 -0.00129824 -0.00711849 0.00344102 0.00391627 -0.0042187 0.00205469  0 0 0 0 0 0 0 0 0 0 0 0 0 0 0 0 1 0
FAM1135 D2003007206 0.0179517 -0.00467942 -0.00277734 -0.00200868 0.0019804 -0.00184265 0.00297319 0.00513144 -0.00596721 -0.00157707  0 0 0 0 0 0 0 0 0 0 0 0 0 0 0 0 1 0
FAM1136 D2003007208 0.0198927 -0.00661859 0.000434592 -0.00192792 0.00166958 -0.00300663 0.000761391 0.00884787 -0.0101716 -0.00766784  0 0 0 0 0 0 0 0 0 0 0 0 0 1 0 0 0 0
FAM1137 D2003007209 0.0193261 -0.00607428 -0.000615912 0.00139741 0.00112174 -0.0085186 0.000933474 0.00879737 -0.00850739 -0.00634113  0 0 0 0 0 0 0 0 0 0 0 0 0 1 0 0 0 0
FAM1138 D2003007211 0.0230512 -0.00606678 -0.0041612 -0.000847051 0.000340787 0.00543322 0.00244007 0.00497672 -0.0121219 -0.00848278  0 0 0 0 0 0 0 0 0 0 0 0 0 1 0 0 0 0
FAM1139 D2003007212 0.0167931 -0.0062449 -0.00329057 -0.00292802 -0.003807 0.00176636 -0.000434868 0.00300859 -0.00706601 0.00329592  0 0 0 0 0 0 0 0 0 0 0 0 0 1 0 0 0 0
FAM1140 D2003007213 0.0235265 -0.00727985 -0.00158894 -0.00206528 0.00242537 -0.00189535 0.000279957 0.00555037 -0.00561188 -0.00196507  0 0 0 0 0 0 0 0 0 0 1 0 0 0 0 0 0 0
FAM1141 D2003007214 0.0221473 -0.00522053 0.00066051 6.2191e-05 0.00308706 -0.00357954 0.000272795 0.00744385 -0.0099617 -0.00829113  0 0 0 0 0 0 0 0 0 0 1 0 0 0 0 0 0 0
FAM1142 D2003007216 0.017686 -0.007793 0.00219344 -0.00432384 0.00283958 -0.00150557 0.000238626 0.00988171 -0.0126847 -0.00924993  0 0 0 0 0 0 0 0 0 0 1 0 0 0 0 0 0 0
FAM1143 D2003007222 0.0193106 -0.00624473 0.00255787 -0.00269819 0.0010665 -0.00190215 0.00183811 0.00607505 -0.00759932 -0.0126437  0 0 0 0 0 0 0 0 0 0 0 0 0 0 1 0 0 0
FAM1144 D2003007223 0.021063 -0.00546608 0.00148199 0.00304822 0.00399853 -0.00694059 0.0019053 0.0121055 -0.0100523 -0.013347  0 0 0 0 0 0 0 0 0 0 0 0 0 0 0 1 0 0
FAM1145 D2003007224 0.02118 -0.00673995 -0.00138601 -0.00111191 0.000993502 0.00459246 0.000692252 -0.00102172 -0.00479398 0.00272235  0 0 0 0 0 0 0 0 0 0 0 0 0 1 0 0 0 0
FAM1146 D2003007225 0.0228454 -0.00563808 0.00135039 0.00120185 0.00185885 -0.00423319 -0.000400917 0.00668424 -0.00790973 -0.00593717  0 0 0 0 0 0 0 0 0 0 1 0 0 0 0 0 0 0
FAM1147 D2003007226 0.0231778 -0.00543492 0.00193462 0.00758749 0.000506228 -0.00963996 0.00137482 0.0186611 -0.0154275 -0.0224619  0 0 0 0 0 0 0 0 0 0 0 0 0 0 0 1 0 0
FAM1148 D2003007227 0.0200615 -0.00449953 -0.00306105 -0.00266991 0.00212197 -0.00301928 0.00397167 0.00661352 -0.0113365 -0.00213942  0 0 0 0 0 0 0 0 0 0 0 0 0 0 0 0 1 0
FAM1149 D2003007229 0.0238649 -0.00750239 -0.00277573 -0.00143803 -0.000221434 0.000213429 0.00118455 0.0100213 -0.0156815 -0.0119289  0 0 0 0 0 0 0 0 0 0 0 0 0 0 0 0 1 0
FAM1150 D2003007230 0.0222516 -0.00661167 -0.00220539 -0.00262975 0.00100921 0.00525698 0.00285114 0.00381066 -0.00771304 0.00353705  0 0 0 0 0 0 0 0 0 0 0 0 0 1 0 0 0 0
FAM1151 D2003007235 0.0126406 -0.00212598 -0.00296139 -0.000416287 0.00137342 -0.00761131 0.0133403 0.00351125 -0.00339634 0.00102042  0 0 0 0 0 0 0 0 0 0 0 0 0 0 0 0 1 0
FAM1152 D2003007236 0.0207268 -0.00396843 -0.00233247 -0.00200836 0.00200702 -0.00396942 0.00189835 0.00681685 -0.00811984 -0.00235068  0 0 0 0 0 0 0 0 0 0 0 0 0 0 1 0 0 0
FAM1153 D2003007237 0.0144371 -0.00449149 -0.00458199 -0.00435734 -3.41475e-05 0.00217104 0.00753921 0.00189233 -0.00820163 0.00119524  0 0 0 0 0 0 0 0 0 0 0 0 0 0 0 0 1 0
FAM1154 D2003007241 -0.00730542 0.0079206 0.0442895 0.031909 -0.00257145 -0.000223233 -0.0239145 -0.0106582 -0.0292717 0.0393551  0 0 0 0 0 0 0 0 0 1 0 0 0 0 0 0 0 0
FAM1155 D2003007242 -0.0201311 0.012755 0.0263246 0.0144478 -0.0314219 0.036916 -0.024552 -0.0501932 -0.0661322 0.0206572  0 0 0 0 0 0 0 0 0 1 0 0 0 0 0 0 0 0
FAM1156 D2003007243 -0.0161203 0.0116097 0.040554 0.0259836 -0.016244 0.0198705 -0.0322923 -0.0339002 -0.0503202 0.0254477  0 0 0 0 0 0 0 0 0 1 0 0 0 0 0 0 0 0
FAM1157 D2003007245 0.0223886 -0.00784094 -0.0015466 -0.00342724 0.00150599 0.00439951 9.13176e-05 0.00485605 -0.00871929 -0.00733896  0 0 0 0 0 0 0 0 0 0 0 0 0 1 0 0 0 0
FAM1158 D2003007246 0.0214043 -0.00751489 0.000225319 -0.00150141 9.95496e-05 -0.00330367 0.00106931 0.00826806 -0.00937296 -0.0116585  0 0 0 0 0 0 0 0 0 0 1 0 0 0 0 0 0 0
FAM1159 D2003007247 0.0197599 -0.00550932 0.00220598 -0.00315628 0.00306713 -0.000386081 0.000894758 0.00759865 -0.0181608 -0.00436149  0 0 0 0 0 0 0 0 0 0 1 0 0 0 0 0 0 0
FAM1160 D2003007248 0.0199418 -0.00614599 -0.000493999 -0.000497521 -8.89771e-05 -0.00382227 0.00117374 0.00555442 -0.00703987 -0.00441629  0 0 0 0 0 0 0 0 0 0 1 0 0 0 0 0 0 0
FAM1161 D2003007249 0.0189453 -0.0057497 0.000997732 -0.0029818 0.00149979 -0.00436765 -0.000556536 0.00839924 -0.0054223 -0.00502488  0 0 0 0 0 0 0 0 0 0 0 0 0 0 0 1 0 0
FAM1162 D2003007250 0.0155938 -0.00815726 -0.00372515 -0.00509407 0.0014372 -0.00570846 -0.00206977 0.00290996 -0.00245205 -0.00219034  0 0 0 0 0 0 0 0 0 0 0 0 0 0 0 0 1 0
FAM1163 D2003007251 0.016806 -0.0040649 0.000837753 0.00229711 7.49384e-05 -0.00732629 0.00138644 0.00550322 -0.00686611 -0.00048629  0 0 0 0 0 0 0 0 0 0 1 0 0 0 0 0 0 0
FAM1164 D2003007252 0.0133225 -0.00727567 -0.00101379 -0.00373645 -0.00347321 0.000681002 0.000781467 0.00260126 -0.006049 0.00270427  0 0 0 0 0 0 0 0 0 0 0 0 0 0 0 0 1 0
FAM1165 D2003007253 0.0134289 -0.0063699 0.00188243 -0.00604089 0.000593534 -0.00355828 0.0023976 0.0010531 0.00181719 0.000841029  0 0 0 0 0 0 0 0 0 0 0 0 0 0 0 0 1 0
FAM1166 D2003007260 0.0177362 -0.00425529 -0.000241088 -0.0002605 0.000543545 -0.00446766 0.00251607 0.00489153 -0.00194183 -0.00408601  0 0 0 0 0 0 0 0 0 0 0 0 0 0 0 0 1 0
FAM1167 D2003007261 0.0207212 -0.00173697 -0.00369689 -0.00620521 0.0027841 0.00191914 0.00335452 0.00734086 -0.00477866 -0.00160132  0 0 0 0 0 0 0 0 0 0 0 0 0 1 0 0 0 0
FAM1168 D2003007262 0.0159436 -0.00379751 -0.00200207 0.00283967 0.003253 -0.00537902 0.00731432 0.00488317 -0.00678333 -0.00286043  0 0 0 0 0 0 0 0 0 0 0 0 0 0 0 0 1 0
FAM1169 D2003007263 0.012309 -0.00345643 -0.00283468 -0.00286548 0.00161374 -0.00590715 0.0124217 0.00453408 -0.00472578 -5.10611e-05  0 0 0 0 0 0 0 0 0 0 0 0 0 0 0 0 1 0
FAM1170 D2003007266 0.0092511 -0.00692303 -0.00039068 -0.00429363 0.00199625 -0.00609815 0.0120643 0.00286745 -0.00245237 -0.000803516  0 0 0 0 0 0 0 0 0 0 0 0 0 0 0 0 1 0
FAM1171 D2003007271 0.0224549 -0.00636694 0.00460499 0.00438676 0.0033762 -0.00940229 -0.00317955 0.0163337 -0.0119717 -0.0219213  0 0 0 0 0 0 0 0 0 0 0 0 0 0 0 1 0 0
FAM1172 D2003007273 0.0227193 -0.00591495 -0.00347348 -0.00327377 0.00055601 0.00352987 0.00219547 0.00657484 -0.0126424 -0.00578134  0 0 0 0 0 0 0 0 0 0 0 0 1 0 0 0 0 0
FAM1173 D2003007274 0.0203731 -0.00741458 0.000769784 -0.00245846 0.00286934 -0.00186336 0.00263863 0.00619356 -0.00745688 -0.00522263  0 0 0 0 0 0 0 0 0 0 1 0 0 0 0 0 0 0
FAM1174 D2003007275 0.0109564 -0.00528095 -0.0025653 -0.00506537 1.19596e-05 -0.0038115 0.00599808 0.00205367 -0.00499931 0.00230892  0 0 0 0 0 0 0 0 0 0 0 0 0 0 0 0 1 0
FAM1175 D2003007276 0.0119792 -0.00337248 -0.000566525 -0.00119074 -0.00174121 -0.00908938 0.00471577 0.00521393 -0.00343328 -0.000226047  0 0 0 0 0 0 0 0 0 0 0 0 0 0 0 0 1 0
FAM1176 D2003007277 0.0163026 -0.00266468 0.00458628 0.00146264 0.0014316 -0.00874312 0.0010838 0.00952633 -0.00793349 -0.00452056  0 0 0 0 0 0 0 0 0 0 0 0 0 0 0 0 1 0
FAM1177 D2003007278 0.021032 -0.00686041 -0.000918613 -0.00256892 0.00245189 0.00148104 0.000150086 0.00491422 -0.00655955 -0.00745393  0 0 0 0 0 0 0 0 0 0 0 0 0 0 0 0 0 0
FAM1178 D2003007279 0.021563 -0.00790806 0.000770795 0.00179875 0.00170316 -0.001942 -0.000829306 0.00637098 -0.00747471 -0.0103712  0 0 0 0 0 0 0 0 0 0 1 0 0 0 0 0 0 0
FAM1179 D2003007280 0.0115258 -0.00840673 0.00295991 -0.00669943 -0.000292101 -0.00768212 -0.00182828 0.00867839 -0.00671847 -0.0126866  0 0 0 0 0 0 0 0 0 0 0 0 0 0 0 0 1 0
FAM1180 D2003007281 0.0233879 -0.0088469 -0.00196947 -0.00133723 0.0016064 0.00877483 -0.000215845 -0.00211875 -0.0018489 -0.00062294  0 0 0 0 0 0 0 0 0 0 0 0 0 1 0 0 0 0
FAM1181 D2003007282 0.0177273 -0.00583027 -0.00179787 -0.0027615 -0.000797352 -0.00175516 0.00339407 0.00409263 -0.00290857 -0.00522415  0 0 0 0 0 0 0 0 0 0 0 0 0 0 0 0 1 0
FAM1182 D2003007285 0.0147717 -0.0085781 0.00241839 -0.00950124 0.00201849 0.00305059 0.00333885 0.00840263 -0.00979158 -0.0058101  0 0 0 0 0 0 0 0 0 0 0 0 0 0 1 0 0 0
FAM1183 D2003007289 0.0213658 -0.00683214 -0.00269553 -0.00225437 -0.00158916 0.00417394 0.00233244 0.00761156 -0.0147991 -0.0072375  0 0 0 0 0 0 0 0 0 0 0 0 0 1 0 0 0 0
FAM1184 D2003007291 0.0170362 -0.00451799 -0.00621598 -9.17361e-05 0.00260662 -0.00161779 0.00747934 0.00181492 -0.00626253 -0.00184132  0 0 0 0 0 0 0 0 0 0 0 0 0 0 0 0 1 0
FAM1185 D2003007292 0.0174633 -0.00297446 -0.000393989 0.000122932 -0.00215381 -0.00168336 0.0021078 0.0102725 -0.0117163 -0.00181814  0 0 0 0 0 0 0 0 0 0 0 0 0 0 0 0 1 0
FAM1186 D2003007293 0.0258729 -0.010944 -0.00400599 -0.00452929 0.00308769 0.00996754 0.000284806 0.00464566 -0.0107864 -0.0122304  0 0 0 0 0 0 0 0 0 0 0 0 0 0 1 0 0 0
FAM1187 D2003007294 0.0197336 -0.00578716 -0.0025314 -0.000821105 -0.000603854 0.00196543 0.00237978 0.00221014 -0.01265 -0.00695563  0 0 0 0 0 0 0 0 0 0 0 0 0 0 0 0 1 0
FAM1188 D2003007295 0.0200898 -0.00732002 -0.000776054 -0.0012126 -0.000414476 7.45427e-05 0.00208562 0.0109467 -0.0163032 -0.0102884  0 0 0 0 0 0 0 0 0 0 0 0 0 0 0 0 1 0
FAM1189 D2003007296 0.00936484 -0.00572094 -0.00844029 -0.00489983 -0.00706347 -0.00684937 -0.0029096 0.00723324 -0.00679493 0.0011448  0 0 0 0 0 0 0 0 0 0 0 0 0 0 0 0 1 0
FAM1190 D2003007297 0.0198429 -0.00393794 0.000851736 0.0036493 0.0027651 -0.00604474 0.000133557 0.00774576 -0.00434738 -0.00859575  0 0 0 0 0 0 0 0 0 0 0 0 0 0 0 0 1 0
FAM1191 D2003007298 0.0187281 -0.00695016 -0.00189374 0.000286326 0.00253068 -0.00202493 0.00408 0.0059762 -0.0101747 -0.00816918  0 0 0 0 0 0 0 0 0 0 1 0 0 0 0 0 0 0
FAM1192 D2003007299 0.0211576 -0.00718698 0.000558196 -0.00196404 0.0013246 -0.00279544 -0.000671925 0.00938529 -0.00859482 -0.0053378  0 0 0 0 0 0 0 0 0 0 0 0 0 0 0 0 1 0
FAM1193 D2003007300 0.0210535 -0.00707573 0.000536456 -0.00148598 -0.000107331 -0.00352574 -0.000960231 0.0105665 -0.0102572 -0.00636991  0 0 0 0 0 0 0 0 0 0 0 0 0 0 0 0 1 0
FAM1194 D2003007302 0.0191173 -0.00757807 -0.00109881 -0.00352041 0.000606203 0.00117727 0.00381113 0.00471889 -0.0058994 0.00114181  0 0 0 0 0 0 0 0 0 0 0 0 0 1 0 0 0 0
FAM1195 D2003007303 0.0189073 -0.00667831 0.000203399 -0.00201096 0.000811684 -0.000843601 0.00484379 0.00696187 -0.0104052 0.000520955  0 0 0 0 0 0 0 0 0 0 0 0 0 1 0 0 0 0
FAM1196 D2003007304 0.0215368 -0.0051287 -0.00134682 -0.00239955 0.000380447 -0.000920191 0.00627934 0.00592585 -0.0101035 -0.000233691  0 0 0 0 0 0 0 0 0 0 0 0 0 1 0 0 0 0
FAM1197 D2003007305 0.0183225 -0.00750939 0.000962001 -0.00313497 -0.00156602 -0.00152417 0.0059616 0.00891255 -0.00698158 -0.0070835  0 0 0 0 0 0 0 0 0 0 0 0 0 1 0 0 0 0
FAM1198 D2003007306 0.0185662 -0.00619571 -0.000139474 -0.00124669 0.000847998 -0.000894126 0.00583532 0.00103201 -0.00709672 -0.0124037  0 0 0 0 0 0 0 0 0 0 0 0 0 1 0 0 0 0
FAM1199 D2003007307 0.0249298 -0.0120102 -0.00150684 -0.00360461 0.00404911 0.0238514 -0.00599242 -0.0226878 0.0249411 0.0147742  0 0 0 0 0 0 0 0 0 0 0 1 0 0 0 0 0 0
FAM1200 D2003007308 0.014759 -0.00505869 0.000182717 -0.00362101 -0.00135323 -0.00573706 0.000462437 0.00923622 -0.00937717 -0.00251839  0 0 0 0 0 0 0 0 0 0 1 0 0 0 0 0 0 0
FAM1201 D2003007309 0.0198621 -0.00717584 -0.00278377 0.00110684 -0.000902096 -0.000890395 0.00103617 0.00530357 -0.00459299 -0.00333953  0 0 0 0 0 0 0 0 0 0 0 0 0 0 0 0 1 0
FAM1202 D2003007310 0.019596 -0.00756688 -0.00166303 -0.00130234 -0.00123787 0.00246268 -0.00196227 0.0036809 -0.00986986 -0.0114431  0 0 0 0 0 0 0 0 0 0 0 0 0 0 0 0 1 0
FAM1203 D2003007311 0.0233701 -0.00472496 -0.00314626 -0.00447272 -0.000552814 0.00371716 0.00172394 0.00723737 -0.0166954 -0.0142873  0 0 0 0 0 0 0 0 0 0 0 0 1 0 0 0 0 0
FAM1204 D2003007312 0.0194951 -0.0029999 -0.00289737 -0.000223664 -0.00283905 0.00402067 0.000802704 0.00830349 -0.0119132 -0.00393704  0 0 0 0 0 0 0 0 0 0 0 0 0 1 0 0 0 0
FAM1205 D2003007313 0.0222613 -0.00457302 -0.00219962 -0.00286019 0.000950878 0.00293379 0.00188238 0.00810136 -0.00585298 -0.00231851  0 0 0 0 0 0 0 0 0 0 0 0 0 1 0 0 0 0
FAM1206 D2003007314 0.0220664 -0.00287438 -0.00335658 -0.00298149 0.00200368 0.00108461 0.00325634 0.00683292 -0.00610109 -0.00474341  0 0 0 0 0 0 0 0 0 0 0 0 0 1 0 0 0 0
FAM1207 D2003007315 0.0189512 -0.00542024 -0.00219399 -0.00144827 -0.00103243 -0.00655331 0.000984533 0.0056344 -0.0119589 -0.0125347  0 0 0 0 0 0 0 0 0 0 0 0 0 0 1 0 0 0
FAM1208 D2003007317 0.0230485 -0.00808067 -0.0021563 -0.00295339 0.000783172 0.0103691 -0.00289746 -0.00475034 -0.00755128 -0.00205077  0 0 0 0 0 0 0 0 0 1 0 0 0 0 0 0 0 0
FAM1209 D2003007318 0.0254307 -0.00953966 0.000632572 -0.00172865 0.00404626 0.0105529 -0.00213357 -0.00501851 0.00271207 0.00422385  0 0 0 0 0 0 0 0 0 0 0 0 0 1 0 0 0 0
FAM1210 D2003007319 0.0213771 -0.00369333 -0.00117755 -0.00289573 0.00398113 0.000190746 0.00292146 0.00688279 -0.00888015 -0.00352055  0 0 0 0 0 0 0 0 0 0 0 0 0 1 0 0 0 0
FAM1211 D2003007320 0.0203522 -0.00606679 0.00109295 -0.00193194 0.000131099 -0.00155621 0.00133656 0.00788713 -0.00998005 -0.00338002  0 0 0 0 0 0 0 0 0 0 0 0 0 1 0 0 0 0
FAM1212 D2003007321 0.0210211 -0.00771876 -0.00449069 0.000990476 0.000572614 0.00155713 -0.00517892 0.00818834 -0.00660292 -0.00229752  0 0 0 0 0 0 0 0 0 0 0 0 0 0 1 0 0 0
FAM1213 D2003007322 0.022137 -0.00671433 0.000307292 -0.00124418 3.57307e-07 0.000349758 0.00164262 0.00664359 -0.00766019 -0.00439194  0 0 0 0 0 0 0 0 0 0 1 0 0 0 0 0 0 0
FAM1214 D2003007323 0.0206217 -0.00649193 0.000862449 -0.00279388 0.00142866 -0.000682859 -0.000204593 0.00897455 -0.013073 -0.00770546  0 0 0 0 0 0 0 0 0 0 0 0 0 0 0 0 0 0
FAM1215 D2003007324 0.0228307 -0.00639791 -0.00153122 -0.00161094 0.00301061 0.00111368 0.00226057 0.00544819 -0.00809946 -0.00432583  0 0 0 0 0 0 0 0 0 0 1 0 0 0 0 0 0 0
FAM1216 D2003007325 0.0156081 -0.0027982 0.00436393 0.00592496 -0.00313409 0.00212986 -0.00305187 0.00986496 -0.00952725 -0.00397878  0 0 0 0 0 0 0 0 0 0 0 0 0 0 0 0 1 0
FAM1217 D2003007326 0.0155614 -0.00203326 -0.000652666 0.00329484 -0.00504421 -0.00431603 -0.000185087 0.00619189 -0.00668473 -0.00748786  0 0 0 0 0 0 0 0 0 0 0 0 0 0 0 0 1 0
FAM1218 D2003007327 0.0171241 -0.00251612 -0.000145306 0.00281826 -0.00426352 -0.00530494 0.00163298 0.00918469 -0.00970114 -0.00308112  0 0 0 0 0 0 0 0 0 0 0 0 0 0 0 0 1 0
FAM1219 D2003007328 0.0165323 -0.00139298 -0.0029874 0.000658108 -0.00488067 -0.00163245 -0.00181858 -0.00175518 -0.0200376 -0.0132753  0 0 0 0 0 0 0 0 0 0 0 0 0 0 0 0 1 0
FAM1220 D2003007329 0.0185622 -0.00268656 0.000166185 -0.00140272 -0.0031857 -0.00493739 0.00156274 0.00441703 -0.0139141 -0.00249211  0 0 0 0 0 0 0 0 0 0 0 0 0 0 0 0 1 0
FAM1221 D2003007331 0.0245732 -0.00721668 -0.00211398 -0.00162287 0.000767859 0.0075482 0.000660146 0.00925224 -0.0164309 -0.00865479  0 0 0 0 0 0 0 0 0 0 0 0 1 0 0 0 0 0
FAM1222 D2003007332 0.0239251 -0.00602477 -0.00344529 -0.001543 0.000951618 0.00725779 0.00315572 0.0102714 -0.0154427 -0.00723748  0 0 0 0 0 0 0 0 0 0 0 0 1 0 0 0 0 0
FAM1223 D2003007333 0.0249839 -0.00504702 -0.00350109 -0.00290335 0.00251251 0.00529101 3.76121e-05 0.00911574 -0.0151514 -0.00714887  0 0 0 0 0 0 0 0 0 0 0 0 1 0 0 0 0 0
FAM1224 D2003007334 0.0235646 -0.00740205 -0.00416223 -0.0029076 0.00248492 0.00449373 0.00332629 0.00893416 -0.015954 -0.00820451  0 0 0 0 0 0 0 0 0 0 0 0 1 0 0 0 0 0
FAM1225 D2003007335 0.0226109 -0.00739928 -0.00250489 -0.00235182 0.00035662 0.00421172 0.00302209 0.00808002 -0.0160693 -0.00904968  0 0 0 0 0 0 0 0 0 0 0 0 1 0 0 0 0 0
FAM1226 D2003007336 0.015671 0.000825298 -0.00523871 0.00353565 -0.00558632 -0.00414748 0.00060285 -0.00855387 -0.00872539 -0.0178305  0 0 0 0 0 0 0 0 0 0 0 0 0 0 0 0 1 0
FAM1227 D2003007337 0.0175799 -0.00119886 -0.00252445 0.001214 -0.00466297 -0.00262739 -0.0017152 -0.00338732 -0.0119253 -0.0167197  0 0 0 0 0 0 0 0 0 0 0 0 0 0 0 0 1 0
FAM1228 D2003007338 0.0132163 0.000925949 -0.0046425 0.00378251 -0.00630604 -0.00461867 -0.000612123 -0.0102321 -0.00982785 -0.0176633  0 0 0 0 0 0 0 0 0 0 0 0 0 0 0 0 1 0
FAM1229 D2003007339 0.0174878 -0.00476303 0.00177901 0.00191848 0.000148413 -0.00454859 -0.00437868 0.00495349 -0.0122011 -0.00716664  0 0 0 0 0 0 0 0 0 0 0 0 0 0 0 0 1 0
FAM1230 D2003007340 0.0154815 -0.00400145 -0.00274208 0.00114925 -0.00225847 -0.00436358 0.00352035 0.00252908 -0.00865078 -0.0139351  0 0 0 0 0 0 0 0 0 0 0 0 0 0 0 0 1 0
FAM1231 D2003007342 0.0135943 -0.00225973 0.00462562 0.00133089 -0.00504984 -0.00251906 -0.000549417 0.00562623 -0.00642664 -0.0010339  0 0 0 0 0 0 0 0 0 0 0 0 0 0 0 0 1 0
FAM1232 D2003007343 0.022687 -0.00664897 -0.00104461 -0.00189143 -2.48738e-05 -0.00361545 0.000465995 0.0116325 -0.00980061 -0.00519484  0 0 0 0 0 0 0 0 0 0 1 0 0 0 0 0 0 0
FAM1233 D2003007345 0.0248508 -0.00912472 -0.00275178 -0.0028105 0.00225094 0.00518747 0.000214616 0.0066758 -0.0128422 -0.00937752  0 0 0 0 0 0 0 0 0 0 0 0 1 0 0 0 0 0
FAM1234 D2003007346 0.022983 -0.00748084 -0.00146413 -0.00209168 0.000774269 0.0042408 0.00175318 0.00910092 -0.0115117 -0.00978243  0 0 0 0 0 0 0 0 0 0 0 0 1 0 0 0 0 0
FAM1235 D2003007347 0.0228286 -0.00769167 -0.00189309 -0.000668489 0.000810388 0.00701157 0.00181916 0.00956525 -0.0154007 -0.0128212  0 0 0 0 0 0 0 0 0 0 0 0 1 0 0 0 0 0
FAM1236 D2003007350 0.0254247 -0.00757883 -0.00120143 0.000423837 0.00176506 0.00269162 -0.00160066 0.00687461 -0.00829339 -0.00744009  0 0 0 0 0 0 0 0 0 0 0 0 0 0 0 0 1 0
FAM1237 D2003007351 0.0220644 -0.00666258 0.000145259 -0.0027174 -1.43512e-05 -0.0031604 0.00221636 0.0103208 -0.0102854 -0.00949465  0 0 0 0 0 0 0 0 0 0 1 0 0 0 0 0 0 0
FAM1238 D2003007352 0.0233031 -0.00642857 -0.000409208 -0.00119957 0.00130118 0.000139082 -0.000555148 0.0108117 -0.00817521 -0.00363093  0 0 0 0 0 0 0 0 0 0 1 0 0 0 0 0 0 0
FAM1239 D2003007353 0.0222981 -0.00487419 0.00147808 0.000450034 0.000693676 -0.000640631 0.000166509 0.0120218 -0.0100934 -0.00393577  0 0 0 0 0 0 0 0 0 0 1 0 0 0 0 0 0 0
FAM1240 D2003007354 0.0243405 -0.00658693 -5.14343e-05 -0.000557124 0.00104523 0.00476971 7.50994e-05 0.00895331 -0.00983184 -0.00412887  0 0 0 0 0 0 0 0 0 0 1 0 0 0 0 0 0 0
FAM1241 D2003007355 0.0252988 -0.00785189 -0.000449727 -0.00121906 0.00280374 0.00254244 0.000397486 0.00953775 -0.00932373 -0.0066739  0 0 0 0 0 0 0 0 0 0 1 0 0 0 0 0 0 0
FAM1242 D2003007356 0.023809 -0.00726487 0.000187939 0.000102134 0.0018009 -0.000777716 0.000145159 0.0105729 -0.00888755 -0.00570167  0 0 0 0 0 0 0 0 0 0 1 0 0 0 0 0 0 0
FAM1243 D2003007357 0.0223833 -0.00591605 -0.0031371 -0.00240819 0.00198828 0.00636851 0.00128103 0.00655588 -0.0114382 -0.00486915  0 0 0 0 0 0 0 0 0 0 0 0 1 0 0 0 0 0
FAM1244 D2003007358 0.0232906 -0.00666874 -0.00373792 -0.00249185 0.000600048 0.00824057 -0.00223985 -0.00633083 -0.00527315 -0.00397004  0 0 0 0 0 0 0 0 0 0 0 0 0 1 0 0 0 0
FAM1245 D2003007359 0.0223989 -0.0064876 -0.00110079 -0.00252835 0.000676538 0.0044581 0.000346337 0.00454272 -0.00700315 -0.00508737  0 0 0 0 0 0 0 0 0 0 0 0 0 1 0 0 0 0
FAM1246 D2003007360 0.0257569 -0.00897569 -0.00167184 -0.00231167 0.00363997 0.0118576 -0.00168167 -0.00492547 0.00313508 0.00149215  0 0 0 0 0 0 0 0 0 0 0 0 0 1 0 0 0 0
FAM1247 D2003007362 0.0180431 -0.00617711 0.00219679 -0.00334157 0.00123918 -0.00630771 0.00337406 0.0051145 -0.00593657 -0.00279037  0 0 0 0 0 0 0 0 0 0 0 0 0 0 0 0 1 0
FAM1248 D2003007363 0.0137005 -0.00512663 -0.000740484 -0.00382799 0.000495123 -0.00560431 0.00401437 0.00748489 -0.00835797 0.000702115  0 0 0 0 0 0 0 0 0 0 0 0 0 0 0 0 1 0
FAM1249 D2003007364 0.0142879 -0.00599837 6.55108e-05 -0.00274239 0.00184389 -0.00620933 0.00372304 0.00772589 -0.00956134 -0.000465333  0 0 0 0 0 0 0 0 0 0 0 0 0 0 0 0 1 0
FAM1250 D2003007365 0.0286381 -0.0134078 -0.0032003 -0.00369706 0.00721787 0.0344794 -0.0086513 -0.0379157 0.0360061 0.0217241  0 0 0 0 0 0 0 0 0 0 0 1 0 0 0 0 0 0
FAM1251 D2003007367 0.0164096 -0.00518448 -0.00120627 -0.00623076 0.000366798 -0.00584814 0.00108884 0.0107106 -0.00643778 -0.00136823  0 0 0 0 0 0 0 0 0 0 0 0 0 1 0 0 0 0
FAM1252 D2003007368 0.0153655 -0.00689913 -0.00104967 -0.00227403 -0.00106726 -0.00600439 0.00387753 0.00709471 -0.00619787 -0.00429128  0 0 0 0 0 0 0 0 0 0 0 0 0 1 0 0 0 0
FAM1253 D2003007369 0.0133628 -0.00593699 -0.00277699 -0.00264726 -0.00276144 -0.00566208 0.00815433 0.000149652 -0.00667008 -0.00780427  0 0 0 0 0 0 0 0 0 0 0 0 0 1 0 0 0 0
FAM1254 D2003007370 0.0239289 -0.00491608 -0.00386089 -0.00226459 0.00186014 0.00160704 0.00177951 0.00846915 -0.0126466 -0.00940523  0 0 0 0 0 0 0 0 0 0 0 0 1 0 0 0 0 0
FAM1255 D2003007371 0.0237384 -0.00515151 -0.00281084 -0.00125895 0.00068208 0.0032077 0.00246537 0.00940965 -0.0134046 -0.00663818  0 0 0 0 0 0 0 0 0 0 0 0 1 0 0 0 0 0
FAM1256 D2003007372 0.0240233 -0.00759002 -0.00324752 -0.00351214 0.000448355 0.00531666 0.00219741 0.0085169 -0.0159842 -0.0146546  0 0 0 0 0 0 0 0 0 0 0 0 1 0 0 0 0 0
FAM1257 D2003007373 0.0252301 -0.00762108 -0.00415747 -0.00322196 0.00170951 0.00460264 0.00182481 0.0097455 -0.0161547 -0.0119286  0 0 0 0 0 0 0 0 0 0 0 0 1 0 0 0 0 0
FAM1258 D2003007374 0.0222952 -0.00787224 -0.00313064 -0.00136883 0.000281377 0.00645802 -0.000795777 0.00141827 -0.0095174 -0.00333003  0 0 0 0 0 0 0 0 0 0 0 0 0 1 0 0 0 0
FAM1259 D2003007375 0.023201 -0.00578503 0.00163578 0.00263673 0.00217433 -0.00483739 0.00127914 0.0146817 -0.0127457 -0.0143448  0 0 0 0 0 0 0 0 0 0 0 0 0 0 0 1 0 0
FAM1260 D2003007378 0.0216434 -0.00536236 -0.00115929 0.00143462 0.000968583 -0.00371829 3.10217e-05 0.00649797 -0.00639206 -0.00829228  0 0 0 0 0 0 0 0 0 0 1 0 0 0 0 0 0 0
FAM1261 D2003007379 0.0216908 -0.00641886 0.000803618 -7.7777e-05 0.002084 -0.00364673 0.00066886 0.00859904 -0.00859931 -0.00564082  0 0 0 0 0 0 0 0 0 0 0 0 0 0 0 0 1 0
FAM1262 D2003007380 0.0195406 -0.00618756 -0.000469494 -7.50497e-05 6.75926e-05 -0.00241928 -0.00202513 0.00942528 -0.00991667 -0.0112671  0 0 0 0 0 0 0 0 0 0 1 0 0 0 0 0 0 0
FAM1263 D2003007381 0.0216526 -0.00566126 -0.00109333 -0.000540169 0.00127238 -0.00195118 0.00180469 0.00776222 -0.01298 -0.00816058  0 0 0 0 0 0 0 0 0 0 1 0 0 0 0 0 0 0
FAM1264 D2003007382 0.0213949 -0.00580653 -0.000495905 -0.000466432 0.00135026 -0.00192762 0.00167032 0.0080445 -0.0131416 -0.00850682  0 0 0 0 0 0 0 0 0 0 1 0 0 0 0 0 0 0
FAM1265 D2003007383 0.0213259 -0.00693861 -0.00143297 -0.00127299 0.0006894 -0.00397662 -0.000574312 0.009227 -0.01024 -0.00603561  0 0 0 0 0 0 0 0 0 0 1 0 0 0 0 0 0 0
FAM1266 D2003007385 0.0186697 -0.00427599 -0.00393091 -0.00222893 -0.00191905 -0.00276957 0.000393168 0.0053192 -0.00742178 -0.00526564  0 0 0 0 0 0 0 0 0 0 0 0 0 0 0 0 1 0
FAM1267 D2003007386 0.00937621 -0.000948933 -0.00852281 -0.000260723 -0.00588335 -0.00451676 0.00507114 0.00466563 -0.00536007 -0.000293808  0 0 0 0 0 0 0 0 0 0 0 0 0 0 0 0 1 0
FAM1268 D2003007387 0.0173143 -0.0063763 -0.00148479 -0.00239994 0.0006529 -0.00199378 0.00557185 0.0056995 -0.00923701 -6.59491e-05  0 0 0 0 0 0 0 0 0 0 0 0 0 1 0 0 0 0
FAM1269 D2003007388 0.0182986 -0.00690619 -0.0004027 -0.00313728 0.00078162 0.000561918 0.00253426 0.00592396 -0.00755751 0.000923697  0 0 0 0 0 0 0 0 0 0 0 0 0 1 0 0 0 0
FAM1270 D2003007390 0.0210229 -0.00534877 -0.00128062 -0.00443635 0.00164135 0.00370801 0.00160218 0.00521451 -0.00817454 -0.00275436  0 0 0 0 0 0 0 0 0 0 0 0 0 1 0 0 0 0
FAM1271 D2003007391 0.0224808 -0.00818265 -0.000293062 -0.00194363 0.000477967 0.0010397 0.00202838 0.0062739 -0.0108318 -0.00479261  0 0 0 0 0 0 0 0 0 0 0 0 0 1 0 0 0 0
FAM1272 D2003007392 0.0255261 -0.00912283 -0.00369832 -0.000640257 -0.000614024 0.00563613 0.00303256 0.00922125 -0.0165793 -0.00740274  0 0 0 0 0 0 0 0 0 0 0 0 0 1 0 0 0 0
FAM1273 D2003007393 0.022641 -0.00416191 -0.00414908 -0.00187146 -0.000244655 0.0014799 0.00161933 0.00403992 -0.0102549 -0.00718861  0 0 0 0 0 0 0 0 0 0 0 0 0 1 0 0 0 0
FAM1274 D2003007394 0.0222507 -0.00615253 -0.00369434 -0.00323147 -0.000551265 0.000643462 0.00148148 0.00746221 -0.00949815 -0.00553313  0 0 0 0 0 0 0 0 0 0 0 0 0 1 0 0 0 0
FAM1275 D2003007396 0.0214769 -0.00650571 -0.00147982 -0.00263843 0.00134048 0.00199976 0.00168379 0.00886996 -0.0115888 -0.00667736  0 0 0 0 0 0 0 0 0 0 0 0 0 1 0 0 0 0
FAM1276 D2003007398 0.0267199 -0.00985039 -0.000798804 -0.00273517 0.00217738 0.00749981 0.00163133 0.00650919 -0.0138279 -0.00607112  0 0 0 0 0 0 0 0 0 0 0 0 0 1 0 0 0 0
FAM1277 D2003007399 0.0188037 -0.00345931 -0.00358532 -0.00197556 0.000950766 -0.00233342 0.00307479 0.00436226 -0.00724936 -0.00249768  0 0 0 0 0 0 0 0 0 0 0 0 0 0 0 0 1 0
FAM1278 D2003007400 0.0187843 -0.00454343 -0.00396288 -0.00504876 -0.00100129 -0.00170241 0.00311592 0.00494095 -0.00930331 -0.00456104  0 0 0 0 0 0 0 0 0 0 0 0 0 0 0 0 1 0
FAM1279 D2003007401 0.0138401 -0.00337212 -0.0072812 0.000400244 -0.00485042 -0.00721124 -0.00423276 0.00400174 -0.00872096 -0.00331114  0 0 0 0 0 0 0 0 0 0 0 0 0 0 0 0 1 0
FAM1280 D2003007403 0.028231 -0.0140638 -0.00315873 -0.00409829 0.00737973 0.0346739 -0.00879291 -0.0378551 0.0364661 0.0216498  0 0 0 0 0 0 0 0 0 0 0 1 0 0 0 0 0 0
FAM1281 D2003007405 0.0220583 -0.00846923 0.000394765 -0.00360215 0.00240959 0.00892031 -0.0015145 -0.00287423 0.00128183 0.00207698  0 0 0 0 0 0 0 0 0 0 0 0 0 1 0 0 0 0
FAM1282 D2003007407 0.0232219 -0.00882167 -0.00181691 -0.00166341 0.00146749 0.00848158 -0.000394394 -0.00177953 -0.00222468 -0.000750133  0 0 0 0 0 0 0 0 0 0 0 0 0 1 0 0 0 0
FAM1283 D2003007408 0.0221076 -0.00588299 -0.00278561 -0.00370599 0.00097444 0.00408419 0.00192861 0.00528895 -0.01073 -0.00479753  0 0 0 0 0 0 0 0 0 0 0 0 0 1 0 0 0 0
FAM1284 D2003007409 0.0214678 -0.00547404 -0.00209515 -0.000859547 0.00155354 0.000134493 0.00230269 0.00577996 -0.0106263 -0.00263601  0 0 0 0 0 0 0 0 0 0 0 0 0 1 0 0 0 0
FAM1285 D2003007410 0.0222163 -0.00617468 0.00180786 0.0010822 0.00180015 -0.00286488 0.00117101 0.0075954 -0.0110963 -0.007071  0 0 0 0 0 0 0 0 0 0 1 0 0 0 0 0 0 0
FAM1286 D2003007411 0.020499 -0.00574429 0.000598214 -0.00288979 0.000150555 0.00110708 0.00102884 0.00699385 -0.0108242 -0.00433557  0 0 0 0 0 0 0 0 0 0 0 0 1 0 0 0 0 0
FAM1287 D2003007412 0.022092 -0.0064599 -0.00282087 -0.00076009 0.00130623 0.0045179 -0.00129113 7.00191e-05 -0.00117633 -0.000849777  0 0 0 0 0 0 0 0 0 0 0 0 0 1 0 0 0 0
FAM1288 D2003007413 0.0224837 -0.00639502 -0.000637404 -0.00179813 0.000860935 0.000520999 0.00147738 0.00892181 -0.00900472 -0.00775522  0 0 0 0 0 0 0 0 0 0 1 0 0 0 0 0 0 0
FAM1289 D2003007415 0.0239041 -0.00642375 0.000101278 -0.00107162 0.001942 0.000444868 -0.000866367 0.0116051 -0.00846281 -0.00382605  0 0 0 0 0 0 0 0 0 0 1 0 0 0 0 0 0 0
FAM1290 D2003007416 0.0217862 -0.00802191 -0.00159651 -0.00240734 -0.000778346 0.00471921 -0.000381898 0.0053067 -0.0109412 -0.00614647  0 0 0 0 0 0 0 0 0 0 0 0 0 1 0 0 0 0
FAM1291 D2003007417 0.0204214 -0.00376059 -0.00157996 -0.00267153 0.0014589 -0.0045096 0.00274252 0.00925706 -0.0122302 -0.00728867  0 0 0 0 0 0 0 0 0 0 0 0 0 0 0 0 1 0
FAM1292 D2003007418 0.019159 -0.00353103 -0.000877887 -0.00170452 0.000778686 -0.00435684 0.00358424 0.00835198 -0.00940491 -0.00188653  0 0 0 0 0 0 0 0 0 0 0 0 0 0 0 0 1 0
FAM1293 D2003007419 0.0178237 -0.00581694 -0.000951856 -0.00355101 -0.000239967 -0.00487633 0.00227543 0.00983261 -0.0108043 -0.00294108  0 0 0 0 0 0 0 0 0 0 1 0 0 0 0 0 0 0
FAM1294 D2003007420 0.0171625 -0.00359618 0.00374797 -0.00108023 0.00091464 -0.00876337 0.00208513 0.00995568 -0.00701755 -0.00258087  0 0 0 0 0 0 0 0 0 0 0 0 0 0 0 1 0 0
FAM1295 D2003007421 0.0203376 -0.00570787 0.00170724 -0.00192281 0.000858656 -0.00230999 0.00229457 0.00601383 -0.00739031 -0.0123494  0 0 0 0 0 0 0 0 0 0 0 0 0 0 1 0 0 0
FAM1296 D2003007423 0.0208119 -0.00766919 0.00049965 -4.14482e-05 -0.000805748 -0.00412417 0.000801899 0.00978066 -0.00894415 -0.00725717  0 0 0 0 0 0 0 0 0 0 0 0 0 0 0 0 1 0
FAM1297 D2003007424 0.0188016 -0.00471049 -0.000806269 -0.00350075 -0.000803732 -0.00231148 0.0030978 0.00511249 -0.0107038 -0.00156009  0 0 0 0 0 0 0 0 0 0 0 0 0 0 0 0 0 0
FAM1298 D2003007425 0.0147304 -0.0018577 -0.00114801 0.000762112 -0.00596326 -0.00120968 -0.0030632 0.000940392 -0.0137425 0.0132329  0 0 0 0 0 0 0 0 0 0 0 0 0 0 0 0 1 0
FAM1299 D2003007426 0.0139664 -0.00547872 -0.000845188 -0.0021524 -0.000812792 -0.00298995 0.00241929 0.00813741 -0.0106582 -0.00612284  0 0 0 0 0 0 0 0 0 0 0 0 0 0 0 0 1 0
FAM1300 D2003007428 0.0289064 -0.0140323 -0.00439773 -0.0036836 0.00616974 0.0355652 -0.00889665 -0.0355395 0.0375522 0.0183507  0 0 0 0 0 0 0 0 0 0 0 1 0 0 0 0 0 0
FAM1301 D2003007430 0.0222258 -0.00463823 -0.00138718 0.000983738 0.00278751 -0.00290202 0.00230704 0.00983834 -0.0124221 -0.0052899  0 0 0 0 0 0 0 0 0 0 1 0 0 0 0 0 0 0
FAM1302 D2003007431 0.0249261 -0.00913013 0.00032477 -0.00192339 0.00361146 0.0226243 -0.00698343 -0.0229337 0.0258219 0.0161504  0 0 0 0 0 0 0 0 0 0 0 1 0 0 0 0 0 0
FAM1303 D2003007432 0.00626322 -0.000864764 -0.00680977 -0.00303311 -0.00617593 -0.00606856 0.0120763 -0.00512522 -0.00799414 0.00607188  0 0 0 0 0 0 0 0 0 0 0 0 0 0 0 0 1 0
FAM1304 D2003007434 0.0224718 -0.00539389 0.00167078 0.00216305 0.00114627 -0.00540168 -0.00284686 0.0111455 -0.010065 -0.0142626  0 0 0 0 0 0 0 0 0 0 0 0 0 0 1 0 0 0
FAM1305 D2003007435 0.0196667 -0.00481087 0.00319055 0.00441572 0.00107662 -0.00686074 -0.000841304 0.0111041 -0.007633 -0.00868309  0 0 0 0 0 0 0 0 0 0 0 0 0 0 0 1 0 0
FAM1306 D2003007436 0.0211941 -0.0044016 -0.0015776 -0.000259827 8.50766e-05 -0.00294101 0.0024635 0.00909256 -0.0109261 -0.00936442  0 0 0 0 0 0 0 0 0 0 1 0 0 0 0 0 0 0
FAM1307 D2003007437 0.0219861 -0.0104175 -0.00331977 0.00055824 -0.0034494 -0.00635405 -0.00362113 0.0144103 -0.0178193 -0.0286762  0 0 0 0 0 0 0 0 0 0 0 0 0 0 1 0 0 0
FAM1308 D2003007438 0.0171765 -0.00227537 0.000796983 -0.00163945 0.00250827 -0.00681211 0.00314464 0.010794 -0.00986065 -0.00657011  0 0 0 0 0 0 0 0 0 0 0 0 0 0 0 1 0 0
FAM1309 D2003007439 0.0202792 -0.000440148 0.00124792 0.00186433 0.000528758 -0.0102225 0.000790552 0.00790747 -0.00256386 -0.00405327  0 0 0 0 0 0 0 0 0 0 0 1 0 0 0 0 0 0
FAM1310 D2003007440 0.0204911 -0.00652699 -0.00275715 0.000457197 -0.00250505 -0.00627807 -0.00334507 0.0134067 -0.0129699 -0.0218882  0 0 0 0 0 0 0 0 0 0 0 0 0 0 1 0 0 0
FAM1311 D2003007441 0.0198931 -0.000834109 0.00170013 0.0013632 0.000487813 -0.0100718 0.000492917 0.00785895 -0.00254525 -0.00417571  0 0 0 0 0 0 0 0 0 0 0 1 0 0 0 0 0 0
FAM1312 D2003007442 0.0202612 -0.00197243 0.00188649 -0.00235004 0.00299385 -0.00502417 -0.00135398 0.014952 -0.0128805 -0.0175968  0 0 0 0 0 0 0 0 0 0 0 0 0 0 1 0 0 0
FAM1313 D2003007443 0.0225405 -0.00694163 6.74456e-05 -0.00187168 0.00302237 0.00337842 0.00157706 0.00417542 -0.00674191 -0.00298509  0 0 0 0 0 0 0 0 0 0 1 0 0 0 0 0 0 0
FAM1314 D2003007444 0.0158303 -0.00697673 0.00373344 -0.00635205 -0.000172879 0.00253711 0.00192268 0.00649422 -0.0113903 -0.00234906  0 0 0 0 0 0 0 0 0 0 0 0 0 0 0 0 1 0
FAM1315 D2003007445 0.0156818 -0.00406803 -0.000138738 -0.000293229 -0.00143911 -0.0063249 0.0038663 0.00444435 -0.00843167 -0.0168315  0 0 0 0 0 0 0 0 0 0 0 0 0 1 0 0 0 0
FAM1316 D2003007447 0.025687 -0.0103608 -3.05555e-05 -0.00300451 0.000835527 0.0102808 -0.00224973 0.00541735 -0.0113971 -0.0139351  0 0 0 0 0 0 0 0 0 0 0 0 0 0 1 0 0 0
FAM1317 D2003007448 -0.00387491 0.00953503 -0.0139019 0.021542 -0.0496094 0.0450694 -0.00458221 0.0534858 0.0184484 -0.00452415  0 0 0 0 0 1 0 0 0 0 0 0 0 0 0 0 0 0
FAM1318 D2003007449 0.0233405 -0.00748587 -0.00211229 -0.00395392 0.000846735 0.00173641 0.0027064 0.00678238 -0.010782 -0.00223322  0 0 0 0 0 0 0 0 0 0 0 0 0 0 0 0 1 0
FAM1319 D2003007450 0.0216254 -0.00616217 -0.00221151 -0.00113359 0.00243532 -0.000811973 0.00232245 0.00500539 -0.00918406 -0.00405617  0 0 0 0 0 0 0 0 0 0 0 0 0 1 0 0 0 0
FAM1320 D2003007451 0.0194411 -0.0101383 -0.00150055 -0.00188363 -0.000315245 0.0287665 -0.00463683 -0.0151534 0.0187895 0.00897139  0 0 0 0 0 0 0 0 0 0 0 1 0 0 0 0 0 0
FAM1321 D2003007452 0.0164784 -0.00647915 0.00501848 0.00501252 0.00134443 -0.00843105 0.00128592 0.00562752 0.00198408 -0.0124731  0 0 0 0 0 0 0 0 0 0 0 0 0 0 1 0 0 0
FAM1322 D2003007453 0.0102966 -0.00511786 -0.00844849 -0.00230452 -0.00634236 -0.00625918 -0.00429848 0.00604799 -0.00751605 -0.00239727  0 0 0 0 0 0 0 0 0 0 0 0 0 0 0 0 1 0
FAM1323 D2003007459 0.0236047 -0.00638266 -0.00339567 -0.00124606 -0.000774707 0.00506519 0.000684487 0.00735249 -0.0141656 -0.00191071  0 0 0 0 0 0 0 0 0 0 0 0 0 0 0 0 1 0
FAM1324 D2003007460 0.0186928 -0.00318027 -0.00305811 -0.00119559 -0.00181492 -0.00133352 0.000965241 0.00525509 -0.00977193 0.00176633  0 0 0 0 0 0 0 0 0 0 0 0 0 0 0 0 1 0
FAM1325 D2003007461 0.0139206 -0.0036162 -0.0048052 -0.00275898 -0.00278319 -0.00294337 0.00210608 0.00410549 -0.0117542 -0.000585363  0 0 0 0 0 0 0 0 0 0 0 0 0 0 0 0 1 0
FAM1326 D2003007462 0.00411311 -0.00121602 -0.00261465 -0.00816699 -0.00885108 -0.0109666 0.012151 0.00351658 -0.00206064 0.00834011  0 0 0 0 0 0 0 0 0 0 0 0 0 0 0 0 1 0
FAM1327 D2003007464 0.022664 -0.00758209 0.000766617 0.00108007 0.00103711 -0.000930547 0.00192141 0.0103957 -0.0106579 -0.00528717  0 0 0 0 0 0 0 0 0 0 0 0 0 0 0 0 1 0
FAM1328 D2003007465 0.0227148 -0.00562949 -0.00194551 -0.00192609 -0.00138759 -0.00281069 0.00176655 0.00551232 -0.00822324 -0.0126353  0 0 0 0 0 0 0 0 0 0 1 0 0 0 0 0 0 0
FAM1329 D2003007466 0.0293015 -0.0159407 -0.00347683 -0.00409514 0.00691493 0.0429868 -0.0131459 -0.0434442 0.0459499 0.024241  0 0 0 0 0 0 0 0 0 0 0 1 0 0 0 0 0 0
FAM1330 D2003007467 0.0292558 -0.0154355 -0.00162483 -0.00450038 0.00594951 0.0395181 -0.0111394 -0.0401066 0.0410284 0.0251779  0 0 0 0 0 0 0 0 0 0 0 1 0 0 0 0 0 0
FAM1331 D2003007469 -0.008036 -0.00205862 0.0018607 -0.00889866 -0.0120118 -0.00809728 -0.00328998 -0.00119245 -0.00705893 0.0217021  0 0 0 0 0 0 0 0 0 0 0 0 0 0 0 0 0 0
FAM1332 D2003007473 -0.00693286 -0.00332204 0.000108095 -0.00480085 -0.0069122 -0.00769498 0.00263397 -0.00141024 -0.00862479 0.0210177  0 0 0 0 0 0 0 0 0 0 0 0 0 0 0 0 0 0
FAM1333 D2003007475 -0.0181094 -0.0161398 0.0114654 -0.0226165 -0.00194265 -0.00379535 -0.0230517 0.0100413 0.00687055 0.000388565  0 0 0 0 0 0 0 0 0 0 0 0 0 0 0 0 0 0
FAM1334 D2003007476 -0.0085682 -0.00427388 0.00120492 -0.0133216 -0.01046 -0.00832701 -0.00462037 0.00545663 -0.00168875 0.0161991  0 0 0 0 0 0 0 0 0 0 0 0 0 0 0 0 0 0
FAM1335 D2003007478 -0.00903837 -0.00630734 -0.00218394 -0.0150638 -0.01105 -0.00942967 0.00668557 0.00284818 0.00206937 0.00990805  0 0 0 0 0 0 0 0 0 0 0 0 0 0 0 0 0 0
FAM1336 D2003007479 -0.0137527 -0.0122961 0.0103325 -0.0270957 -0.00571292 -0.0116293 -0.0119382 0.00921639 0.00677201 0.0094668  0 0 0 0 0 0 0 0 0 0 0 0 0 0 0 0 0 0
FAM1337 D2003007480 -0.0101171 -0.00244631 -0.000554943 -0.0113347 -0.0110905 -0.0139593 -0.000607358 -0.0104008 -0.0100199 0.0266619  0 0 0 0 0 0 0 0 0 0 0 0 0 0 0 0 0 0
FAM1338 D2003007482 -0.0205011 -0.0196582 0.0202961 -0.0288351 -0.00172966 -0.00186545 -0.024781 0.00410284 -0.00445993 0.00366531  0 0 0 0 0 0 0 0 0 0 0 0 0 0 0 0 0 0
FAM1339 D2003007483 -0.0108641 0.00174004 -0.00532535 -0.00759956 -0.0120723 -0.011731 -0.000141448 -0.01994 -0.0144413 0.0168085  0 0 0 0 0 0 0 0 0 0 0 0 0 0 0 0 0 0
FAM1340 D2003007484 -0.00914571 -0.00714417 0.000860548 -0.0159426 -0.00983389 -0.00883629 0.00231344 0.00449282 0.000587725 0.0105363  0 0 0 0 0 0 0 0 0 0 0 0 0 0 0 0 0 0
FAM1341 D2003007485 -0.00811638 -0.00596511 -0.00189823 -0.0159211 -0.00994246 -0.0106192 0.00822007 0.00172983 0.000360095 0.0105573  0 0 0 0 0 0 0 0 0 0 0 0 0 0 0 0 0 0
FAM1342 D2003007489 -0.0101718 0.00993228 -0.00615653 -0.0135109 -0.0103223 -0.00383742 0.00324402 -0.00744228 0.00398562 -0.00926088  0 0 0 0 0 0 0 0 0 0 0 0 0 0 0 0 0 0
FAM1343 D2003007490 -0.00880243 -0.00595765 0.000284241 -0.0171477 -0.0113408 -0.0112059 0.00575925 0.00354704 0.00111488 0.0127765  0 0 0 0 0 0 0 0 0 0 0 0 0 0 0 0 0 0
FAM1344 D2003007491 -0.0181563 -0.0163227 0.0132976 -0.0280844 -0.00357883 -0.0074806 -0.0220417 0.00705844 0.00589024 -0.00152091  0 0 0 0 0 0 0 0 0 0 0 0 0 0 0 0 0 0
FAM1345 D2003007492 -0.0211452 -0.019154 0.00983297 -0.030189 0.00169866 -0.00781393 -0.0281437 0.00912927 0.00452942 0.00105591  0 0 0 0 0 0 0 0 0 0 0 0 0 0 0 0 0 0
FAM1346 D2003007493 -0.0144436 -0.00990618 0.0110836 -0.02303 -0.00956693 -0.00183917 -0.0165437 0.00445169 -0.00594597 0.0104815  0 0 0 0 0 0 0 0 0 0 0 0 0 0 0 0 0 0
FAM1347 D2003007494 -0.0178511 -0.0139128 -0.00448537 -0.0169183 4.96398e-05 -0.00688735 -0.0217043 0.00290327 0.000278125 0.00431285  0 0 0 0 0 0 0 0 0 0 0 0 0 0 0 0 0 0
FAM1348 D2003007495 -0.0172357 -0.0128447 0.00425506 -0.0223496 -0.00456622 -0.00391672 -0.016516 0.00536884 0.00126281 0.00541456  0 0 0 0 0 0 0 0 0 0 0 0 0 0 0 0 0 0
FAM1349 D2003007499 -0.0241943 -0.0240275 -0.0157114 -0.0120181 0.0190376 -0.00802872 -0.0509488 0.0102801 0.00358649 -0.001726  0 0 0 1 0 0 0 0 0 0 0 0 0 0 0 0 0 0
FAM1350 D2003007500 -0.022592 -0.0224893 -0.00273257 -0.0187717 0.0135441 -0.00263755 -0.0408673 0.00644059 0.00279294 -0.00942619  0 0 0 1 0 0 0 0 0 0 0 0 0 0 0 0 0 0
FAM1351 D2003007501 -0.0169782 -0.00264126 -0.00449059 -0.0145265 -0.0207587 -0.00404514 -0.00661587 -0.0152107 -4.11856e-05 -0.00858178  0 0 0 0 0 0 0 0 0 0 0 0 0 0 0 0 0 0
FAM1352 D2003007502 -0.0184468 -0.0129823 -0.0103837 -0.00752278 -0.00179072 0.00118112 -0.0267771 0.0060797 0.00873779 -0.0168033  0 0 0 1 0 0 0 0 0 0 0 0 0 0 0 0 0 0
FAM1353 D2003007503 -0.0198677 -0.01068 -0.00938165 -0.0117974 -0.0145226 0.00405767 -0.031914 0.00548884 0.00610873 -0.0159277  0 0 0 1 0 0 0 0 0 0 0 0 0 0 0 0 0 0
FAM1354 D2003007504 -0.0200539 -0.00818399 -0.0108292 -0.0120358 -0.0102473 0.000557085 -0.0297809 -0.00903454 0.00237492 -0.0220415  0 0 0 1 0 0 0 0 0 0 0 0 0 0 0 0 0 0
FAM1355 D2003007506 -0.0134717 -0.00916631 -0.0232148 0.0017725 0.00698076 -0.0101987 -0.013127 -0.0129221 -0.00267448 -0.0143468  0 0 0 1 0 0 0 0 0 0 0 0 0 0 0 0 0 0
FAM1356 D2003007507 -0.01789 -0.0124989 -0.0191465 -0.00363563 0.00340191 -0.0135425 -0.0270285 -0.00634057 0.00684285 -0.0205694  0 0 0 1 0 0 0 0 0 0 0 0 0 0 0 0 0 0
FAM1357 D2003007508 -0.0169025 -0.0118687 0.0057018 -0.0116627 -0.0140983 0.0172823 -0.0196064 0.0248152 0.0117739 -0.0161951  0 0 0 0 0 0 0 0 0 0 0 0 0 0 0 0 0 0
FAM1358 D2003007509 -0.0222991 -0.00546671 -0.00965764 -0.00274297 -0.0198573 0.019591 -0.0290186 0.00729536 0.00426223 -0.0227146  0 0 0 1 0 0 0 0 0 0 0 0 0 0 0 0 0 0
FAM1359 D2003007511 -0.0190743 -0.00990995 0.00287278 -0.0120658 -0.00450034 0.00994366 -0.00625538 0.0026689 0.00506214 -0.0167349  0 0 0 1 0 0 0 0 0 0 0 0 0 0 0 0 0 0
FAM1360 D2003007514 -0.00976946 0.000459277 -0.0117384 0.000686879 -0.0177154 -0.00200626 -0.00496929 0.0103643 0.00706315 0.00792333  0 0 0 0 0 1 0 0 0 0 0 0 0 0 0 0 0 0
FAM1361 D2003007515 -0.0045743 -0.00543584 -0.0175221 -0.00302063 -5.4907e-05 -0.0122769 -0.0213787 0.00832996 0.00219951 0.00819071  0 0 0 0 0 0 0 0 0 0 0 0 0 0 0 0 0 0
FAM1362 D2003007517 -0.0219532 -0.0198667 -0.00891065 -0.016187 0.00926803 -0.015267 -0.0469275 0.00636246 0.00459089 0.00603275  0 0 0 1 0 0 0 0 0 0 0 0 0 0 0 0 0 0
FAM1363 D2003007521 -0.0178233 -0.0145561 -0.0124922 -0.00415965 0.00959457 -0.00765564 -0.0287059 -0.000788777 0.00290123 0.00164961  0 0 0 1 0 0 0 0 0 0 0 0 0 0 0 0 0 0
FAM1364 D2003007524 -0.0167032 -0.0114008 -0.0179678 -0.010051 0.00477067 -0.00935459 -0.0415208 -0.0131247 0.00229756 -0.0212714  0 0 0 1 0 0 0 0 0 0 0 0 0 0 0 0 0 0
FAM1365 D2003007526 -0.0200613 -0.00312256 -0.0295454 0.0188642 -0.0134869 0.00952741 -0.0372949 0.0234863 0.0140948 -0.00294167  0 0 0 1 0 0 0 0 0 0 0 0 0 0 0 0 0 0
FAM1366 D2003007531 -0.0174074 -0.0156062 0.0036553 -0.0146702 -9.14098e-05 -0.00827794 -0.0213258 0.00306892 0.00316171 -0.00135984  1 0 0 0 0 0 0 0 0 0 0 0 0 0 0 0 0 0
FAM1367 D2003007532 -0.0200473 -0.0205272 0.0159951 -0.0227056 0.000471336 0.000731524 -0.025381 0.00809433 -0.00287192 -0.00250761  1 0 0 0 0 0 0 0 0 0 0 0 0 0 0 0 0 0
FAM1368 D2003007533 -0.0197709 -0.0115894 0.000592601 -0.0107862 -0.011235 0.00729632 -0.0226081 0.0133275 0.00521902 -0.00459718  1 0 0 0 0 0 0 0 0 0 0 0 0 0 0 0 0 0
FAM1369 D2003007535 -0.0181997 -0.0114765 -0.0309317 0.00028986 0.00486728 -0.0154068 -0.0460498 0.00582675 0.00374305 -0.00207394  0 0 0 1 0 0 0 0 0 0 0 0 0 0 0 0 0 0
FAM1370 D2003007547 -0.00487508 0.000960801 -0.00848429 -0.0074118 -0.0140087 -0.0176547 0.00409617 0.00151923 0.00654469 0.020977  0 0 1 0 0 0 0 0 0 0 0 0 0 0 0 0 0 0
FAM1371 D2003007553 -0.0227709 -0.0218134 -0.00668615 -0.0184371 0.0121792 -0.00278148 -0.0387005 0.0096484 0.00153015 -0.0114317  0 0 0 0 0 0 0 0 0 0 0 0 0 0 0 0 0 0
FAM1372 D2003007554 -0.0237289 -0.0195514 0.000975659 -0.0206655 0.00801895 7.7593e-05 -0.0244629 0.0053978 -8.60351e-05 -0.00728734  0 0 0 0 0 0 0 0 0 0 0 0 0 0 0 0 0 0
FAM1373 D2003007557 -0.0231411 -0.0191287 -0.0201168 -0.00776972 0.00959284 -0.000945088 -0.0510779 0.0122403 -0.000376403 -0.00336138  0 0 0 1 0 0 0 0 0 0 0 0 0 0 0 0 0 0
FAM1374 D2003007560 -0.0055828 -0.00788205 -0.0236444 0.00482992 0.00363977 -0.00814201 -0.0308031 0.00483075 -0.000268024 -0.00989442  0 0 1 0 0 0 0 0 0 0 0 0 0 0 0 0 0 0
FAM1375 D2003007562 -0.0245358 -0.0233484 -0.0102713 -0.0105236 0.0202217 -0.00509565 -0.0376727 0.00853186 0.00150386 -0.00353132  0 0 0 1 0 0 0 0 0 0 0 0 0 0 0 0 0 0
FAM1376 D2003007563 -0.022531 -0.0212196 -0.00340124 -0.0134322 0.0101285 0.000111048 -0.0419198 0.0124927 0.00215881 -0.000721539  0 0 0 1 0 0 0 0 0 0 0 0 0 0 0 0 0 0
FAM1377 D2003007564 -0.0196574 -0.00488902 -0.0109176 0.00280242 -0.0223079 0.0147258 -0.0186282 0.0188627 0.0114895 -0.00479861  0 0 1 0 0 0 0 0 0 0 0 0 0 0 0 0 0 0
FAM1378 D2003007567 -0.0243454 -0.0210509 -0.009652 -0.00515489 0.0202032 0.00746008 -0.0330347 0.00913964 -0.00659332 -0.00175653  0 0 0 1 0 0 0 0 0 0 0 0 0 0 0 0 0 0
FAM1379 D2003007569 -0.0188405 -0.0149729 -0.0160408 -0.00572169 0.0148498 -0.0119484 -0.0107551 0.0076698 0.00370103 0.00851986  0 0 0 1 0 0 0 0 0 0 0 0 0 0 0 0 0 0
FAM1380 D2003007570 -0.00632356 0.00826791 -0.00922719 -0.0018126 -0.0239677 -0.00776581 0.00582338 0.00693129 0.00513165 0.0169312  0 1 0 0 0 0 0 0 0 0 0 0 0 0 0 0 0 0
FAM1381 D2003007571 -0.0229315 -0.00646438 -0.00146054 -0.00378499 -0.0283621 0.0276076 -0.00918572 0.0452269 0.027521 -0.00641905  0 0 0 0 0 1 0 0 0 0 0 0 0 0 0 0 0 0
FAM1382 D2003007572 -0.0188016 -0.0107224 0.00312932 -0.0147628 -0.0174901 0.00641851 -0.00871891 0.02792 0.0200512 -0.000781102  0 0 0 0 0 1 0 0 0 0 0 0 0 0 0 0 0 0
FAM1383 D2003007574 -0.0157763 -0.0080203 -0.0139812 0.00706868 -0.00150788 -0.00733607 -0.0107756 0.0125127 0.0135465 0.00215252  0 0 1 0 0 0 0 0 0 0 0 0 0 0 0 0 0 0
FAM1384 D2003007575 -0.0100095 0.000232189 -0.0165001 -0.00240616 -0.00509168 -0.0170261 -0.00217398 -0.000227541 0.00644459 0.00993306  0 0 1 0 0 0 0 0 0 0 0 0 0 0 0 0 0 0
FAM1385 D2003007576 -0.00699132 -0.00600698 -0.0195412 0.00445751 0.0124062 -0.0126634 -0.00650147 -0.00185072 -0.00496991 0.008435  0 0 1 0 0 0 0 0 0 0 0 0 0 0 0 0 0 0
FAM1386 D2003007577 -0.012211 -0.00811242 -0.0242595 -0.000389269 0.00996514 -0.0179999 -0.0161052 0.000934165 -0.00325464 0.0138823  0 0 1 0 0 0 0 0 0 0 0 0 0 0 0 0 0 0
FAM1387 D2003007578 -0.0195921 -0.00432739 -0.00546852 -0.000326117 -0.0130873 0.0200903 -0.0116883 0.00323871 -0.0040303 -0.00677707  0 0 0 1 0 0 0 0 0 0 0 0 0 0 0 0 0 0
FAM1388 D2003007580 -0.0174376 -0.0059799 -0.0264617 0.00907733 -0.00643378 0.00472632 -0.0147955 0.0125598 0.00527825 0.00528371  0 0 0 1 0 0 0 0 0 0 0 0 0 0 0 0 0 0
FAM1389 D2003007581 -0.0056501 0.00724793 -0.0140407 -0.00634952 -0.0120323 -0.0189877 0.0121985 -0.0202117 -0.00585078 0.0123979  0 0 1 0 0 0 0 0 0 0 0 0 0 0 0 0 0 0
FAM1390 D2003007582 -0.0130046 -0.0100615 -0.0228193 0.00102348 0.00986686 -0.0147792 -0.0122956 0.000340535 -0.00471802 0.0143388  0 0 1 0 0 0 0 0 0 0 0 0 0 0 0 0 0 0
FAM1391 D2003007584 -0.00492541 0.00317146 -0.0120415 -0.00937837 -0.00928694 -0.0254426 0.0112853 -0.0035494 0.00622305 0.0273789  0 1 0 0 0 0 0 0 0 0 0 0 0 0 0 0 0 0
FAM1392 D2003007585 -0.00356671 0.00830947 -0.0146462 -0.0105266 -0.0115338 -0.0317763 0.0165376 -0.00436851 0.00702061 0.0353137  0 1 0 0 0 0 0 0 0 0 0 0 0 0 0 0 0 0
FAM1393 D2003007586 -0.00330045 0.00899223 -0.016659 -0.00816368 -0.0119886 -0.0266438 0.0129743 -0.00406461 0.00407082 0.0283545  0 1 0 0 0 0 0 0 0 0 0 0 0 0 0 0 0 0
FAM1394 D2003007587 -0.0136118 -0.00594102 -0.0141257 -0.00601851 -0.00247832 -0.0198403 0.00249512 -0.00123373 0.00622027 0.0198808  0 0 1 0 0 0 0 0 0 0 0 0 0 0 0 0 0 0
FAM1395 D2003007588 -0.0027642 0.00495892 -0.0133708 -0.0120242 -0.0130962 -0.0344501 0.0150378 -0.00418883 0.00574301 0.0387585  0 1 0 0 0 0 0 0 0 0 0 0 0 0 0 0 0 0
FAM1396 D2003007589 -0.00864665 0.000954906 -0.0114385 -0.00909923 -0.0115261 -0.0174678 0.00349358 -0.00301159 -0.000409785 0.0167444  0 1 0 0 0 0 0 0 0 0 0 0 0 0 0 0 0 0
FAM1397 D2003007590 -0.00750046 -0.000293233 -0.0117928 -0.00842982 -0.0129209 -0.0178121 -0.00160187 -0.000213752 0.000892637 0.0143956  0 1 0 0 0 0 0 0 0 0 0 0 0 0 0 0 0 0
FAM1398 D2003007591 -0.00663981 0.00632981 -0.0139644 -0.00685621 -0.019955 -0.0243616 0.012314 -0.0178538 0.00370477 0.0158744  0 0 1 0 0 0 0 0 0 0 0 0 0 0 0 0 0 0
FAM1399 D2003007592 -0.00659216 0.00603316 -0.0146327 -0.00749708 -0.0130185 -0.0200776 0.00654056 -0.00656949 0.00211632 0.0162465  0 1 0 0 0 0 0 0 0 0 0 0 0 0 0 0 0 0
FAM1400 D2003007593 -0.00512202 0.0079161 -0.0147272 -0.00808887 -0.0195212 -0.0252789 0.00882561 -0.0192323 -0.00252465 0.0176655  0 1 0 0 0 0 0 0 0 0 0 0 0 0 0 0 0 0
FAM1401 D2003007599 -0.00618223 -0.000949668 -0.00556931 -0.00890125 -0.00759696 -0.0151112 0.0077745 -0.00387159 -0.00103926 0.0114251  0 0 1 0 0 0 0 0 0 0 0 0 0 0 0 0 0 0
FAM1402 D2003007600 -0.00488165 0.00334053 -0.00875603 -0.0009603 -0.0099549 -0.0102058 0.0114881 -0.00213304 -0.00295751 0.0182972  0 0 1 0 0 0 0 0 0 0 0 0 0 0 0 0 0 0
FAM1403 D2003007603 -0.00875782 0.00253629 -0.0167811 -0.0065432 -0.00948492 -0.0242661 0.0201918 -0.00472501 0.00392363 0.0300632  0 0 1 0 0 0 0 0 0 0 0 0 0 0 0 0 0 0
FAM1404 D2003007607 -0.0120229 -0.000357205 -0.0131365 -0.00674336 -0.00809471 -0.0204455 0.0179121 -0.0050444 0.00549233 0.0233882  0 0 1 0 0 0 0 0 0 0 0 0 0 0 0 0 0 0
FAM1405 D2003007608 -0.0116299 -0.000115195 -0.013073 -0.00875067 -0.0069775 -0.0219075 0.0156765 -0.00501026 0.00339906 0.0250089  0 0 1 0 0 0 0 0 0 0 0 0 0 0 0 0 0 0
FAM1406 D2003007609 -0.010016 -0.00915351 0.00842612 -0.015699 -0.00803507 0.00357827 -0.000209708 0.00392674 0.00584785 -0.00323009  0 0 0 0 0 0 0 0 0 0 0 0 0 0 0 0 0 0
FAM1407 D2003007615 -0.021164 -0.0199975 0.0100066 -0.0283076 0.00355593 -0.00908142 -0.0261576 0.00858218 0.00655951 -0.00150116  0 0 0 0 0 0 0 0 0 0 0 0 0 0 0 0 0 0
FAM1408 D2003007616 -0.00625199 0.000698479 -0.00933591 -0.00487933 -0.0105205 -0.021004 0.00582713 0.00147901 0.0035305 0.0228605  0 0 1 0 0 0 0 0 0 0 0 0 0 0 0 0 0 0
FAM1409 D2003007617 -0.0141588 -0.0086406 -0.0221039 0.00159461 0.00660646 -0.0199258 -0.0168094 0.00439693 0.00338683 0.0222438  0 0 0 1 0 0 0 0 0 0 0 0 0 0 0 0 0 0
FAM1410 D2003007621 -0.00352958 0.00598469 -0.0139096 -0.00756277 -0.015858 -0.0258068 0.012613 -0.00185885 0.00644548 0.0219815  0 0 1 0 0 0 0 0 0 0 0 0 0 0 0 0 0 0
FAM1411 D2003007622 -0.0105311 0.014942 -0.0202722 -0.00208314 -0.0274848 -0.0188982 0.0210911 -0.0562213 -0.00397828 -0.0221417  0 0 0 0 0 0 1 0 0 0 0 0 0 0 0 0 0 0
FAM1412 D2003007623 -0.00410343 0.00321562 -0.0142412 -0.00585765 -0.00880056 -0.0203854 0.00139085 -0.012263 -0.00284958 0.00534734  0 0 1 0 0 0 0 0 0 0 0 0 0 0 0 0 0 0
FAM1413 D2003007629 -0.00763284 0.00868338 -0.01341 -0.0118427 -0.0165762 -0.0309565 0.0207887 -0.00858335 0.00903119 0.0370507  0 1 0 0 0 0 0 0 0 0 0 0 0 0 0 0 0 0
FAM1414 D2003007637 -0.00746393 -0.00336789 -0.00039484 -0.0110926 -0.0123844 -0.00754336 0.00724204 0.000663455 0.00211924 0.00916775  0 0 0 0 0 0 0 0 0 0 0 0 0 0 0 0 0 0
FAM1415 D2003007639 -0.00573268 -0.00551002 0.00232118 -0.0155051 -0.0137229 0.00102787 -0.00375131 0.0119458 0.00255935 0.00373008  0 0 0 0 0 0 0 0 0 0 0 0 0 0 0 0 0 0
FAM1416 D2003007647 -0.0215964 -0.00628414 -0.00959629 0.005806 -0.00181627 0.00648032 -0.0034781 -0.00550526 0.0110343 -0.0220959  0 0 0 1 0 0 0 0 0 0 0 0 0 0 0 0 0 0
FAM1417 D2003007649 -0.0225253 -0.00969655 -0.0173347 0.00518715 0.00632495 0.00498634 -0.00981614 -0.00589582 0.00616349 -0.0207625  0 0 0 1 0 0 0 0 0 0 0 0 0 0 0 0 0 0
FAM1418 D2003007658 -0.0103186 0.00164093 -0.00732093 -0.00715339 -0.0113463 -0.0220901 0.014125 -0.00751674 0.0117808 0.00723927  0 0 1 0 0 0 0 0 0 0 0 0 0 0 0 0 0 0
FAM1419 D2003007666 -0.0266701 -0.0102077 0.0337756 -0.00581497 -0.00215932 0.0016624 0.0156854 -0.000598057 0.0202564 -0.00561295  1 0 0 0 0 0 0 0 0 0 0 0 0 0 0 0 0 0
FAM1420 D2003007668 -0.00344778 -0.000507619 -0.0066663 -0.00838343 -0.0133759 -0.0186206 0.00506004 0.000746173 0.000996113 0.0198803  0 0 0 0 0 0 0 0 0 0 0 0 0 0 0 0 0 0
FAM1421 D2003007669 -0.00799713 -0.00466644 -0.00145793 -0.0101716 -0.0139198 -0.000877548 0.00532357 0.00507958 -0.00415403 0.0133762  0 0 0 0 0 0 0 0 0 0 0 0 0 0 0 0 0 0
FAM1422 D2003007674 -0.00887733 -0.000610828 -0.0153541 -0.000968042 -0.00842917 -0.0161104 -0.000156849 -0.00281916 0.000158839 0.0152745  0 0 0 0 0 0 0 0 0 0 0 0 0 0 0 0 0 0
FAM1423 D2003007675 -0.0248828 -0.0244063 0.0296347 -0.0390366 -0.00461677 0.00238419 -0.0159047 0.00865016 0.00554241 -0.0109421  0 0 0 0 0 0 0 0 1 0 0 0 0 0 0 0 0 0
FAM1424 D2003007681 -0.00886023 8.25309e-05 -0.00717658 -0.0102994 -0.00966089 -0.00963231 -0.00314761 -0.0223223 -5.61989e-05 -0.0117512  0 0 0 1 0 0 0 0 0 0 0 0 0 0 0 0 0 0
FAM1425 D2003007682 -0.013169 -0.00414792 -0.00942286 -0.00777448 -0.00439081 -0.0093171 -0.01318 -0.015675 -0.00151747 -0.00960618  0 0 0 1 0 0 0 0 0 0 0 0 0 0 0 0 0 0
FAM1426 D2003007683 -0.008818 -0.000563682 -0.00705387 -0.00618741 -0.0164881 -0.0122524 -0.000159711 0.000132407 0.00812957 0.0109518  0 0 1 0 0 0 0 0 0 0 0 0 0 0 0 0 0 0
FAM1427 D2003007684 -0.0083404 -0.00171687 -0.00922007 -0.000875758 -0.010319 -0.0105822 0.00743425 0.00383969 0.00558323 0.0144945  0 0 1 0 0 0 0 0 0 0 0 0 0 0 0 0 0 0
FAM1428 D2003007689 -0.0149397 -0.0102272 -0.00188897 -0.0136523 -0.00513384 -0.0056413 -0.0188625 0.00869673 0.00130613 0.00445863  0 0 0 0 0 0 0 0 0 0 0 0 0 0 0 0 0 0
FAM1429 D2003007690 -0.0227099 -0.0229262 -0.0520091 0.0136079 0.0336736 -0.0124067 -0.0727083 0.0091292 -0.00217353 -0.00273374  0 0 0 1 0 0 0 0 0 0 0 0 0 0 0 0 0 0
FAM1430 D2003007695 -0.00957248 0.00765558 -0.0126815 0.00468186 -0.0226374 -0.00219686 0.00175193 -0.0122613 0.00205845 -0.0017227  0 1 0 0 0 0 0 0 0 0 0 0 0 0 0 0 0 0
FAM1431 D2003007698 -0.0127722 0.00872093 0.0511152 0.034526 -0.00369202 0.0174778 -0.0317825 -0.0123772 -0.0471804 0.0433182  0 0 0 0 0 0 0 0 0 1 0 0 0 0 0 0 0 0
FAM1432 D2003007700 0.00202555 0.0895949 -0.00569381 -0.0411808 0.0495757 0.0248307 -0.0126924 0.0269082 0.0129326 0.000611624  0 0 0 0 0 0 0 0 0 0 0 0 0 0 0 0 0 1
FAM1433 D2003007701 -0.019051 0.0154571 0.0181151 0.0119141 -0.036712 0.0321652 -0.0192868 -0.0459205 -0.0504417 0.00891867  0 0 0 0 0 0 0 0 0 1 0 0 0 0 0 0 0 0
FAM1434 D2003007703 -0.0182301 0.0179284 0.0200233 0.0153185 -0.0355612 0.0339041 -0.0220706 -0.0582336 -0.0638378 0.0106844  0 0 0 0 0 0 0 0 0 1 0 0 0 0 0 0 0 0
FAM1435 D2003007705 -0.0286025 -0.0173552 -0.0407063 0.046726 0.0648853 0.0377239 0.0599101 0.00381839 -0.0313 0.0215594  0 0 0 0 1 0 0 0 0 0 0 0 0 0 0 0 0 0
FAM1436 D2003007706 0.00266167 0.0921379 -0.00588212 -0.0427095 0.0497607 0.0262016 -0.013086 0.0249445 0.0121689 -0.00220136  0 0 0 0 0 0 0 0 0 0 0 0 0 0 0 0 0 1
FAM1437 D2003007707 -0.00091719 0.0144348 0.0495168 0.060528 0.0189478 -0.0366328 -0.0203773 -0.00143529 0.0333322 0.00139706  0 0 0 0 0 0 0 1 0 0 0 0 0 0 0 0 0 0
FAM1438 D2003007709 -0.00430418 0.0101436 -0.0166134 -0.00653804 -0.0194094 -0.0342279 0.0209371 -0.0178309 0.00320766 0.0342324  0 1 0 0 0 0 0 0 0 0 0 0 0 0 0 0 0 0
FAM1439 D2003007711 -0.0248188 -0.0210848 -0.0334163 -0.00607061 0.022467 -0.0178609 -0.0568988 0.0088098 0.00875668 -0.00856392  0 0 0 1 0 0 0 0 0 0 0 0 0 0 0 0 0 0
FAM1440 D2003007712 -0.0237744 -0.0195206 -0.0349461 0.00689026 0.0222308 -0.0116754 -0.0487553 0.0172643 0.010107 -0.000992015  0 0 0 1 0 0 0 0 0 0 0 0 0 0 0 0 0 0
FAM1441 D2003007713 -0.0225466 -0.0208352 -0.0453207 0.0038128 0.0250653 -0.0237236 -0.0710828 0.014919 0.00458316 0.00873248  0 0 0 1 0 0 0 0 0 0 0 0 0 0 0 0 0 0
FAM1442 D2003007714 -0.00904539 0.00747514 -0.0107426 -0.00394318 -0.0182804 -0.0216008 0.0162358 -0.0368638 -0.00110417 -0.000366265  0 0 0 0 0 0 1 0 0 0 0 0 0 0 0 0 0 0
FAM1443 D2003007715 -0.00868899 -0.00103406 -0.0125216 -0.00724197 -0.013005 -0.0183263 0.00530613 -0.00381165 0.00615921 0.0145832  0 1 0 0 0 0 0 0 0 0 0 0 0 0 0 0 0 0
FAM1444 D2003007716 -0.0021381 0.00663162 -0.00945931 -0.00490358 -0.00857673 -0.0195026 0.0117885 -0.00714467 -0.003884 0.0240003  0 1 0 0 0 0 0 0 0 0 0 0 0 0 0 0 0 0
FAM1445 D2003007717 -0.00660347 0.0034186 -0.00886675 -0.00676479 -0.0103687 -0.0192164 0.0137344 -0.00149762 0.00637244 0.0217535  0 1 0 0 0 0 0 0 0 0 0 0 0 0 0 0 0 0
FAM1446 D2003007718 -0.00246405 0.00817026 -0.0129462 -0.0114502 -0.0136123 -0.029294 0.0203579 -0.0010636 0.00450995 0.0365177  0 1 0 0 0 0 0 0 0 0 0 0 0 0 0 0 0 0
FAM1447 D2003007720 -0.00546623 0.00901278 -0.0127031 -0.0112131 -0.0126974 -0.026802 0.0220706 -0.00365524 0.00414837 0.0332925  0 1 0 0 0 0 0 0 0 0 0 0 0 0 0 0 0 0
FAM1448 D2003007721 -0.0087606 -0.00172454 -0.0055051 -0.00779436 -0.0114844 -0.0120275 0.0109811 0.00140981 0.00688446 0.0138629  0 0 1 0 0 0 0 0 0 0 0 0 0 0 0 0 0 0
FAM1449 D2003007729 -0.00536134 0.00532679 -0.0104091 -0.0107426 -0.0123116 -0.0281258 0.0192351 -0.00399414 0.00413131 0.0333069  0 1 0 0 0 0 0 0 0 0 0 0 0 0 0 0 0 0
FAM1450 D2003007730 -0.00172088 0.00760024 -0.0107773 -0.0116564 -0.0121962 -0.0267852 0.0174598 -0.00168911 0.00450914 0.0289351  0 1 0 0 0 0 0 0 0 0 0 0 0 0 0 0 0 0
FAM1451 D2003007731 -0.0145867 0.00864994 -0.00985663 0.00599312 -0.0263418 5.93079e-05 0.00591886 -0.0120465 0.0109994 -0.0106343  0 0 1 0 0 0 0 0 0 0 0 0 0 0 0 0 0 0
FAM1452 D2003007740 -0.0105632 -0.00116949 -0.0137569 -0.00393201 -0.00791532 -0.0184897 0.00248987 -0.001523 0.00594096 0.0157853  0 0 1 0 0 0 0 0 0 0 0 0 0 0 0 0 0 0
FAM1453 D2003007741 -0.00811662 0.00182152 -0.012207 -0.00486562 -0.0112237 -0.0173878 0.00674935 -0.0011395 0.00297977 0.0198008  0 0 1 0 0 0 0 0 0 0 0 0 0 0 0 0 0 0
FAM1454 D2003007743 -0.0104048 -0.00155733 -0.0111734 -0.00560017 -0.00934445 -0.0149355 0.0113813 -0.000138966 0.00405794 0.0180545  0 0 1 0 0 0 0 0 0 0 0 0 0 0 0 0 0 0
FAM1455 D2003007744 -0.0115258 -0.00195809 -0.0125876 -0.0054186 -0.0116347 -0.0200031 0.00472278 -0.0007767 0.00826758 0.010366  0 0 1 0 0 0 0 0 0 0 0 0 0 0 0 0 0 0
FAM1456 D2003007745 -0.00531841 0.00367419 -0.0104553 -0.00483903 -0.00318737 -0.0145522 0.0100235 -0.000456214 0.000329263 0.0186027  0 0 1 0 0 0 0 0 0 0 0 0 0 0 0 0 0 0
FAM1457 D2003007746 -0.00921213 -0.00143817 -0.0124484 -0.00606939 -0.0105519 -0.0216424 0.0056255 0.00248411 0.00725604 0.0190985  0 0 1 0 0 0 0 0 0 0 0 0 0 0 0 0 0 0
FAM1458 D2003007747 -0.00671216 4.92723e-05 -0.0115067 -0.00637442 -0.0102488 -0.0216874 0.0108334 -0.00351732 0.00585121 0.0187728  0 0 1 0 0 0 0 0 0 0 0 0 0 0 0 0 0 0
FAM1459 D2003007752 -0.00239307 0.00601711 -0.0126066 -0.0107695 -0.0155455 -0.0294525 0.0148075 9.5746e-05 0.00727378 0.037358  0 1 0 0 0 0 0 0 0 0 0 0 0 0 0 0 0 0
FAM1460 D2003007753 0.00268228 0.013055 -0.00665811 -0.0146939 0.000231336 -0.018322 0.0104334 0.000635757 0.00123989 0.0200748  0 0 1 0 0 0 0 0 0 0 0 0 0 0 0 0 0 0
FAM1461 D2003007754 -0.00280596 0.00440331 -0.0137197 -0.00982065 -0.0133879 -0.0256703 0.01253 0.00118913 0.00273322 0.0321392  0 1 0 0 0 0 0 0 0 0 0 0 0 0 0 0 0 0
FAM1462 D2003007756 -0.0114937 -0.0035593 0.00046615 -0.0208122 -0.0113045 -0.0188666 0.0200588 0.000433131 0.00867252 0.0195582  0 0 1 0 0 0 0 0 0 0 0 0 0 0 0 0 0 0
FAM1463 D2003007757 -0.00794998 0.00473922 -0.00499001 -0.0132498 -0.0140377 -0.0220942 0.0153755 -0.0142881 0.00600183 0.0129636  0 0 1 0 0 0 0 0 0 0 0 0 0 0 0 0 0 0
FAM1464 D2003007759 -0.00852144 0.00989952 -0.0155952 -0.0106345 -0.0183302 -0.0381229 0.0249381 -0.00833864 0.00697996 0.0524201  0 1 0 0 0 0 0 0 0 0 0 0 0 0 0 0 0 0
FAM1465 D2003007760 -0.0087866 0.00900819 -0.015705 -0.0100459 -0.015131 -0.0343068 0.0271499 -0.00754197 0.00575094 0.048378  0 1 0 0 0 0 0 0 0 0 0 0 0 0 0 0 0 0
FAM1466 D2003007761 0.00100743 0.00510767 -0.00682271 -0.00937081 -0.00555885 -0.0144328 0.010238 0.0016102 0.00223883 0.0140567  0 0 1 0 0 0 0 0 0 0 0 0 0 0 0 0 0 0
FAM1467 D2003007762 -0.0247445 -0.00740646 0.0174561 -0.0115189 -0.0401753 0.0420234 -0.0146296 0.0433393 0.0188689 -0.0116754  0 0 0 0 0 1 0 0 0 0 0 0 0 0 0 0 0 0
FAM1468 D2003007764 -0.0133084 -0.00385319 0.0161413 -0.00479447 -0.0101017 -0.0103027 -0.00290522 -9.44546e-05 0.00664073 0.0104503  1 0 0 0 0 0 0 0 0 0 0 0 0 0 0 0 0 0
FAM1469 D2003007765 -0.0181291 -0.0108348 0.0139936 -0.0197448 -0.00655462 -0.0101754 0.0165271 0.00110982 0.0196591 -0.00459001  1 0 0 0 0 0 0 0 0 0 0 0 0 0 0 0 0 0
FAM1470 D2003007766 -0.0112396 0.00472421 -0.00156622 -0.0143456 -0.013739 -0.0109852 0.012422 -0.0270315 0.000708839 -0.016014  0 0 1 0 0 0 0 0 0 0 0 0 0 0 0 0 0 0
FAM1471 D2003007767 0.00254815 0.00500152 -0.00875129 -0.00871383 -0.00930232 -0.0194869 0.0140305 0.00127469 0.00361263 0.0233318  0 1 0 0 0 0 0 0 0 0 0 0 0 0 0 0 0 0
FAM1472 D2003007768 0.00415639 0.00799842 -0.0091043 -0.0107219 -0.00477382 -0.0176251 0.00995965 0.000143797 -0.00225873 0.0199905  0 1 0 0 0 0 0 0 0 0 0 0 0 0 0 0 0 0
FAM1473 D2003007770 -0.00409762 0.00565614 -0.0104133 -0.00868075 -0.0114467 -0.0189418 0.014559 -0.00256819 0.00402618 0.0202207  0 0 1 0 0 0 0 0 0 0 0 0 0 0 0 0 0 0
FAM1474 D2003007772 -0.00171462 0.00544291 -0.00962992 -0.0111659 -0.00864287 -0.0201194 0.0110969 -0.000300575 0.00206509 0.021073  0 0 1 0 0 0 0 0 0 0 0 0 0 0 0 0 0 0
FAM1475 D2003007773 -0.00708175 -0.00199296 -0.0141388 -0.00145219 -0.0107161 -0.0164218 0.00660389 -3.29805e-05 0.00177895 0.0155367  0 0 1 0 0 0 0 0 0 0 0 0 0 0 0 0 0 0
FAM1476 D2003007774 -0.0105574 -0.000576535 -0.0168596 -0.00110753 -0.00958116 -0.0149837 0.00819228 -0.015239 -0.0029858 0.00980702  0 0 1 0 0 0 0 0 0 0 0 0 0 0 0 0 0 0
FAM1477 D2003007775 -0.00830744 0.000116842 -0.00941234 -0.00907293 -0.00970065 -0.0165348 0.00771615 -0.00171536 0.00311729 0.0183477  0 0 1 0 0 0 0 0 0 0 0 0 0 0 0 0 0 0
FAM1478 D2003007776 -0.009032 -0.00297202 -0.0111554 -0.00625995 -0.00486619 -0.0173258 0.0067937 0.000857041 0.00507575 0.0140008  0 0 1 0 0 0 0 0 0 0 0 0 0 0 0 0 0 0
FAM1479 D2003007778 -0.00622705 0.000380538 -0.0113708 -0.00346392 -0.0130406 -0.0169725 0.0124091 -0.00829573 0.00080748 0.0146714  0 0 1 0 0 0 0 0 0 0 0 0 0 0 0 0 0 0
FAM1480 D2003007779 -0.00598608 0.000690322 -0.00891935 -0.00789433 -0.0126084 -0.0205604 0.00916474 -0.00379553 0.00202618 0.0211569  0 0 1 0 0 0 0 0 0 0 0 0 0 0 0 0 0 0
FAM1481 D2003007783 -0.00537792 0.00442043 -0.0126844 -0.00811596 -0.0187851 -0.0256542 0.010002 -0.0178206 0.00457616 0.00763329  0 1 0 0 0 0 0 0 0 0 0 0 0 0 0 0 0 0
FAM1482 D2003007784 -0.00169324 0.00549595 -0.00771247 -0.00954655 -0.00824112 -0.014566 0.007981 -0.00925905 -0.00340785 0.0125722  0 0 1 0 0 0 0 0 0 0 0 0 0 0 0 0 0 0
FAM1483 D2003007786 -0.00569928 0.000603721 -0.0079004 -0.00492348 -0.0158232 -0.0179824 0.00588775 -0.0142793 -0.000470223 0.00223342  0 0 1 0 0 0 0 0 0 0 0 0 0 0 0 0 0 0
FAM1484 D2003007791 -0.00841722 -5.15116e-05 -0.0056434 -0.00873974 -0.0105389 -0.0174089 0.00756355 -0.00400972 0.00430498 0.0143335  0 0 1 0 0 0 0 0 0 0 0 0 0 0 0 0 0 0
FAM1485 D2003007792 -0.0052317 0.000135133 -0.0103993 -0.00326806 -0.0117015 -0.0153447 0.00835206 -0.0018918 0.00199547 0.0127228  0 0 1 0 0 0 0 0 0 0 0 0 0 0 0 0 0 0
FAM1486 D2003007793 -0.00423906 0.0030086 -0.00886281 -0.00798709 -0.0101007 -0.0208798 0.0122857 -0.00423138 0.00151575 0.0222413  0 0 1 0 0 0 0 0 0 0 0 0 0 0 0 0 0 0
FAM1487 D2003007795 -0.00337996 0.00283944 -0.0109725 -0.00765154 -0.0133761 -0.02204 0.0136221 -0.00257896 0.00458011 0.0222697  0 1 0 0 0 0 0 0 0 0 0 0 0 0 0 0 0 0
FAM1488 D2003007796 -0.0106238 0.00523237 -0.0120356 -0.0013389 -0.0198411 -0.00397993 0.00860288 -0.00267303 0.00677643 0.00293878  0 0 1 0 0 0 0 0 0 0 0 0 0 0 0 0 0 0
FAM1489 D2003007798 0.000824205 0.00984083 -0.0117709 -0.0115228 -0.0103509 -0.0313939 0.0209161 -0.00380735 0.00484621 0.0349792  0 1 0 0 0 0 0 0 0 0 0 0 0 0 0 0 0 0
FAM1490 D2003007800 0.00289694 0.00967237 -0.0108345 -0.0122039 -0.00870912 -0.0282511 0.0197181 -0.00294424 0.000751593 0.0331439  0 1 0 0 0 0 0 0 0 0 0 0 0 0 0 0 0 0
FAM1491 D2003007803 0.00791447 0.00631872 -0.00847279 -0.00890115 -0.00478795 -0.0205025 0.0130698 0.000425619 -0.00204452 0.0223503  0 1 0 0 0 0 0 0 0 0 0 0 0 0 0 0 0 0
FAM1492 D2003007804 0.00144006 0.00844955 -0.0108227 -0.0129452 -0.0105546 -0.0292345 0.0214763 -0.00479948 0.00340346 0.0348083  0 1 0 0 0 0 0 0 0 0 0 0 0 0 0 0 0 0
FAM1493 D2003007805 -0.00380525 0.00992462 -0.0131362 -0.0119156 -0.0147254 -0.031435 0.0218104 -0.00458197 0.00633298 0.0391377  0 1 0 0 0 0 0 0 0 0 0 0 0 0 0 0 0 0
FAM1494 D2003007806 0.00437686 0.00952739 -0.011178 -0.0100482 -0.00659924 -0.0239459 0.0177641 -0.000773334 -0.000725948 0.0279062  0 1 0 0 0 0 0 0 0 0 0 0 0 0 0 0 0 0
FAM1495 D2003007807 0.00700493 0.00461712 -0.0086383 -0.00978321 -0.00542603 -0.0208085 0.0163442 -0.003903 -0.000539505 0.0224499  0 1 0 0 0 0 0 0 0 0 0 0 0 0 0 0 0 0
FAM1496 D2003007808 -0.00411994 0.013016 -0.0110932 -0.00769822 -0.0116215 -0.0199026 0.0175798 -0.018013 0.000827306 0.0137368  0 1 0 0 0 0 0 0 0 0 0 0 0 0 0 0 0 0
FAM1497 D2003007809 -0.00226268 0.0118844 -0.0147032 -0.0119504 -0.0125793 -0.0360599 0.0231676 -0.0052591 0.00575751 0.0428264  0 1 0 0 0 0 0 0 0 0 0 0 0 0 0 0 0 0
FAM1498 D2003007810 -0.00091156 0.0102051 -0.0130519 -0.0129349 -0.0123341 -0.0322628 0.0198869 -0.00189758 0.0054026 0.0428803  0 1 0 0 0 0 0 0 0 0 0 0 0 0 0 0 0 0
FAM1499 D2003007816 0.00140263 0.00870208 -0.0112723 -0.0121156 -0.00851783 -0.0276933 0.018634 -0.00316977 0.0034116 0.0342136  0 1 0 0 0 0 0 0 0 0 0 0 0 0 0 0 0 0
FAM1500 D2003007817 0.00291529 0.00827916 -0.0121442 -0.0111903 -0.00794077 -0.0277461 0.0191905 -0.0034652 0.00172854 0.0316266  0 1 0 0 0 0 0 0 0 0 0 0 0 0 0 0 0 0
FAM1501 D2003007818 -0.0105366 0.0044874 0.00528669 -0.000295748 -0.000833571 -0.00708976 0.0156752 0.00312 0.0125861 0.00219625  0 0 1 0 0 0 0 0 0 0 0 0 0 0 0 0 0 0
FAM1502 D2003007819 -0.00810816 0.00501716 -0.0133517 -0.00949646 -0.0173648 -0.0315026 0.0186993 -0.00555065 0.00831269 0.0374045  0 1 0 0 0 0 0 0 0 0 0 0 0 0 0 0 0 0
FAM1503 D2003007820 -0.00823553 0.00353446 -0.00442148 -0.00463345 -0.017495 -0.012694 0.00886599 0.00520166 0.00671973 0.024113  0 0 1 0 0 0 0 0 0 0 0 0 0 0 0 0 0 0
FAM1504 D2003007821 -0.00631388 0.00515786 -0.0128538 -0.00920865 -0.0160992 -0.0321402 0.0173198 -0.00375589 0.00771031 0.0371275  0 1 0 0 0 0 0 0 0 0 0 0 0 0 0 0 0 0
FAM1505 D2003007823 -0.00567694 0.00450911 -0.014317 -0.0110507 -0.0152326 -0.0278715 0.0135342 -0.00174569 0.00453686 0.033701  0 1 0 0 0 0 0 0 0 0 0 0 0 0 0 0 0 0
FAM1506 D2003007824 -0.00585975 0.00381829 -0.00629144 -0.00165104 -0.00900241 -0.00761279 0.00536813 0.0106518 0.00942165 0.0117623  0 0 1 0 0 0 0 0 0 0 0 0 0 0 0 0 0 0
FAM1507 D2003007831 -0.00480764 0.0155941 -0.0135804 -0.00883532 -0.0113429 -0.0164346 0.012729 -0.0136813 -0.00284262 0.0122663  0 1 0 0 0 0 0 0 0 0 0 0 0 0 0 0 0 0
FAM1508 D2003007833 -0.00425795 0.00375645 -0.00808988 -0.00541577 -0.0124664 -0.0146 0.00474804 -0.00621416 0.000465342 0.0122616  0 0 1 0 0 0 0 0 0 0 0 0 0 0 0 0 0 0
FAM1509 D2003007834 -0.00587261 0.003483 -0.0095309 -0.00742981 -0.0109105 -0.0182914 0.0122436 -0.00661846 0.00269054 0.0158842  0 0 1 0 0 0 0 0 0 0 0 0 0 0 0 0 0 0
FAM1510 D2003007835 -0.00447733 0.0101575 -0.0111025 -0.00526915 -0.0080757 -0.0146471 0.0090889 -0.0126161 0.00168979 0.00562664  0 0 1 0 0 0 0 0 0 0 0 0 0 0 0 0 0 0
FAM1511 D2003007836 -0.00702818 -0.0002942 -0.0117363 -0.00392242 -0.0104588 -0.0140044 0.0123085 -0.0035248 1.97161e-05 0.0157731  0 0 1 0 0 0 0 0 0 0 0 0 0 0 0 0 0 0
FAM1512 D2003007837 -0.0106455 0.00605444 0.00347205 0.0181431 -0.010963 -0.00385425 -0.00272795 -0.00413716 0.00723929 -0.00405811  0 0 1 0 0 0 0 0 0 0 0 0 0 0 0 0 0 0
FAM1513 D2003007838 -0.0116999 0.0191777 0.00156053 0.0225831 -0.0311814 0.0211475 -0.00425348 -0.0058343 -0.00385209 -0.0118817  0 0 1 0 0 0 0 0 0 0 0 0 0 0 0 0 0 0
FAM1514 D2003007839 -0.00401673 0.00916314 0.020668 0.0233414 -0.00117241 -0.0128511 -0.00297566 -0.0237215 -0.00047336 -0.019604  0 0 1 0 0 0 0 0 0 0 0 0 0 0 0 0 0 0
FAM1515 D2003007840 -0.006355 0.0105296 -0.00773299 -0.0041452 -0.0137049 -0.0113432 0.00840323 -0.0222071 -0.00504631 -0.00166339  0 0 1 0 0 0 0 0 0 0 0 0 0 0 0 0 0 0
FAM1516 D2003007853 -0.00743215 0.00909236 -0.00560306 -0.0069666 -0.0131183 -0.0166746 0.00284153 0.000634611 0.0113269 0.0179381  0 1 0 0 0 0 0 0 0 0 0 0 0 0 0 0 0 0
FAM1517 D2003007856 -0.0175789 -0.000686104 0.00929584 0.00330084 -0.0311172 0.0239546 -0.00527433 0.0245949 0.00571829 0.0107013  0 0 0 0 0 1 0 0 0 0 0 0 0 0 0 0 0 0
FAM1518 D2003007863 -0.0133411 0.00537413 -0.00572142 0.00320785 -0.0217733 0.00254698 0.0193591 -0.0122792 0.00853874 -0.0102192  0 0 0 0 0 0 1 0 0 0 0 0 0 0 0 0 0 0
FAM1519 D2003007864 -0.0141048 0.00422223 -0.00657483 -0.00559702 -0.0215038 -0.0144347 0.0180215 -0.0433223 0.00307239 -0.0364857  0 0 0 0 0 0 1 0 0 0 0 0 0 0 0 0 0 0
FAM1520 D2003007868 -0.0180753 -4.05153e-05 0.0125312 0.00646944 -0.0022521 -0.0140003 0.0239672 -0.00845101 0.0214477 -0.0052228  1 0 0 0 0 0 0 0 0 0 0 0 0 0 0 0 0 0
FAM1521 D2003007870 -0.0172287 -3.65335e-05 0.00859466 0.000127679 -0.00673472 -0.00731382 0.012596 -0.00837124 0.0148515 -0.00717456  1 0 0 0 0 0 0 0 0 0 0 0 0 0 0 0 0 0
FAM1522 D2003007871 -0.0203714 -0.00891402 0.00266845 -0.0212307 -0.00826267 -0.0141987 0.0172552 -0.0203567 0.0130486 -0.0256734  1 0 0 0 0 0 0 0 0 0 0 0 0 0 0 0 0 0
FAM1523 D2003007873 0.00160087 0.00628593 -0.00923556 -0.00528172 -0.00626174 -0.0153253 0.0170239 -0.000670173 -0.000866062 0.0160799  0 1 0 0 0 0 0 0 0 0 0 0 0 0 0 0 0 0
FAM1524 D2003007875 0.00168956 0.0109528 -0.00822101 -0.00807646 -0.00548738 -0.0095532 0.00309657 0.00928516 -0.00143668 0.0100234  0 0 0 0 0 0 0 0 0 0 0 0 0 0 0 0 0 0
FAM1525 D2003007882 0.00739066 0.0117525 -0.010371 -0.0110832 -0.00353702 -0.0186488 0.0162968 -0.00361507 -0.00271117 0.0170454  0 1 0 0 0 0 0 0 0 0 0 0 0 0 0 0 0 0
FAM1526 D2003007885 -0.00943552 -0.00236989 -0.0119203 -0.00807705 -0.0156446 -0.0220717 0.00453046 -0.00135588 0.00890174 0.0181511  0 0 1 0 0 0 0 0 0 0 0 0 0 0 0 0 0 0
FAM1527 D2003007886 -0.0089995 0.000552985 -0.00931039 -0.0022547 -0.00654672 -0.0156129 0.0166495 -0.00326798 0.00258352 0.0241972  0 0 1 0 0 0 0 0 0 0 0 0 0 0 0 0 0 0
FAM1528 D2003007887 -0.0193645 -0.00911031 0.00631275 -0.0124403 -0.0023346 -0.00899364 0.0302654 0.00398499 0.0216525 -0.00353283  0 0 1 0 0 0 0 0 0 0 0 0 0 0 0 0 0 0
FAM1529 D2003007888 -0.0151141 -0.00348614 -0.00227667 -0.0178558 -0.0144849 -0.0125415 0.0111332 -0.012814 0.0104943 -0.0127459  1 0 0 0 0 0 0 0 0 0 0 0 0 0 0 0 0 0
FAM1530 D2003007891 0.0100042 0.0140526 -0.00949809 -0.0118524 -0.0026678 -0.0193692 0.0151815 0.000132952 7.86201e-05 0.0235187  0 1 0 0 0 0 0 0 0 0 0 0 0 0 0 0 0 0
FAM1531 D2003007892 -0.0133333 -0.00425659 -0.00273456 -0.0166086 -0.0130087 -0.0169927 0.00270905 -0.0187526 0.00490352 -0.0127243  1 0 0 0 0 0 0 0 0 0 0 0 0 0 0 0 0 0
FAM1532 D2003007895 -0.00998351 -0.00665091 -0.00376021 -0.0188774 -0.0105564 -0.02739 0.0080207 -0.00848528 0.0136429 -0.000496588  0 0 1 0 0 0 0 0 0 0 0 0 0 0 0 0 0 0
FAM1533 D2003007896 -0.00417036 -0.000203154 -0.0103999 0.00085411 -0.0133136 -0.0188778 -0.00149711 0.00719968 0.0104132 0.00793104  0 1 0 0 0 0 0 0 0 0 0 0 0 0 0 0 0 0
FAM1534 D2003007902 -0.0112212 -0.00392598 -0.00239413 -0.0155337 -0.00757451 -0.0173564 0.0106273 -0.00452696 0.00943556 0.00524572  0 0 1 0 0 0 0 0 0 0 0 0 0 0 0 0 0 0
FAM1535 D2003007903 -0.0116646 -0.00704101 0.00890105 -0.0295004 -0.00595783 -0.0210128 0.0157598 -0.000164778 0.00714654 0.020588  1 0 0 0 0 0 0 0 0 0 0 0 0 0 0 0 0 0
FAM1536 D2003007904 -0.0192864 -0.0141549 0.0157588 -0.0340563 -0.00125155 -0.0174214 0.0195224 0.00302098 0.0169171 0.00363233  1 0 0 0 0 0 0 0 0 0 0 0 0 0 0 0 0 0
FAM1537 D2003007905 -0.0140351 -0.00963072 0.00948864 -0.027868 -0.00578703 -0.0171919 0.013189 0.00195306 0.010334 0.0128434  1 0 0 0 0 0 0 0 0 0 0 0 0 0 0 0 0 0
FAM1538 D2003007911 -0.0217595 -0.017764 0.0164904 -0.0316969 -0.00050992 0.000919025 -0.00401609 0.00391569 0.000435862 0.00150123  0 0 0 0 0 0 0 0 1 0 0 0 0 0 0 0 0 0
FAM1539 D2003007913 0.000490308 0.00683352 -0.011545 -0.00397031 -0.00244906 -0.011087 0.0208888 -0.00121894 -0.00488059 0.0187281  0 0 0 0 0 0 0 0 0 0 0 0 0 0 0 0 0 0
FAM1540 D2003007916 -0.00479251 0.0037035 -0.0134716 -0.00602889 -0.0130583 -0.024531 0.00685095 -0.00678774 0.0029853 0.0230813  0 0 1 0 0 0 0 0 0 0 0 0 0 0 0 0 0 0
FAM1541 D2003007919 -0.00875916 -0.00460804 0.005492 -0.0244566 -0.0071732 -0.0227292 0.0230195 -0.00105615 0.0079749 0.0221913  1 0 0 0 0 0 0 0 0 0 0 0 0 0 0 0 0 0
FAM1542 D2003007920 0.00196377 0.00631551 -0.0142544 -0.00890811 -0.0093849 -0.0241622 0.0101566 -0.00538633 0.00277205 0.023599  0 1 0 0 0 0 0 0 0 0 0 0 0 0 0 0 0 0
FAM1543 D2003007922 0.00186686 0.0144 0.00140041 -0.0120296 -0.0011383 0.000996808 0.00199104 -0.00149497 -0.0108636 0.00982302  0 0 1 0 0 0 0 0 0 0 0 0 0 0 0 0 0 0
FAM1544 D2003007923 -0.0121449 -0.00446627 0.0017817 -0.0168939 -0.0102532 -0.0173425 0.0137988 0.00274224 0.0119464 0.0167426  0 0 1 0 0 0 0 0 0 0 0 0 0 0 0 0 0 0
FAM1545 D2003007928 -0.00787067 0.000844037 -0.00632972 0.00331393 -0.00990891 -0.0131592 0.00945309 0.000924019 0.00268077 0.0104008  0 0 1 0 0 0 0 0 0 0 0 0 0 0 0 0 0 0
FAM1546 D2003007929 -0.00460045 0.000981306 -0.00920553 -0.00366066 -0.00881408 -0.0162879 0.0109016 -0.0017604 0.00098957 0.0121241  0 0 1 0 0 0 0 0 0 0 0 0 0 0 0 0 0 0
FAM1547 D2003007930 0.00191925 0.00899109 -0.0106778 -0.0112713 -0.00778425 -0.0230862 0.0139581 0.00394452 0.00318835 0.0296766  0 1 0 0 0 0 0 0 0 0 0 0 0 0 0 0 0 0
FAM1548 D2003007933 -0.0222836 -0.020578 0.0220064 -0.0363393 0.000178155 -0.0134178 0.0211908 0.0105895 0.0222184 -0.00198611  1 0 0 0 0 0 0 0 0 0 0 0 0 0 0 0 0 0
FAM1549 D2003007934 -0.00716123 -0.000838741 -0.0110697 -0.0132184 -0.0117396 -0.0285435 0.0157158 -0.00137796 0.00865137 0.0271871  0 1 0 0 0 0 0 0 0 0 0 0 0 0 0 0 0 0
FAM1550 D2003007935 -0.014241 0.0137494 -0.0128 -0.00619818 0.00393528 0.00448587 -0.017131 0.00758691 0.00886549 -0.00679673  0 0 1 0 0 0 0 0 0 0 0 0 0 0 0 0 0 0
FAM1551 D2003007936 -0.00254185 0.0318026 0.00171321 0.00101928 0.00445952 0.00198734 0.00950681 -0.0130177 0.0012234 -0.0188429  0 0 0 0 0 0 0 0 0 0 0 0 0 0 0 0 0 1
FAM1552 D2003007937 -0.00736521 -0.000472609 -0.00942779 -0.007208 -0.0139424 -0.0223291 0.00637564 -0.00760553 0.00569493 0.0127339  0 0 1 0 0 0 0 0 0 0 0 0 0 0 0 0 0 0
FAM1553 D2003007938 -0.00446457 0.00533695 -0.0127842 -0.00282318 -0.0193778 -0.0189567 0.0150263 -0.0013934 0.00581648 0.0203299  0 0 1 0 0 0 0 0 0 0 0 0 0 0 0 0 0 0
FAM1554 D2003007939 -0.00847155 0.00614867 -0.0162561 -0.00315158 -0.0205654 -0.0171811 0.00427575 -0.0246123 0.00219016 -0.00511621  0 0 1 0 0 0 0 0 0 0 0 0 0 0 0 0 0 0
FAM1555 D2003007940 -0.00701028 -0.00125149 -0.0149081 -0.00522399 -0.0150985 -0.0185522 -0.00369872 0.00252645 0.00215695 0.0191911  0 0 1 0 0 0 0 0 0 0 0 0 0 0 0 0 0 0
FAM1556 D2003007941 -0.00874381 -0.00110507 -0.0073298 -0.00803194 -0.0115466 -0.0184142 0.00586485 -0.00149768 0.00550719 0.0189882  0 0 1 0 0 0 0 0 0 0 0 0 0 0 0 0 0 0
FAM1557 D2003007942 -0.0107004 -0.00246072 -0.00447443 -0.00805809 -0.0141255 -0.0129632 0.000859936 -0.00761671 0.00180005 0.009411  0 0 1 0 0 0 0 0 0 0 0 0 0 0 0 0 0 0
FAM1558 D2003007943 -0.00184414 0.0125869 -0.00820781 -0.00380191 -0.00954683 -0.0111701 0.0116632 -0.0174164 -0.00132417 -0.00268713  0 0 0 0 0 0 1 0 0 0 0 0 0 0 0 0 0 0
FAM1559 D2003007944 -0.00748697 -0.00155789 -0.00409586 -0.0105716 -0.0122525 -0.0163244 0.00901322 -0.000950524 0.00341067 0.0161337  0 0 1 0 0 0 0 0 0 0 0 0 0 0 0 0 0 0
FAM1560 D2003007948 -0.00577225 -0.00161742 -0.0117734 -0.00131482 -0.00953687 -0.0182079 0.00677961 -0.00386734 -6.27029e-05 0.0174967  0 0 1 0 0 0 0 0 0 0 0 0 0 0 0 0 0 0
FAM1561 D2003007954 -0.0171596 0.0118072 -0.0185145 0.00876554 -0.0282199 -0.0127518 0.014279 -0.0680616 -0.00257256 -0.049459  0 0 0 0 0 0 1 0 0 0 0 0 0 0 0 0 0 0
FAM1562 D2003007955 -0.00422353 0.00612103 -0.0124561 -0.00829907 -0.0127168 -0.0192532 0.00490057 -0.0147755 0.00128397 0.00225175  0 0 1 0 0 0 0 0 0 0 0 0 0 0 0 0 0 0
FAM1563 D2003007957 -0.0174118 -0.0132365 0.0135571 -0.0262466 -0.00406492 -0.00998358 0.0154557 0.00328147 0.0104975 0.00594613  1 0 0 0 0 0 0 0 0 0 0 0 0 0 0 0 0 0
FAM1564 D2003007958 -0.00404495 0.000878654 -0.0133979 -0.00306945 -0.00920441 -0.0193392 -0.000409193 -0.00149258 0.00219284 0.0152572  0 0 1 0 0 0 0 0 0 0 0 0 0 0 0 0 0 0
FAM1565 D2003007959 -0.00794263 0.00288605 -0.0121788 -0.0034887 -0.0191212 -0.0135225 0.000959867 -0.0117964 0.000534798 0.0048506  0 0 1 0 0 0 0 0 0 0 0 0 0 0 0 0 0 0
FAM1566 D2003007960 -0.00150576 0.0116717 -0.00529894 -0.00973643 -0.00121432 -0.0163136 0.0106067 0.000446524 0.00516536 0.0165799  0 1 0 0 0 0 0 0 0 0 0 0 0 0 0 0 0 0
FAM1567 D2003007961 -0.00991146 -0.00120141 -0.00271414 -0.0120269 -0.00420439 -0.0140729 0.0181392 0.00493256 0.008108 0.0230331  0 0 1 0 0 0 0 0 0 0 0 0 0 0 0 0 0 0
FAM1568 D2003007963 -0.00372782 0.00117092 -0.0129255 -0.00488948 -0.0128852 -0.0210605 0.00642449 -0.00378255 0.0036876 0.0241181  0 0 1 0 0 0 0 0 0 0 0 0 0 0 0 0 0 0
FAM1569 D2003007964 -0.00658297 -0.000325127 -0.00759879 -0.00534647 -0.0094762 -0.0210341 0.00437451 -0.00161785 -0.000534256 0.0228886  0 0 1 0 0 0 0 0 0 0 0 0 0 0 0 0 0 0
FAM1570 D2003007965 -0.0093319 0.000356853 -0.0105243 -0.00448156 -0.0128153 -0.0192322 0.00909764 -0.0166213 0.00409539 0.00303642  0 0 1 0 0 0 0 0 0 0 0 0 0 0 0 0 0 0
FAM1571 D2003007966 -0.00269499 0.00438035 -0.0135061 -0.0113763 -0.0126831 -0.0307794 0.0189157 -0.00529603 0.00222422 0.039135  0 1 0 0 0 0 0 0 0 0 0 0 0 0 0 0 0 0
FAM1572 D2003007967 -0.025072 -0.0248719 0.035199 -0.0385155 0.000374852 0.00761285 -0.00141442 0.00440261 0.00762841 -0.0230409  0 0 0 0 0 0 0 0 1 0 0 0 0 0 0 0 0 0
FAM1573 D2004009073 -0.0111345 0.0114593 0.042998 0.0308327 0.0127859 -0.00347672 -0.0176195 -0.00982607 -0.00802939 0.0180235  0 0 0 0 0 0 0 1 0 0 0 0 0 0 0 0 0 0
FAM1574 D2004009074 -0.00953856 0.00919724 -0.0156436 0.00148445 -0.0211428 -0.0103145 0.0110333 -0.0528246 -0.00887257 -0.0349305  0 0 0 0 0 0 1 0 0 0 0 0 0 0 0 0 0 0
FAM1575 D2004009097 -0.00602682 0.00986515 0.0313972 0.042241 -0.0032518 -0.0140373 -0.00760839 0.000889483 0.0173638 -0.0118725  0 0 0 0 0 0 0 1 0 0 0 0 0 0 0 0 0 0
FAM1576 D2004009126 -2.90465e-05 0.0708079 -0.00711341 -0.0257731 0.0198146 0.0102681 -0.00702008 -0.0258397 -0.00737983 -0.0253867  0 0 0 0 0 0 0 0 0 0 0 0 0 0 0 0 0 1
FAM1577 D2004009129 -0.0198558 0.00277077 -0.0130689 0.023631 -0.00700121 0.0133628 0.0400719 -0.0166257 0.00181909 -0.0188183  0 0 0 0 0 0 0 0 0 0 0 0 0 0 0 0 0 0
FAM1578 D2004009154 -0.00749933 0.0106697 -0.00132385 -0.0119838 -0.0107791 -0.00210884 0.00930136 -0.000207709 0.00655978 0.00171428  0 0 0 0 0 1 0 0 0 0 0 0 0 0 0 0 0 0
FAM1579 D2004009179 -0.0142698 0.0126028 0.0195848 0.0153322 0.0324066 -0.00251528 0.0248109 0.00593422 0.0230157 -0.0102151  0 0 0 0 0 0 0 1 0 0 0 0 0 0 0 0 0 0
FAM1580 D2004009180 -0.0139329 0.0126384 0.0193098 0.00535255 -0.0185678 0.01479 -0.0179034 -0.0477221 -0.0558596 0.018877  0 0 0 0 0 0 0 0 0 1 0 0 0 0 0 0 0 0
FAM1581 D2004009206 -0.00973374 -0.00533276 0.0288632 -0.00178478 -0.00121473 0.0162431 -0.0196676 -0.00903208 -0.0512453 0.0394412  0 0 0 0 0 0 0 0 0 1 0 0 0 0 0 0 0 0
FAM1582 D2004009210 -0.00550578 0.0110048 0.00346383 0.0317386 -0.0222267 0.00701451 0.00174233 0.018026 0.0100801 -0.00521704  0 0 0 0 0 0 0 0 0 0 0 0 0 0 0 0 0 0
FAM1583 D2004009250 -0.0134615 0.00634621 -0.0064785 0.0117079 -0.0405418 0.0240837 -0.00221907 0.0324065 0.0177315 0.00104939  0 0 0 0 0 1 0 0 0 0 0 0 0 0 0 0 0 0
FAM1584 D2004009252 -0.00429175 0.00249402 -0.0165363 -0.00187974 -0.0102012 -0.025672 0.00969113 0.00159328 -0.000558752 0.0386203  0 1 0 0 0 0 0 0 0 0 0 0 0 0 0 0 0 0
FAM1585 D2004009253 -0.00327435 0.0215588 -0.00700229 0.0153092 -0.0304135 0.0224616 0.00248206 0.0377464 0.0148275 0.0127562  0 0 0 0 0 1 0 0 0 0 0 0 0 0 0 0 0 0
FAM1586 D2004009254 -0.0117869 0.0167227 0.0224305 0.0087912 -0.00865759 0.0216316 -0.0181262 -0.0245462 -0.0343921 0.00685615  0 0 0 0 0 0 0 0 0 1 0 0 0 0 0 0 0 0
FAM1587 D2004009255 -0.00343446 0.0152626 0.0024921 -0.00498857 -0.00763365 -0.00430465 -0.00103723 -0.0187364 -0.0157849 0.00712909  0 0 0 0 0 0 1 0 0 0 0 0 0 0 0 0 0 0
FAM1588 D2004009256 -0.00347663 0.00982765 0.0111075 0.00419929 0.00747637 -0.00207158 0.0122256 -0.00546522 -0.000785972 -0.00186478  0 0 0 0 0 0 0 0 0 0 0 0 0 0 0 0 0 0
FAM1589 D2004009257 1.7417e-05 0.0133221 0.0518812 0.0692268 0.0147324 -0.0353998 -0.0148592 0.00909431 0.0414393 -0.000224812  0 0 0 0 0 0 0 1 0 0 0 0 0 0 0 0 0 0
FAM1590 D2004009258 0.00431123 0.00856897 -0.00140332 0.000701641 0.00210238 -0.00331553 0.00162369 0.00979952 -0.00591194 0.00567508  0 0 0 0 0 0 0 0 0 0 0 0 0 0 0 0 0 0
FAM1591 D2004009259 -0.0101342 0.00800435 -0.013181 0.00909794 -0.0343982 0.00745252 -0.000124467 0.00936883 0.011513 -0.00332035  0 0 0 0 0 1 0 0 0 0 0 0 0 0 0 0 0 0
FAM1592 D2004009260 -0.0100616 0.0105028 -0.0105686 0.005292 -0.0341948 0.00788104 0.00652785 0.011357 0.0137508 -0.00442719  0 0 0 0 0 1 0 0 0 0 0 0 0 0 0 0 0 0
FAM1593 D2004009264 -0.0209031 -0.0146474 -0.0445695 0.00512471 0.0212951 -0.0213827 -0.0530023 -0.0115144 -0.00568333 -0.0115269  0 0 0 1 0 0 0 0 0 0 0 0 0 0 0 0 0 0
FAM1594 D2004009267 -0.00403093 0.012962 -0.0112606 -0.000691693 -0.0154361 -0.00974551 0.00434687 -0.0214401 -0.00234221 -0.00803383  0 0 0 0 0 0 0 0 0 0 0 0 0 0 0 0 0 0
FAM1595 D2004009271 -0.0109569 0.0122593 -0.011584 0.0125071 -0.0306029 0.0201991 -0.00404068 0.0124328 0.00802106 -0.0116374  0 0 0 0 0 1 0 0 0 0 0 0 0 0 0 0 0 0
FAM1596 D2004009276 -0.0272632 -0.0251823 -0.0509499 0.00883713 0.0359061 -0.0133834 -0.0759046 0.0102839 0.00107377 -0.0018504  0 0 0 1 0 0 0 0 0 0 0 0 0 0 0 0 0 0
FAM1597 D2004009277 0.000839637 0.0169905 0.00433884 -0.00501849 -0.000567572 -0.000690611 -0.00621835 0.00653937 -0.0204216 0.0305036  0 0 0 0 0 0 0 0 0 0 0 0 0 0 0 0 0 0
FAM1598 D2004009279 0.0042876 0.0212534 0.00156957 -0.00944582 0.00401676 -0.00286425 -0.00214851 0.00636986 -0.0133789 0.0191012  0 0 0 0 0 0 0 0 0 0 0 0 0 0 0 0 0 0
FAM1599 D2004009313 -0.0205653 -0.0154366 0.0205804 -0.0271139 -0.00304637 -0.00238669 0.00371876 -0.00354805 0.00825465 -0.0121105  0 0 0 0 0 0 0 0 0 0 0 0 0 0 0 0 0 0
FAM1600 D2004009316 -0.0148206 -0.00301582 0.00185294 -0.0137545 -0.010491 -0.0122092 0.0106932 -0.0115087 0.0110925 -0.0140515  1 0 0 0 0 0 0 0 0 0 0 0 0 0 0 0 0 0
FAM1601 D2004009326 -0.0225184 -0.00531817 0.0208702 0.00174059 -0.00365965 0.00149015 0.0211444 0.000478061 0.0205597 -0.00384715  1 0 0 0 0 0 0 0 0 0 0 0 0 0 0 0 0 0
FAM1602 D2004009348 -0.00619025 0.00245091 0.00650074 0.0131204 -0.00939447 0.00726485 -0.00926344 -8.95922e-05 -0.0238069 0.0283904  0 0 0 0 0 0 0 0 0 1 0 0 0 0 0 0 0 0
FAM1603 D2004009355 -0.0251762 -0.0214039 0.0302035 -0.0356445 0.000475811 0.0042734 -0.00403815 0.00271142 0.00517602 -0.0113361  0 0 0 0 0 0 0 0 1 0 0 0 0 0 0 0 0 0
FAM1604 D2004009356 -0.00036444 0.0610608 -0.00925767 -0.0256108 0.0164019 0.0156537 -0.00975049 0.0140302 0.0144904 -0.00978196  0 0 0 0 0 0 0 0 0 0 0 0 0 0 0 0 0 1
FAM1605 D2004009357 -0.0042547 0.0553775 -0.0122771 -0.0141805 0.00567562 0.024324 -0.00114093 0.0315116 0.0179318 -0.00183514  0 0 0 0 0 0 0 0 0 0 0 0 0 0 0 0 0 1
FAM1606 D2004009358 -0.0119289 0.0252956 -0.0109767 0.00384011 -0.0271552 0.00296305 0.00517144 -0.0578808 -0.00765 -0.043933  0 0 0 0 0 0 1 0 0 0 0 0 0 0 0 0 0 0
FAM1607 D2004009360 -0.0132582 0.0219441 -0.0136656 0.02699 -0.0541818 0.0510286 -0.00476233 0.0601382 0.0223521 0.00151847  0 0 0 0 0 1 0 0 0 0 0 0 0 0 0 0 0 0
FAM1608 D2004009361 -0.00472745 0.0464502 -0.0073444 -0.0133642 -0.0012772 0.00283759 0.00389153 -0.0384982 -0.00545331 -0.0340223  0 0 0 0 0 0 0 0 0 0 0 0 0 0 0 0 0 1
FAM1609 D2004009362 -0.0185137 -0.0137143 0.00970983 -0.0218494 -0.00196456 -0.0130985 0.0123934 0.00560627 0.0154644 0.00465228  1 0 0 0 0 0 0 0 0 0 0 0 0 0 0 0 0 0
FAM1610 D2004009365 -0.00658903 0.00629194 0.0418408 0.0522751 0.0150936 -0.0295498 -0.00924921 0.00716018 0.0404873 -0.00504649  0 0 0 0 0 0 0 1 0 0 0 0 0 0 0 0 0 0
FAM1611 D2004009368 0.00197659 0.034852 0.00936751 -0.00105792 0.0159524 -0.00158332 -0.00684729 -0.00109804 0.00193352 -0.00272329  0 0 0 0 0 0 0 0 0 0 0 0 0 0 0 0 0 1
FAM1612 D2004009369 0.00164994 0.0601584 0.0109858 -0.00816889 0.03383 0.00944446 -0.00877213 0.00487311 0.00527398 -0.0019727  0 0 0 0 0 0 0 0 0 0 0 0 0 0 0 0 0 1
FAM1613 D2004009370 -0.0314662 -0.0243525 0.000668809 -0.00105806 0.044204 0.0180702 0.044621 0.0103173 0.00531178 -0.00970241  0 0 0 0 1 0 0 0 0 0 0 0 0 0 0 0 0 0
FAM1614 D2004009371 -0.0248521 -0.0145757 -0.00529916 -0.000903137 0.0205538 0.0194916 0.0189343 0.00159157 0.00718414 -0.0227359  0 0 0 0 1 0 0 0 0 0 0 0 0 0 0 0 0 0
FAM1615 D2004009372 -0.0258392 -0.0225143 0.0254405 -0.0255926 0.0218458 0.013622 0.0453198 0.00702175 0.0227873 -0.0206987  1 0 0 0 0 0 0 0 0 0 0 0 0 0 0 0 0 0
FAM1616 D2004009373 -0.0190083 -0.0125725 -0.000941933 -0.00830104 0.00110073 -0.0036192 -0.00647679 -0.0278436 -0.0044117 -0.0352891  0 0 0 1 0 0 0 0 0 0 0 0 0 0 0 0 0 0
FAM1617 D2004009375 -0.0156524 -0.00836984 0.0357497 -0.0114637 -0.00442464 0.00902075 -0.0168849 -0.00808794 -0.0304903 0.0154285  0 0 0 0 0 0 0 0 0 1 0 0 0 0 0 0 0 0
FAM1618 D2004009376 -0.0105548 0.00626161 -0.00207642 0.0225213 -0.00868997 0.00934659 0.0279827 -0.00342493 -0.00283652 0.00095304  0 0 0 0 0 0 0 0 0 0 0 0 0 0 0 0 0 0
FAM1619 D2004009378 -0.000470859 0.00122988 0.0195174 0.0057728 0.0016347 -0.0090537 0.00212671 -0.00790413 0.00286085 -0.0242018  0 0 0 0 0 0 0 0 0 0 0 0 0 0 0 0 0 0
FAM1620 D2004009379 0.00174231 0.00698134 0.0328769 0.0446822 0.016254 -0.0329187 -0.00392964 -0.00511539 0.0281259 -0.0122077  0 0 0 0 0 0 0 1 0 0 0 0 0 0 0 0 0 0
FAM1621 D2004009380 -0.0040416 0.0062255 0.0263165 0.0212404 -0.00401801 -0.00524921 -0.0101098 -0.0093963 -0.00362287 -0.00166238  0 0 0 0 0 0 0 0 0 0 0 0 0 0 0 0 0 0
FAM1622 D2004009381 -0.00751143 0.00118123 0.0193093 0.0194467 0.00321164 0.0030753 0.00383098 0.00522974 -0.0116001 0.00814214  0 0 0 0 0 0 0 0 0 1 0 0 0 0 0 0 0 0
FAM1623 D2004009382 -0.00737844 0.00981348 0.0250818 0.0167936 -0.00648648 -0.0045874 -0.00816007 -0.0294938 -0.016783 -0.0116207  0 0 0 0 0 0 0 0 0 0 0 0 0 0 0 0 0 0
FAM1624 D2004009384 0.0156437 -0.00534128 0.00190992 0.00775768 -0.00148307 -0.00616468 0.00116548 0.0120511 -0.00759443 -0.0188513  0 0 0 0 0 0 0 0 0 0 0 0 0 0 0 1 0 0
FAM1625 D2004009385 -0.00780423 -0.00152565 0.0199039 0.00323204 -0.00389755 -0.000249796 0.00166266 -0.0024347 -0.00497207 0.000691714  0 0 0 0 0 0 0 0 0 0 0 0 0 0 0 0 0 0
FAM1626 D2004009388 -0.0284367 -0.0170583 -0.0260737 0.0281188 0.0493066 0.0293143 0.054448 -0.000950543 -0.0189863 0.00542895  0 0 0 0 1 0 0 0 0 0 0 0 0 0 0 0 0 0
FAM1627 D2004009389 0.0208243 -0.00221078 0.00810334 0.00813559 0.00215966 -0.0120142 -0.000410793 0.0138413 -0.0154871 -0.015903  0 0 0 0 0 0 0 0 0 0 0 0 0 0 1 0 0 0
FAM1628 D2004009391 0.00619849 -0.00158983 0.0102113 0.0111831 0.00232833 -0.0120117 -0.00226747 0.000293119 0.00605421 -0.0153881  0 0 0 0 0 0 0 0 0 0 0 0 0 0 0 0 1 0
FAM1629 D2004009392 -0.00443489 0.00401392 0.00788887 0.00548867 -0.000898851 -0.00110509 0.0105816 -0.017938 -0.00924363 -0.0115638  0 0 0 0 0 0 0 0 0 0 0 0 0 0 0 0 0 0
FAM1630 D2004009393 0.021708 -0.00484452 0.00453726 0.00655277 0.00115475 -0.00626832 -0.000431468 0.0137806 -0.00582964 -0.0155923  0 0 0 0 0 0 0 0 0 0 0 0 0 0 0 1 0 0
FAM1631 D2004009394 -0.00629821 0.00815143 0.00904404 0.0087918 -0.0202763 0.00935654 0.00672684 0.0063087 0.00792719 -0.0101913  0 0 0 0 0 0 0 0 0 0 0 0 0 0 0 0 0 0
FAM1632 D2004009397 -0.0112926 0.0174775 -0.000342549 0.00888917 -0.0184752 0.0124511 0.000235174 -0.00913734 -0.000671676 -0.0139442  0 0 0 0 0 0 1 0 0 0 0 0 0 0 0 0 0 0
FAM1633 D2004009398 0.00140752 0.00643459 0.0109894 -0.00721798 0.00203308 0.00464525 -0.00160372 -0.00121268 -0.00781493 -0.00547184  0 0 0 0 0 0 0 0 0 0 0 0 0 0 0 0 1 0
FAM1634 D2004009399 -0.00472161 0.00348435 0.0171716 3.04052e-05 -0.00188116 -0.000806681 -0.00897352 -0.00274988 -0.0218984 0.0234501  0 0 0 0 0 0 0 1 0 0 0 0 0 0 0 0 0 0
FAM1635 D2004009400 0.0118255 -0.00459876 0.00890763 0.00184379 0.00478916 -0.00849076 0.00599425 0.0160256 -0.0050124 -0.0180996  0 0 0 0 0 0 0 0 0 0 0 0 0 0 0 1 0 0
FAM1636 D2004009401 -0.00982745 -0.00592605 0.0204086 0.00180933 0.00574677 -0.00703447 -0.00603026 -0.00816108 -0.00200284 -0.0225671  0 0 0 0 0 0 0 0 0 0 0 0 0 0 0 0 0 0
FAM1637 D2004009402 0.00087481 0.00559958 0.0267645 0.0391799 0.0161385 -0.0308982 0.00162659 -0.00958574 0.0205955 -0.0055498  0 0 0 0 0 0 0 1 0 0 0 0 0 0 0 0 0 0
FAM1638 D2004009404 -0.00630545 0.00930243 -0.00533692 0.0137256 -0.0186497 -0.00657595 -0.00234752 -0.0201811 0.00153338 -0.017144  0 0 0 0 0 0 1 0 0 0 0 0 0 0 0 0 0 0
FAM1639 D2004009405 0.0136081 -0.00134235 0.00482517 0.00624298 0.000952083 -0.00565075 0.00378309 0.00410072 -0.00525802 0.000479541  0 0 0 0 0 0 0 0 0 0 0 0 0 0 0 1 0 0
FAM1640 D2004009406 -0.00172846 0.0119394 0.00904056 0.013083 -0.00256092 -0.0060675 -0.0036845 -0.0143176 -0.000928766 -0.00688292  0 0 0 0 0 0 1 0 0 0 0 0 0 0 0 0 0 0
FAM1641 D2004009407 -0.0100102 0.0103268 0.0517607 0.0426297 0.00663365 -0.00784646 -0.0286474 -0.0194448 -0.0271089 0.0431569  0 0 0 0 0 0 0 0 0 1 0 0 0 0 0 0 0 0
FAM1642 D2004009408 0.0197503 -0.00272955 4.27682e-06 0.0025959 -0.000958812 -0.0033615 0.00136933 0.00714245 -0.00874714 -0.00516345  0 0 0 0 0 0 0 0 0 0 0 0 0 0 0 1 0 0
FAM1643 D2004009409 -0.00348951 0.0122508 0.0481971 0.0571863 0.0129467 -0.0332397 -0.0147064 -0.0019333 0.030306 0.00557995  0 0 0 0 0 0 0 1 0 0 0 0 0 0 0 0 0 0
FAM1644 D2004009410 0.00283353 0.00765166 0.0451699 0.0546755 0.0154743 -0.0335133 -0.0133243 0.00126169 0.0281223 -0.0114291  0 0 0 0 0 0 0 1 0 0 0 0 0 0 0 0 0 0
FAM1645 D2004009411 0.0165464 -0.00425152 0.00120297 0.00560103 -0.00328528 -0.000957249 -0.000793268 0.0153875 -0.00305976 -0.0113193  0 0 0 0 0 0 0 0 0 0 0 0 0 0 0 1 0 0
FAM1646 D2004009412 -0.00542401 0.0276854 -0.00465934 -0.0123838 -0.00273901 0.00300957 0.000115189 -0.0294178 -0.0156459 -0.0161326  0 0 0 0 0 0 0 0 0 1 0 0 0 0 0 0 0 0
FAM1647 D2004009413 0.021899 -0.00425069 0.00486586 0.0106426 0.00524543 -0.010287 0.000576222 0.0152258 -0.00867357 -0.0200564  0 0 0 0 0 0 0 0 0 0 0 0 0 0 0 1 0 0
FAM1648 D2004009414 0.00195178 0.00902858 0.0402713 0.0485164 0.0176037 -0.0374872 -0.0103586 -0.00240273 0.0278994 -0.000614985  0 0 0 0 0 0 0 1 0 0 0 0 0 0 0 0 0 0
FAM1649 D2004009415 0.0103043 -0.000267259 -0.00610736 0.000261101 -0.00393035 -0.000387903 0.00569449 -0.0119761 -0.0140049 -0.0162246  0 0 0 0 0 0 0 0 0 0 0 0 0 0 0 0 1 0
FAM1650 D2004009416 -0.0121165 -0.00108858 0.0246712 0.0181947 0.0142027 0.00640825 0.0112977 0.00875044 0.0124501 -0.00653816  0 0 0 0 0 0 0 0 0 1 0 0 0 0 0 0 0 0
FAM1651 D2004009417 -0.00620309 0.0132743 0.0121491 0.0151562 -0.0188857 0.0144197 -0.0156712 -0.017589 -0.0455536 0.0328369  0 0 0 0 0 0 0 0 0 1 0 0 0 0 0 0 0 0
FAM1652 D2004009418 -0.0100139 0.00814267 0.0349157 0.014651 6.99373e-05 0.00190815 -0.019643 -0.0162125 -0.0250356 0.017197  0 0 0 0 0 0 0 1 0 0 0 0 0 0 0 0 0 0
FAM1653 D2004009419 -0.00711506 0.00716845 0.0393658 0.0170715 -0.00550248 0.00720381 -0.0188168 -0.0159514 -0.0348092 0.0232293  0 0 0 0 0 0 0 0 0 0 0 0 0 0 0 0 0 0
FAM1654 D2004009420 -0.00686071 0.00926476 0.0453224 0.0426267 0.00222348 -0.0153582 -0.0253602 0.00232548 0.014503 0.00828714  0 0 0 0 0 0 0 1 0 0 0 0 0 0 0 0 0 0
FAM1655 D2004009421 -0.0202657 -0.00449487 -0.00688827 0.0246664 0.010021 0.0337496 -0.0153125 0.00606226 -0.0440052 0.0325953  0 0 0 0 1 0 0 0 0 0 0 0 0 0 0 0 0 0
FAM1656 D2004009423 -0.00864712 0.0052546 0.0378456 0.010026 -0.00547937 0.00614379 -0.0190756 -0.01054 -0.0310044 0.0169456  0 0 0 0 0 0 0 0 0 0 0 0 0 0 0 0 0 0
FAM1657 D2004009424 0.00853629 0.0281542 -0.00574124 -0.0116576 0.00430754 -0.00554537 0.00781976 -0.00811986 -0.00688331 0.000812544  0 0 0 0 0 0 0 0 0 0 0 0 0 0 0 0 0 0
FAM1658 D2004009425 -0.00846215 0.00843614 0.0393459 0.0339736 -0.0043412 -0.00511032 -0.0253068 -0.000191878 -0.000884212 0.0194499  0 0 0 0 0 0 0 1 0 0 0 0 0 0 0 0 0 0
FAM1659 D2004009427 -0.0102569 0.00500029 0.0343639 0.0125592 -0.00372918 0.00200112 -0.0121507 -0.0154008 -0.0150176 -0.00356357  0 0 0 0 0 0 0 0 0 0 0 0 0 0 0 0 0 0
FAM1660 D2004009429 0.00839869 0.000944636 0.00678445 0.0208939 0.0090091 -0.00944176 0.0208722 0.00347451 -0.00449142 -0.0117539  0 0 0 0 0 0 0 0 0 0 0 0 0 0 0 0 0 0
FAM1661 D2004009430 -5.03934e-08 0.00749466 0.0379105 0.0349645 0.00696676 -0.0195196 -0.0100502 0.00128154 0.0114288 -0.00258509  0 0 0 0 0 0 0 1 0 0 0 0 0 0 0 0 0 0
FAM1662 D2004009431 -0.00945838 0.00759894 0.0363103 0.0289641 -0.0111279 -0.00189192 -0.0137203 0.00481575 0.00588468 0.0041654  0 0 0 0 0 0 0 0 0 1 0 0 0 0 0 0 0 0
FAM1663 D2004009432 -0.00266261 0.00917542 0.0268683 0.0228845 0.00825532 -0.00959771 -0.00237772 -0.0121402 0.0021586 -0.0070307  0 0 0 0 0 0 0 0 0 0 0 0 0 0 0 0 0 0
FAM1664 D2004009433 0.00281451 0.00468547 0.0305363 0.028046 0.00527036 -0.0233728 -0.00536941 0.001296 0.00909311 -0.00333583  0 0 0 0 0 0 0 0 0 0 0 0 0 0 0 0 0 0
FAM1665 D2004009434 0.0215507 -0.00540704 0.0025637 0.00499276 0.00255989 -0.00954464 -0.00344129 0.0163094 -0.0123023 -0.0221596  0 0 0 0 0 0 0 0 0 0 0 0 0 0 0 1 0 0
FAM1666 D2004009435 0.0229238 -0.00516807 0.00238228 0.0065725 0.00215775 -0.00835913 1.59439e-05 0.0143676 -0.0111772 -0.0178437  0 0 0 0 0 0 0 0 0 0 0 0 0 0 0 1 0 0
FAM1667 D2004009436 -0.00598677 0.021166 0.0154071 0.0196323 -0.0052399 0.00870705 -0.0127877 -0.0250382 -0.0304846 0.00571451  0 0 0 0 0 0 0 0 0 1 0 0 0 0 0 0 0 0
FAM1668 D2004009437 -0.00182128 0.00559262 0.0186255 0.0308626 0.00211866 -0.0129315 -0.00431748 0.00182143 0.0155483 -0.0124928  0 0 0 0 0 0 0 1 0 0 0 0 0 0 0 0 0 0
FAM1669 D2004009438 0.0185407 -0.00293807 0.00281603 0.00844548 0.0023702 -0.0122892 0.00166257 0.00331419 -0.0077898 -0.02645  0 0 0 0 0 0 0 0 0 0 0 0 0 0 0 1 0 0
FAM1670 D2004009439 0.0133051 -0.000346343 -0.00500036 -0.00516511 -0.00249081 -0.00436575 0.0070499 0.00198552 -0.00721498 0.00433002  0 0 0 0 0 0 0 0 0 0 0 0 0 0 0 0 1 0
FAM1671 D2004009440 -0.00817725 0.00856292 0.037272 0.0377428 -0.00281461 0.00121585 -0.0199371 -0.00137117 -0.0119924 0.0270852  0 0 0 0 0 0 0 1 0 0 0 0 0 0 0 0 0 0
FAM1672 D2004009441 0.00168892 0.00852384 0.0396247 0.0489425 0.00892681 -0.0295994 -0.0137825 -0.00835899 0.0181853 -0.00983449  0 0 0 0 0 0 0 1 0 0 0 0 0 0 0 0 0 0
FAM1673 D2004009442 -0.000138097 0.00588969 0.0415982 0.04436 0.00718524 -0.0275335 -0.012155 -0.00568647 0.0210145 -0.0121538  0 0 0 0 0 0 0 1 0 0 0 0 0 0 0 0 0 0
FAM1674 D2004009444 -0.00358106 0.00978492 0.0372127 0.044103 0.0087409 -0.0194737 -0.00857745 -0.0122659 0.00384368 -0.000280023  0 0 0 0 0 0 0 1 0 0 0 0 0 0 0 0 0 0
FAM1675 D2004009445 -0.00904716 0.00117287 0.0373967 0.0164835 0.000362119 0.0074412 -0.0147441 -0.00769387 -0.0297494 0.0143799  0 0 0 0 0 0 0 0 0 0 0 0 0 0 0 0 0 0
FAM1676 D2004009446 -0.00857443 0.00211889 0.0383065 0.0212255 -0.00302258 0.00377397 -0.0182399 -0.0084599 -0.0243587 0.0131493  0 0 0 0 0 0 0 0 0 0 0 0 0 0 0 0 0 0
FAM1677 D2004009447 -0.00376303 0.00900286 0.0374163 0.0338262 0.00608655 -0.0157621 -0.0144967 -0.0124365 0.00451435 -0.00454922  0 0 0 0 0 0 0 1 0 0 0 0 0 0 0 0 0 0
FAM1678 D2004009448 -0.00583806 0.00661592 0.0362784 0.0284147 0.00528128 -0.0110284 -0.0125794 -0.0119921 -0.00126246 -0.00380726  0 0 0 0 0 0 0 1 0 0 0 0 0 0 0 0 0 0
FAM1679 D2004009449 -0.0025339 0.00497816 0.0389797 0.0299763 0.005572 -0.017245 -0.00971448 -0.00761628 0.0073746 -0.0140924  0 0 0 0 0 0 0 1 0 0 0 0 0 0 0 0 0 0
FAM1680 D2004009450 -0.00714578 0.00427514 0.0328509 0.0320569 0.00742423 -0.0148045 -0.00782226 0.00342483 0.0156614 0.00325165  0 0 0 0 0 0 0 1 0 0 0 0 0 0 0 0 0 0
FAM1681 D2004009451 0.0224675 -0.00437352 0.00278547 0.00446174 0.00259124 -0.00451023 0.000181057 0.0129548 -0.00840817 -0.014315  0 0 0 0 0 0 0 0 0 0 0 0 0 0 0 1 0 0
FAM1682 D2004009452 -0.00886147 0.00637923 0.00771432 0.00714798 -0.00965902 -0.00459537 -0.0112328 -0.0169503 -0.017707 0.00534707  0 0 0 0 0 0 0 1 0 0 0 0 0 0 0 0 0 0
FAM1683 D2004009453 -0.00681307 0.00321084 0.0319706 0.0285449 0.0127677 -0.0191363 -0.00361833 -0.00987858 0.0133049 -0.0108059  0 0 0 0 0 0 0 0 0 0 0 0 0 0 0 0 0 0
FAM1684 D2004009460 -0.0225703 -0.00800989 -0.0258741 0.0218446 0.00731166 -0.00522967 -0.03163 7.72232e-05 0.00552278 -0.00349143  0 0 0 0 0 0 0 0 0 0 0 0 0 0 0 0 0 0
FAM1685 D2004009464 0.00564114 0.011476 0.0548383 0.069052 0.0231817 -0.0464035 -0.0154832 0.00601332 0.038561 -0.00378064  0 0 0 0 0 0 0 1 0 0 0 0 0 0 0 0 0 0
FAM1686 D2004009469 0.00191531 -0.00366873 -0.00420054 -0.00630779 -0.0038936 -0.0113267 0.0131116 -0.00279456 -0.0023213 0.00465737  0 0 0 0 0 0 0 0 0 0 0 0 0 0 0 0 1 0
FAM1687 D2004009471 -0.0244047 -0.0273607 0.0262562 -0.0433424 0.000735344 -0.00494003 0.0075923 0.0109772 0.0184366 -0.00999601  1 0 0 0 0 0 0 0 0 0 0 0 0 0 0 0 0 0
FAM1688 D2004009473 -0.0200076 -0.0182505 0.0218224 -0.0301302 -0.00777279 0.00142048 -0.0162124 0.0113679 0.00594041 -0.00659212  0 0 0 0 0 0 0 0 1 0 0 0 0 0 0 0 0 0
FAM1689 D2004009474 -0.0158344 -0.0107115 0.014827 -0.0220314 -0.00537936 -0.0090292 -0.00998759 0.0108523 0.0160411 -0.0041246  1 0 0 0 0 0 0 0 0 0 0 0 0 0 0 0 0 0
FAM1690 D2004009477 -0.0134494 -0.00966554 0.00509978 -0.0136224 -0.00273144 -0.010246 -0.00427432 0.0107728 0.0121119 -0.000598841  0 0 0 0 0 0 0 0 0 0 0 0 0 0 0 0 0 0
FAM1691 D2004009478 -0.026139 -0.0269603 0.0373222 -0.0449 0.000121896 0.00860914 -0.017409 0.0106356 0.00062382 -0.0132853  0 0 0 0 0 0 0 0 1 0 0 0 0 0 0 0 0 0
FAM1692 D2004009479 -0.0186034 0.00490055 -0.00363751 0.00837532 -0.0492086 0.0376716 -0.00297116 0.0479159 0.0296684 -0.00999082  1 0 0 0 0 0 0 0 0 0 0 0 0 0 0 0 0 0
FAM1693 D2004009485 -0.0200064 -0.0137402 0.0157039 -0.0284804 0.00214185 -0.00854776 0.0258108 0.00511529 0.0133236 0.00179951  1 0 0 0 0 0 0 0 0 0 0 0 0 0 0 0 0 0
FAM1694 D2004009487 -0.0281179 -0.0155373 -0.0160234 0.0118781 0.0244008 0.0277548 0.023906 0.0100245 -0.00766998 -0.00653022  0 0 0 0 1 0 0 0 0 0 0 0 0 0 0 0 0 0
FAM1695 D2004009488 -0.023386 -0.013344 -0.0013554 0.000529012 0.0216323 0.0142165 0.0380914 -0.00106929 -0.00162333 -0.0096981  0 0 0 0 1 0 0 0 0 0 0 0 0 0 0 0 0 0
FAM1696 D2004009489 -0.018911 0.00608034 -0.00235063 0.0100928 0.0137761 0.0266379 0.0210227 -0.00515077 -0.00921108 -0.00937675  0 0 0 0 1 0 0 0 0 0 0 0 0 0 0 0 0 0
FAM1697 D2004009490 -0.0123113 -0.000613047 -0.00645188 -0.00571594 -0.0046867 -0.011793 -0.0108721 0.000855177 -0.00971381 0.0290642  0 1 0 0 0 0 0 0 0 0 0 0 0 0 0 0 0 0
FAM1698 D2004009491 -0.00755941 0.016339 -0.00145776 0.013258 -0.0274127 0.00980428 -0.00365966 0.0179415 0.0192878 -0.00133678  0 0 0 0 0 1 0 0 0 0 0 0 0 0 0 0 0 0
FAM1699 D2004009493 -0.00703895 0.00306963 -0.0126728 0.00305558 -0.0132901 -0.00641873 0.0177196 -0.000231685 -3.93585e-05 0.0193696  0 0 0 0 0 1 0 0 0 0 0 0 0 0 0 0 0 0
FAM1700 D2004009494 -0.00514363 0.00706179 -0.0162283 -0.00340775 -0.0225266 -0.0196336 0.00201906 -0.02781 -0.00103231 -0.00928078  0 0 1 0 0 0 0 0 0 0 0 0 0 0 0 0 0 0
FAM1701 D2004009496 0.00189788 0.0130691 -0.0122753 -0.00698331 0.000372491 -0.0150943 0.0105256 0.000842604 -0.00341163 0.0183677  0 0 0 0 0 0 0 0 0 0 0 0 0 0 0 0 0 0
FAM1702 D2004009497 -0.0214488 -0.0148318 0.0166031 -0.0301171 -0.00608563 -0.0129227 0.0235588 -0.00733494 0.0185305 -0.0158061  1 0 0 0 0 0 0 0 0 0 0 0 0 0 0 0 0 0
FAM1703 D2004009498 -0.00568425 0.00758285 -0.0136809 -0.00341979 -0.0187572 -0.0151945 0.0143062 -0.0422123 -0.00800635 -0.0209255  0 0 0 0 0 0 1 0 0 0 0 0 0 0 0 0 0 0
FAM1704 D2004009499 -0.00314561 0.00398198 -0.0101212 -0.00397511 -0.0132228 -0.0141853 0.00974008 -0.00118958 0.00497073 0.0123218  0 0 0 0 0 0 0 0 0 0 0 0 0 0 0 0 0 0
FAM1705 D2004009500 -0.00879411 0.0342381 -0.0104204 -0.0154199 0.00674289 -0.00449028 0.00117678 -0.0296253 0.00343854 -0.0335918  0 0 0 0 0 0 0 0 0 0 0 0 0 0 0 0 0 1
FAM1706 D2004009501 -0.0111186 0.00672636 0.0115542 0.0275429 -0.00493465 0.00874974 0.00560669 0.0186044 0.0168828 -0.00248184  0 0 0 0 0 1 0 0 0 0 0 0 0 0 0 0 0 0
FAM1707 D2004009502 -0.00197143 -0.000516444 -0.00804322 -0.00135528 -0.0136403 -0.0083485 0.0058775 0.00277429 0.0036702 0.00349782  0 0 1 0 0 0 0 0 0 0 0 0 0 0 0 0 0 0
FAM1708 D2004009503 -0.0127786 -0.00802149 0.00203169 -0.0128973 -0.000249009 -0.0190271 0.00438494 0.00316505 0.0135775 0.00249424  0 0 0 0 0 0 0 0 0 0 0 0 0 0 0 0 0 0
FAM1709 D2004009505 -0.00428835 0.0105204 -0.00887636 -0.00615923 -0.00509854 -0.0100788 0.018548 -0.0120761 -0.00418296 0.0122989  0 0 0 0 0 0 0 0 0 0 0 0 0 0 0 0 0 0
FAM1710 D2004009506 -0.00755337 0.0175517 -0.00780852 -0.00450021 -0.00717851 -0.00844936 0.00994125 -0.0359215 -0.00521149 -0.0227052  0 0 0 0 0 0 1 0 0 0 0 0 0 0 0 0 0 0
FAM1711 D2004009507 -0.00504471 0.000262749 -0.0136281 -0.00474551 -0.0159479 -0.0259812 0.00708036 -0.00229885 0.00529754 0.0162248  0 0 1 0 0 0 0 0 0 0 0 0 0 0 0 0 0 0
FAM1712 D2004009508 -0.00963901 0.0072093 -0.0085229 0.0072829 -0.016341 -0.0012548 0.00945902 0.00702298 0.00726021 0.013542  0 0 0 0 0 0 0 0 0 0 0 0 0 0 0 0 0 1
FAM1713 D2004009509 -0.00493902 0.0254874 -0.00904884 -0.0152136 0.00932204 -0.00788475 0.0076253 -0.0155233 0.00197337 -0.011468  0 0 0 0 0 0 0 0 0 0 0 0 0 0 0 0 0 0
FAM1714 D2004009511 -0.000103706 0.0100326 -0.0158535 -0.0106108 -0.0148425 -0.0362156 0.0227938 -0.00294871 0.00323884 0.0499608  0 1 0 0 0 0 0 0 0 0 0 0 0 0 0 0 0 0
FAM1715 D2004009512 -0.00786564 -0.000187333 -0.0115001 -0.00420792 -0.0116796 -0.0127749 0.0166631 -0.00189505 0.00408479 0.0170243  0 0 0 0 0 1 0 0 0 0 0 0 0 0 0 0 0 0
FAM1716 D2004009513 -0.0118577 0.00953846 -0.0114865 0.0151987 -0.0428298 0.0244518 -0.000954178 0.0343942 0.015786 0.0150425  0 0 0 0 0 1 0 0 0 0 0 0 0 0 0 0 0 0
FAM1717 D2004009514 0.00337165 0.0485092 -0.00600043 -0.0207187 0.0160783 0.00348377 0.000820994 0.00927256 0.00670139 0.00267663  0 0 0 0 0 0 0 0 0 0 0 0 0 0 0 0 0 1
FAM1718 D2004009515 -0.014226 0.0130135 -0.00717067 0.017666 -0.0360484 0.0277717 0.00249998 0.0331347 0.0188604 0.00548629  0 0 0 0 0 1 0 0 0 0 0 0 0 0 0 0 0 0
FAM1719 D2004009517 -0.019133 -0.0119937 0.0148802 -0.0260394 0.00207804 -0.0110401 0.0232455 0.00328976 0.0137974 0.00494258  1 0 0 0 0 0 0 0 0 0 0 0 0 0 0 0 0 0
FAM1720 D2004009519 -0.00537776 0.0122331 -0.0171406 -0.00868156 -0.0206712 -0.0205498 0.00608742 -0.0318457 0.000799381 -0.0112786  0 0 0 0 0 0 1 0 0 0 0 0 0 0 0 0 0 0
FAM1721 D2004009520 0.00844054 0.0370561 -0.0109194 -0.0186872 0.0166343 -0.00743445 0.00220511 0.00424238 -0.000180341 0.00724801  0 0 0 0 0 0 0 0 0 0 0 0 0 0 0 0 0 0
FAM1722 D2004009521 -0.00595187 0.00882095 -0.00983718 -0.00444345 -0.00888556 -0.00979326 0.0109636 -0.0128651 -2.48348e-05 -0.00473105  0 0 0 0 0 0 0 0 0 0 0 0 0 0 0 0 0 1
FAM1723 D2004009522 -0.00526404 0.00670025 -0.0126574 -0.00852233 -0.0109164 -0.0212275 0.00780338 0.00294447 0.00964694 0.0233801  0 0 1 0 0 0 0 0 0 0 0 0 0 0 0 0 0 0
FAM1724 D2004009523 -0.000938311 0.0248059 -0.0150768 -0.00772338 -0.00330582 -0.00364367 0.0057572 -2.20678e-05 0.000457637 0.00362697  0 0 0 0 0 0 1 0 0 0 0 0 0 0 0 0 0 0
FAM1725 D2004009525 -0.0106666 0.0150963 -0.0120327 0.0138712 -0.022501 0.0180352 0.00838022 0.0244912 0.0124676 0.0102172  0 0 0 0 0 1 0 0 0 0 0 0 0 0 0 0 0 0
FAM1726 D2004009532 -0.00334311 0.00364548 0.0273744 0.0101153 5.51012e-05 -0.00870205 -0.000460534 -0.00721787 0.00453834 -0.0270151  0 0 0 0 0 0 0 0 0 0 0 0 0 0 0 0 0 0
FAM1727 D2004009533 -0.00892001 0.041532 0.0179754 0.000855459 0.0104082 0.0202042 -0.0169613 -0.0153154 -0.0280903 0.0157491  0 0 0 0 0 0 0 0 0 1 0 0 0 0 0 0 0 0
FAM1728 D2004009534 -0.0161945 0.00695428 0.0386135 0.0123782 -0.0150081 0.0296822 -0.0385392 -0.0225003 -0.0774658 0.0668124  0 0 0 0 0 0 0 0 0 1 0 0 0 0 0 0 0 0
FAM1729 D2004009535 0.00462318 0.0974619 -0.00752334 -0.0440011 0.053365 0.0251997 -0.0123886 0.0290079 0.0157876 -0.00256044  0 0 0 0 0 0 0 0 0 0 0 0 0 0 0 0 0 1
FAM1730 D2004009536 0.00467756 0.0974115 -0.00762985 -0.0440242 0.0533042 0.0251861 -0.0124125 0.029104 0.0157381 -0.0025975  0 0 0 0 0 0 0 0 0 0 0 0 0 0 0 0 0 1
FAM1731 D2004009537 -0.0195313 0.00335372 -0.0136765 0.024326 -0.00699217 0.0131266 0.0405482 -0.016649 0.00169371 -0.0185616  0 0 0 0 0 0 0 0 0 0 0 0 0 0 0 0 0 0
FAM1732 D2004009538 -0.0114866 0.026758 -0.0178384 0.0143837 -0.0564061 0.0258362 -0.00593396 -0.0109734 0.0115392 -0.0388995  0 0 0 0 0 1 0 0 0 0 0 0 0 0 0 0 0 0
FAM1733 D2004009542 -0.0077923 0.00966541 -0.0118368 0.00764151 -0.0266543 0.00865481 0.013754 0.0147017 0.0100272 0.00280718  0 0 0 0 0 1 0 0 0 0 0 0 0 0 0 0 0 0
FAM1734 D2004009547 -0.00120401 0.0151856 0.00875312 -0.00874202 0.00127688 2.99405e-05 -0.00799494 -0.00110565 -0.0328607 0.0374572  0 0 0 0 0 0 0 0 0 0 0 0 0 0 0 0 0 0
FAM1735 D2004009548 -0.0272561 -0.0285255 0.0323364 -0.0476946 0.00332259 -0.0103575 0.0145382 0.0122092 0.0237254 -0.0088578  1 0 0 0 0 0 0 0 0 0 0 0 0 0 0 0 0 0
FAM1736 D2004009549 0.00164484 0.0102051 -0.00565694 -0.00846904 -0.00322747 -0.0136192 0.00356808 0.000188229 0.00181337 0.0129111  0 0 0 0 0 0 0 0 0 0 0 0 0 0 0 0 0 0
FAM1737 D2004009552 -0.0131378 -0.00752607 0.00429916 -0.0119913 -0.00706654 -0.00367268 0.000648554 0.00537701 0.00711402 -0.000934509  0 0 0 0 0 0 0 0 0 0 0 0 0 0 0 0 0 0
FAM1738 D2004009554 -0.0156672 0.0092807 -0.0126489 0.0070315 0.0410895 0.0219958 0.0242711 0.0146532 -0.00370826 0.0073843  0 0 0 0 1 0 0 0 0 0 0 0 0 0 0 0 0 0
FAM1739 D2004009555 0.0199698 -0.00406745 0.00279958 0.00410849 0.00232778 -0.00814958 -0.000823669 0.0125509 -0.00623847 -0.0134401  0 0 0 0 0 0 0 0 0 0 0 0 0 0 0 1 0 0
FAM1740 D2004009557 -0.0167505 -0.00381143 0.0194146 0.017846 0.0192215 -0.0168762 0.0176694 -0.00631761 0.0264766 -0.0171885  0 0 0 0 0 0 0 1 0 0 0 0 0 0 0 0 0 0
FAM1741 D2004009558 -0.00764186 0.00475872 0.0332219 0.0318535 0.00631764 -0.0139551 -0.00722776 0.00226296 0.0151689 0.0030909  0 0 0 0 0 0 0 1 0 0 0 0 0 0 0 0 0 0
FAM1742 D2004009559 0.00732449 -0.00185424 0.00835047 0.00473623 0.00134633 -0.00552975 0.00911015 0.0116857 5.06577e-05 -0.0108216  0 0 0 0 0 0 0 0 0 0 0 0 0 0 0 1 0 0
FAM1743 D2004009560 0.000163076 0.00134533 0.028764 0.0273227 0.00253258 -0.0129357 -0.0136987 0.00706475 0.0167425 0.00159474  0 0 0 0 0 0 0 1 0 0 0 0 0 0 0 0 0 0
FAM1744 D2004009561 0.0166268 -0.0062192 -0.00524049 0.00034242 -0.00169611 -0.00284573 -0.00151932 0.00621048 -0.00576107 -0.000679388  0 0 0 0 0 0 0 0 0 0 1 0 0 0 0 0 0 0
FAM1745 D2004009563 -0.00568132 0.0201896 0.000779005 -0.00683717 -0.00501838 0.00482693 -0.000750775 0.00294119 -0.00395626 0.00664691  0 0 0 0 0 0 0 0 0 0 0 0 0 0 0 0 0 1
FAM1746 D2004009564 0.0187661 -0.00364895 0.0075999 0.0108681 0.00198702 -0.011956 0.000459548 0.00985309 -0.00651537 -0.016583  0 0 0 0 0 0 0 0 0 0 0 0 0 0 0 1 0 0
FAM1747 D2004009565 0.0046287 0.00445984 0.0259383 0.0361933 0.0149929 -0.0318825 0.00757023 0.00500239 0.0215596 -0.00941612  0 0 0 0 0 0 0 0 0 0 0 0 0 0 0 0 0 0
FAM1748 D2004009569 0.019789 -0.00669133 -0.00326192 -0.00258518 -0.00123597 0.000701669 0.00301701 0.0116418 -0.0124866 -0.00271811  0 0 0 0 0 0 0 0 0 0 0 0 0 1 0 0 0 0
FAM1749 D2004009579 -0.00709173 0.00968297 -0.00937536 0.00234147 -0.0201451 -0.000624542 0.00279261 -0.0184644 -0.00195481 -0.0121228  0 0 0 0 0 0 0 0 0 1 0 0 0 0 0 0 0 0
FAM1750 D2004009581 -0.0105094 0.00529797 -0.0137641 0.00460956 -0.0320908 -0.00251012 0.000419153 0.0278875 0.019307 0.0196306  0 0 1 0 0 0 0 0 0 0 0 0 0 0 0 0 0 0
FAM1751 D2004009583 -0.00899956 -0.00143466 -0.0103525 -0.00688799 -0.0134658 -0.0237107 0.00140732 0.00611231 0.00864166 0.0227859  0 0 1 0 0 0 0 0 0 0 0 0 0 0 0 0 0 0
FAM1752 D2004009584 -0.00789038 0.00532192 -0.0152814 -0.00753032 -0.0139361 -0.0194959 0.0107861 -0.0191013 -0.000487857 0.0108562  0 0 1 0 0 0 0 0 0 0 0 0 0 0 0 0 0 0
FAM1753 D2004009587 -0.00637097 0.00281747 -0.0137808 -0.00767362 -0.0146273 -0.0179901 0.00918097 -0.00781448 0.00118955 0.0174252  0 0 1 0 0 0 0 0 0 0 0 0 0 0 0 0 0 0
FAM1754 D2004009592 -0.0129315 -0.00378129 -0.037481 0.00142602 0.00675246 -0.0270503 -0.0292391 0.00876166 0.00455793 0.0296058  0 1 0 0 0 0 0 0 0 0 0 0 0 0 0 0 0 0
FAM1755 D2004009594 -0.00788022 0.00200244 -0.0246237 -0.00470381 -0.000339768 -0.0347319 -0.00176018 0.0030963 0.00698609 0.0402986  0 1 0 0 0 0 0 0 0 0 0 0 0 0 0 0 0 0
FAM1756 D2004009595 -0.0144797 -0.00590541 -0.0346753 0.0054475 0.00322418 -0.0208901 -0.0330672 0.00951627 0.00527903 0.01802  0 1 0 0 0 0 0 0 0 0 0 0 0 0 0 0 0 0
FAM1757 D2004009596 -0.0155177 -0.00339211 -0.0387675 -0.000272489 0.0108955 -0.0329951 -0.0236632 0.00280403 0.00278341 0.0338662  0 1 0 0 0 0 0 0 0 0 0 0 0 0 0 0 0 0
FAM1758 D2004009599 -0.0100873 -0.00323939 -0.0029374 -0.011187 -0.00503966 -0.017371 0.00914435 0.00265672 0.0106017 0.0126689  0 0 0 0 0 0 0 0 0 0 0 0 0 0 0 0 0 0
FAM1759 D2004009600 -0.00987199 -0.0012266 -0.012924 -0.00560179 -0.00966719 -0.0183397 0.00200178 0.00198575 0.00683904 0.0150918  0 0 0 0 0 0 0 0 0 0 0 0 0 0 0 0 0 0
FAM1760 D2004009601 -0.00432454 0.0101836 -0.0074045 0.00825591 -0.0238677 -0.00462711 0.00499487 0.0106901 0.00582614 0.0227686  0 0 0 0 0 1 0 0 0 0 0 0 0 0 0 0 0 0
FAM1761 D2004009602 -0.00361737 0.0243993 -0.00361789 -0.00518174 -0.00817772 0.00243265 0.000898392 -0.0252607 -0.0199236 0.00787845  0 0 0 0 0 1 0 0 0 0 0 0 0 0 0 0 0 0
FAM1762 D2004009603 -0.00833282 0.00911982 0.00841489 0.0050342 -0.0145927 -0.00412857 0.0046459 -0.00859099 -0.0188738 0.0351135  0 0 0 0 0 1 0 0 0 0 0 0 0 0 0 0 0 0
FAM1763 D2004009605 -0.00131285 0.00802009 -0.0133434 -0.00768073 -0.0173487 -0.0240126 0.0178485 0.00606241 0.0060594 0.0468647  0 1 0 0 0 0 0 0 0 0 0 0 0 0 0 0 0 0
FAM1764 D2004009608 -0.00834068 -0.000434572 -0.0167881 -0.00172646 -0.0124877 -0.0178174 0.016278 -0.00676661 0.00794753 0.0102184  0 0 1 0 0 0 0 0 0 0 0 0 0 0 0 0 0 0
FAM1765 D2004009615 -0.00862973 0.00963115 -0.0140978 0.00543296 -0.0265675 -0.00257724 0.00164725 0.000524008 0.00890246 0.00675109  0 0 0 0 0 1 0 0 0 0 0 0 0 0 0 0 0 0
FAM1766 D2004009617 0.000293326 0.00922429 -0.0152553 -0.00972906 -0.013294 -0.0340653 0.0222079 -0.00286831 0.00329562 0.0490913  0 1 0 0 0 0 0 0 0 0 0 0 0 0 0 0 0 0
FAM1767 D2004009625 -0.0220431 -0.0160217 -0.00167162 -0.00832709 0.0102874 -0.00191984 0.000252073 -0.00734586 0.00554462 -0.0202077  0 0 0 0 0 0 0 0 1 0 0 0 0 0 0 0 0 0
FAM1768 D2004009626 -0.0227546 -0.0116096 -0.0248126 -0.0009272 0.0057653 -0.00450929 -0.031775 -0.024169 -0.0020786 -0.0348168  0 0 0 1 0 0 0 0 0 0 0 0 0 0 0 0 0 0
FAM1769 D2004009627 -0.023827 -0.0138711 -0.0238379 -0.000246249 0.0127216 -0.00364192 -0.0247 -0.0237737 -0.00358558 -0.0295093  0 0 0 1 0 0 0 0 0 0 0 0 0 0 0 0 0 0
FAM1770 D2004009630 -0.0272996 -0.0175654 -0.0340092 0.00396618 0.0206465 -0.00452657 -0.0365617 -0.013073 -0.000100869 -0.0305163  0 0 0 1 0 0 0 0 0 0 0 0 0 0 0 0 0 0
FAM1771 D2004009631 -0.0123457 0.00431009 0.00318863 0.00902663 -0.0135822 0.00908709 0.00353589 -0.00550251 0.00181455 -0.000886999  0 0 0 0 0 1 0 0 0 0 0 0 0 0 0 0 0 0
FAM1772 D2004009635 -0.00956726 0.0178594 -0.017094 0.000309342 -0.0214274 -0.0156875 0.0110679 -0.0518666 -0.00258097 -0.0299467  0 0 0 0 0 0 1 0 0 0 0 0 0 0 0 0 0 0
FAM1773 D2004009636 -0.0115061 0.0123003 -0.000472373 0.00572459 -0.00830318 0.0103624 -0.00474543 0.00943556 -0.00285606 0.0166748  0 0 0 1 0 0 0 0 0 0 0 0 0 0 0 0 0 0
FAM1774 D2004009652 -0.00706246 0.0181096 -0.0106254 -0.00909311 -0.0134917 -0.0136275 0.00845652 -0.0391529 -0.00685271 -0.0104228  0 1 0 0 0 0 0 0 0 0 0 0 0 0 0 0 0 0
FAM1775 D2004009669 -0.0191453 0.0203828 -0.01998 0.0347374 -0.0723694 0.0601459 -0.00263493 0.0488675 0.0245158 -0.0102172  0 0 0 0 0 1 0 0 0 0 0 0 0 0 0 0 0 0
FAM1776 D2004009673 -0.00694507 0.00460482 -0.01787 -0.00497418 -0.0236494 -0.0275979 0.00425151 -0.0306256 0.000602333 -0.00690038  0 0 1 0 0 0 0 0 0 0 0 0 0 0 0 0 0 0
FAM1777 D2004009674 -0.0139029 -0.00506372 -0.00289518 -0.0130927 -0.0100946 -0.0129165 0.00932179 -0.00699361 0.00411727 0.00622884  0 0 1 0 0 0 0 0 0 0 0 0 0 0 0 0 0 0
FAM1778 D2004009676 -0.00711272 0.00331961 -0.00813098 -0.0018559 -0.0134202 -0.0172765 0.00594545 -0.000236311 -0.0042031 0.0300556  0 1 0 0 0 0 0 0 0 0 0 0 0 0 0 0 0 0
FAM1779 D2004009677 -0.0236458 -0.0141087 -0.0408316 0.0103145 0.0257254 -0.0146522 -0.0473132 0.000855077 -0.00219806 0.000503543  0 0 0 1 0 0 0 0 0 0 0 0 0 0 0 0 0 0
FAM1780 D2004009694 0.0254902 -0.00592224 -0.00301161 -0.00167134 0.00167708 0.00184546 0.0032741 0.00841449 -0.006648 -0.00710739  0 0 0 0 0 0 0 0 0 0 1 0 0 0 0 0 0 0
FAM1781 D2004009695 0.0196292 -0.00979419 -0.00180666 -0.00151744 -0.000260414 0.0285667 -0.00430669 -0.0149904 0.0186003 0.008981  0 0 0 0 0 0 0 0 0 0 0 1 0 0 0 0 0 0
FAM1782 D2004009696 -0.0250479 -0.0236777 -0.0539088 0.00746747 0.0332118 -0.0242267 -0.0831059 0.013963 0.00286868 0.00524057  0 0 0 1 0 0 0 0 0 0 0 0 0 0 0 0 0 0
FAM1783 D2004009697 -0.0220383 -0.0177559 -0.0317292 -0.00214243 0.0181703 -0.0152306 -0.0485149 0.00835958 0.00268088 -0.000783851  0 0 0 1 0 0 0 0 0 0 0 0 0 0 0 0 0 0
FAM1784 D2004009698 0.022808 -0.00735734 -0.00233431 -0.00254614 0.00153887 0.00465743 0.000769778 0.00405787 -0.00741419 -0.00648956  0 0 0 0 0 0 0 0 0 0 0 0 0 1 0 0 0 0
FAM1785 D2004009699 0.0239437 -0.00763771 0.000785443 0.000611157 0.00266438 -0.0022265 -0.00131955 0.00491882 -0.00649265 -0.00747276  0 0 0 0 0 0 0 0 0 0 1 0 0 0 0 0 0 0
FAM1786 D2004009700 0.022493 -0.00764561 -0.0004337 -0.0033112 0.000671841 0.00222699 -8.24691e-05 0.0041565 -0.00593787 -0.00300783  0 0 0 0 0 0 0 0 0 0 1 0 0 0 0 0 0 0
FAM1787 D2004009701 0.0217606 -0.00497999 -0.00168055 0.00161872 0.00105943 -0.0046375 0.0012174 0.00504162 -0.0105146 -0.00641085  0 0 0 0 0 0 0 0 0 0 1 0 0 0 0 0 0 0
FAM1788 D2004009703 0.0135418 -0.00696922 0.000714233 -0.00196311 0.000651827 -0.00451464 0.00353224 0.00695245 -0.0131458 -0.0047279  0 0 0 0 0 0 0 0 0 0 0 0 0 0 0 0 1 0
FAM1789 D2004009704 0.0207892 -0.00727372 0.000532036 -0.000647976 0.0017277 -0.00253203 0.00176759 0.0078232 -0.00816387 -0.00753881  0 0 0 0 0 0 0 0 0 0 0 0 0 1 0 0 0 0
FAM1790 D2004009705 0.0209455 -0.00593118 0.00154158 -0.000590607 0.00231526 0.00115114 0.00161629 0.00685631 -0.00836805 -0.00570881  0 0 0 0 0 0 0 0 0 0 1 0 0 0 0 0 0 0
FAM1791 D2004009706 0.0166219 -0.00319412 8.29653e-05 0.00333873 -0.00379678 0.0020983 -0.00126522 0.0103052 -0.00902335 -0.00413044  0 0 0 0 0 0 0 0 0 0 1 0 0 0 0 0 0 0
FAM1792 D2004009707 0.0214114 -0.00924567 -0.00276287 -3.62227e-06 -0.0023033 -0.00313093 -0.00160505 0.0115729 -0.0122153 -0.0170705  0 0 0 0 0 0 0 0 0 0 0 0 0 0 1 0 0 0
FAM1793 D2004009708 0.0211927 -0.00733507 0.000215972 0.000503738 -0.000692328 -0.00426473 0.00103335 0.0098237 -0.00906118 -0.00720931  0 0 0 0 0 0 0 0 0 0 0 0 0 0 0 0 1 0
FAM1794 D2004009709 0.0207738 -0.00684162 -0.00238085 -0.000787794 8.9528e-05 -0.000312878 0.0029284 0.00548107 -0.00873915 -0.00701507  0 0 0 0 0 0 0 0 0 0 0 0 0 0 1 0 0 0
FAM1795 D2004009710 0.00886344 -0.00579332 -0.0017388 -0.00388095 -0.00638031 -0.00435502 0.00465176 0.00350561 -0.00335005 -0.00522563  0 0 0 0 0 0 0 0 0 0 0 0 0 0 0 0 1 0
FAM1796 D2004009711 0.022903 -0.00688246 -0.00124217 -0.00134355 0.00198283 0.00593145 -9.42937e-05 0.00352824 -0.0039922 -0.00126166  0 0 0 0 0 0 0 0 0 0 0 1 0 0 0 0 0 0
FAM1797 D2004009712 -0.0230066 -0.0120492 -0.00824564 0.00068818 0.00177352 0.00609259 -0.00675525 -0.0222079 0.00456286 -0.0476157  0 0 0 1 0 0 0 0 0 0 0 0 0 0 0 0 0 0
FAM1798 D2004009715 0.00409154 -0.00094746 -0.00747007 -0.000115229 -0.00834744 -0.00375766 0.00273249 0.0028663 -0.00581013 0.0105198  0 0 0 0 0 0 0 0 0 0 0 0 0 0 0 0 1 0
FAM1799 D2004009716 -0.0117929 -0.00369085 0.0402166 0.0164591 0.00208189 -0.00500113 -0.0145905 0.0041019 0.00626387 0.00192047  0 0 0 0 0 0 0 1 0 0 0 0 0 0 0 0 0 0
FAM1800 D2004009718 0.00894284 -0.00374591 -0.00793494 -0.000625936 -0.00569593 -0.00373773 -1.13852e-05 0.0115195 -0.00782628 0.00242217  0 0 0 0 0 0 0 0 0 0 0 0 0 0 0 0 1 0
FAM1801 D2004009719 0.00700934 -0.00494144 -0.00631854 -0.00591336 -0.00432616 -0.00687001 0.0111311 0.00512281 -0.00571377 0.00928039  0 0 0 0 0 0 0 0 0 0 0 0 0 0 0 0 1 0
FAM1802 D2004009722 -0.0053254 0.00976197 -0.0160006 -0.00853957 -0.015688 -0.0256525 0.0127058 -0.0182614 -0.00134966 0.0211626  0 1 0 0 0 0 0 0 0 0 0 0 0 0 0 0 0 0
FAM1803 D2004009724 -0.0207369 -0.00917351 0.0103164 -0.0137312 -0.0203632 0.0112452 -0.00547728 0.0216732 0.0100828 0.00324354  0 0 0 0 0 0 0 0 0 0 0 0 0 0 0 0 0 0
FAM1804 D2004009728 -0.000338345 -0.00162442 -0.0112266 -0.00595998 -0.00371196 -0.0149793 -0.00102151 0.00682173 0.00310052 0.0106197  0 1 0 0 0 0 0 0 0 0 0 0 0 0 0 0 0 0
FAM1805 D2004009729 0.00379978 -0.0026031 -0.0120389 -0.00218371 -0.00587754 -0.016407 -0.00279743 0.00641063 -0.000229008 0.00895389  0 1 0 0 0 0 0 0 0 0 0 0 0 0 0 0 0 0
FAM1806 D2004009731 -0.0155318 -0.0111883 -0.0293713 9.67332e-05 0.00234392 -0.0134656 -0.0372971 0.0123936 0.00527167 0.0129043  0 0 0 1 0 0 0 0 0 0 0 0 0 0 0 0 0 0
FAM1807 D2004009733 -0.00809598 0.0022284 -0.00361792 0.00314077 -0.00679631 -0.0158777 0.0146582 -0.0141711 0.00451138 0.00980287  0 0 1 0 0 0 0 0 0 0 0 0 0 0 0 0 0 0
FAM1808 D2004009738 -0.0132099 0.0100871 -0.0188445 0.000191066 -0.0271247 -0.0160192 0.0144102 -0.0624832 -0.00605727 -0.0377323  0 0 0 0 0 0 1 0 0 0 0 0 0 0 0 0 0 0
FAM1809 D2004009739 -0.0131025 -0.00843153 -0.0273648 0.00628311 0.00911774 -0.0158646 -0.0251618 0.00630297 0.00399967 0.0120861  0 0 0 1 0 0 0 0 0 0 0 0 0 0 0 0 0 0
FAM1810 D2004009740 -0.0100603 -0.0026975 -0.0201288 -0.00169311 0.00271889 -0.0196266 -0.00602217 0.00279563 0.00428637 0.0139795  0 0 0 1 0 0 0 0 0 0 0 0 0 0 0 0 0 0
FAM1811 D2004009741 -0.00987148 -0.00128948 -0.0103981 -0.00382327 -0.015696 -0.0129713 -0.00302207 0.00825397 0.0119768 0.011672  0 0 0 0 0 0 0 0 0 0 0 0 0 0 0 0 0 0
FAM1812 D2004009743 -0.00968361 -0.00853343 0.00775316 -0.0187148 -0.00784278 -0.00169628 0.00574595 -0.00120085 -0.0037802 -0.0006959  0 0 0 0 0 0 0 0 0 0 0 0 0 0 0 0 0 0
FAM1813 D2004009750 -0.0113637 -0.00206967 -0.00756017 -0.00702624 -0.0134486 -0.0156342 0.00921173 -0.00216724 0.00654043 0.0150957  0 0 1 0 0 0 0 0 0 0 0 0 0 0 0 0 0 0
FAM1814 D2004009751 -0.0172953 -0.0128808 0.0118773 -0.0237686 -0.00752113 -0.00289496 -0.00300963 0.00655383 0.00368856 0.000408103  1 0 0 0 0 0 0 0 0 0 0 0 0 0 0 0 0 0
FAM1815 D2004009752 -0.01036 0.0014261 -0.0093339 -0.00244075 -0.0112064 -0.0111209 0.0082488 0.000499794 0.00732876 0.0156498  0 0 1 0 0 0 0 0 0 0 0 0 0 0 0 0 0 0
FAM1816 D2004009753 -0.00881248 0.000171122 -0.00821348 -0.00622135 -0.0154294 -0.0134635 0.00245693 -0.00917079 0.000846213 0.00368807  0 0 1 0 0 0 0 0 0 0 0 0 0 0 0 0 0 0
FAM1817 D2004009761 -0.0122233 -0.00253241 -0.0106149 -0.00340196 -0.000571564 -0.00946658 0.00461929 -0.016135 -0.00109104 -0.00541472  0 0 0 0 0 0 1 0 0 0 0 0 0 0 0 0 0 0
FAM1818 D2004009789 -0.0143267 -0.00412251 -0.00638556 -0.00204365 -0.00638134 -0.0144832 -0.0137619 -0.0108432 0.00983198 -0.0157506  0 0 1 0 0 0 0 0 0 0 0 0 0 0 0 0 0 0
FAM1819 D2004009794 -0.0208136 -0.00475451 0.0140748 -0.0100429 -0.028154 0.0234152 -0.00491598 0.00612297 0.000599374 -0.0135497  0 0 1 0 0 0 0 0 0 0 0 0 0 0 0 0 0 0
FAM1820 D2004009799 -0.00281945 0.00946199 -0.0109836 -0.00761189 -0.0107287 -0.024824 0.0176281 -0.00359725 0.00317344 0.0331818  0 1 0 0 0 0 0 0 0 0 0 0 0 0 0 0 0 0
FAM1821 D2004009801 0.0123233 0.0303344 -0.00468168 -0.0172806 0.013109 -0.00654384 0.00607953 0.00571193 -0.0024312 0.00757611  0 0 0 0 0 0 0 0 0 0 0 0 0 0 0 0 0 0
FAM1822 D2004009806 -0.00724919 0.00326692 -0.0114887 -0.00876045 -0.01471 -0.0260302 0.0188941 -0.00610244 0.00551359 0.0287225  0 1 0 0 0 0 0 0 0 0 0 0 0 0 0 0 0 0
FAM1823 D2004009811 -0.00517481 0.00562129 -0.00977801 -0.0109551 -0.0117796 -0.0248403 0.0105258 -0.00109884 0.0112744 0.0244939  0 1 0 0 0 0 0 0 0 0 0 0 0 0 0 0 0 0
FAM1824 D2004009812 -0.00587262 0.00310343 -0.0083789 -0.00845964 -0.0113578 -0.0183028 0.0168044 -0.00493669 0.000897046 0.0159433  0 0 1 0 0 0 0 0 0 0 0 0 0 0 0 0 0 0
FAM1825 D2004009814 -0.0115918 -0.00328721 -0.00519149 -0.00429535 -0.00515694 -0.0184284 0.0116697 -0.00902603 0.0117201 0.00232841  0 0 1 0 0 0 0 0 0 0 0 0 0 0 0 0 0 0
FAM1826 D2004009818 -0.00959688 0.00622176 -0.00337463 -0.0169223 -0.00623672 -0.0157509 0.0152102 -0.00430409 0.00633881 0.0154013  0 0 1 0 0 0 0 0 0 0 0 0 0 0 0 0 0 0
FAM1827 D2004009821 0.00112853 0.00477853 -0.00811477 -0.00654408 -0.00380831 -0.0148901 0.0150375 -0.00441712 -0.00193477 0.0141597  0 1 0 0 0 0 0 0 0 0 0 0 0 0 0 0 0 0
FAM1828 D2004009822 -0.0125264 0.0324567 -0.00123524 -0.0101889 -0.00662297 0.0145905 0.00568216 0.0133574 0.0208802 -0.00930749  0 0 0 0 0 0 0 0 0 0 0 0 0 0 0 0 0 1
FAM1829 D2004009823 -0.0192035 0.00467948 -0.00824703 0.00444283 -0.0189172 -0.0113423 0.0263423 -0.0540418 0.00444275 -0.0474251  0 0 0 0 0 0 1 0 0 0 0 0 0 0 0 0 0 0
FAM1830 D2004009826 -0.0204348 -0.0182927 0.0164605 -0.0307579 -0.00118739 -0.011997 0.0147941 0.00743066 0.018929 -0.00370921  1 0 0 0 0 0 0 0 0 0 0 0 0 0 0 0 0 0
FAM1831 D2004009831 -0.00433394 0.00226885 -0.00986872 -0.00176417 -0.0133206 -0.0146169 0.0111512 -0.00027343 0.00428005 0.0172664  0 0 1 0 0 0 0 0 0 0 0 0 0 0 0 0 0 0
FAM1832 D2004009840 0.0118309 -0.00553277 0.000982878 -0.00620848 0.00824531 0.004767 0.0119777 0.00400212 -0.00697192 0.00220878  0 0 0 0 0 0 0 0 0 0 0 0 0 0 0 0 1 0
FAM1833 D2004009841 0.0115317 -0.0019881 -0.00579018 -0.00450525 -0.00563377 -0.0124999 0.00630284 0.00602912 -0.00437922 0.000776189  0 0 0 0 0 0 0 0 0 0 0 0 0 0 0 0 1 0
FAM1834 D2004009843 0.00963495 -0.00526404 -0.000168847 -0.00845902 -0.0022634 -0.00991082 0.00765645 0.0027159 -0.00222686 0.00670351  0 0 0 0 0 0 0 0 0 0 0 0 0 0 0 0 1 0
FAM1835 D2004009844 0.010083 -0.000180554 -0.00709188 -0.00143689 -0.00612695 -0.0116844 0.0114217 0.000865092 -0.00153303 0.00394194  0 0 0 0 0 0 0 0 0 0 0 0 0 0 0 0 1 0
FAM1836 D2004009845 0.010728 -0.00165044 -0.00329087 -0.00484855 -0.00357796 -0.0107572 0.00740785 0.00337438 -0.00535694 0.00197202  0 0 0 0 0 0 0 0 0 0 0 0 0 0 0 0 1 0
FAM1837 D2004009846 0.0137509 -0.00223387 -0.00222985 -0.00648189 0.00104659 -0.00707156 0.00539206 0.00896878 -0.00589264 0.00393814  0 0 0 0 0 0 0 0 0 0 0 0 0 0 0 0 1 0
FAM1838 D2004009847 0.0125959 0.000197832 -0.00601432 -0.00255491 -0.00717842 -0.00888098 0.00192584 -0.00869081 -0.00854987 -0.00940717  0 0 0 0 0 0 0 0 0 0 0 0 0 0 0 0 1 0
FAM1839 D2004009851 0.00941152 -0.0024645 -0.00174821 -0.00503693 -0.00718482 -0.010234 0.00521009 0.0048435 -0.00524496 0.0130983  0 0 0 0 0 0 0 0 0 0 0 0 0 0 0 0 1 0
FAM1840 D2004009852 0.00896674 -0.00447459 0.000441569 -0.00511944 -0.00383571 -0.0103048 0.00397763 0.00667187 -0.00617637 0.0115247  0 0 0 0 0 0 0 0 0 0 0 0 0 0 0 0 1 0
FAM1841 D2004009853 0.00748839 -0.00224815 -0.00283374 -0.00543839 -0.00217594 -0.00963396 0.0107525 0.00252456 -0.00395325 0.0117273  0 0 0 0 0 0 0 0 0 0 0 0 0 0 0 0 1 0
FAM1842 D2004009856 0.00628346 -0.00333517 -0.00511154 -0.00724104 -0.00751591 -0.0140877 0.00886226 0.00296811 -0.00621036 0.0093201  0 0 0 0 0 0 0 0 0 0 0 0 0 0 0 0 1 0
FAM1843 D2004009862 0.0087044 0.000633615 -0.00757416 -0.00282552 -0.00628839 -0.0123446 0.0114347 0.001655 -0.00220868 0.00320463  0 0 0 0 0 0 0 0 0 0 0 0 0 0 0 0 1 0
FAM1844 D2004009863 0.00538291 -0.00525277 -0.00304863 -0.00876408 -0.00525827 -0.00961749 0.000966765 0.00277142 -0.00783712 0.00114702  0 0 0 0 0 0 0 0 0 0 0 0 0 0 0 0 1 0
FAM1845 D2004009882 0.00743524 0.00415979 0.0111166 0.0171325 8.15108e-05 -0.015421 -0.00117792 -0.000615943 0.00731465 -0.0126215  0 0 0 0 0 0 0 0 0 0 0 0 0 0 0 0 1 0
FAM1846 D2004009884 0.022776 -0.00740784 0.000871623 0.00323572 -0.000323802 -0.0044244 0.000220781 0.0127855 -0.011759 -0.0161905  0 0 0 0 0 0 0 0 0 0 1 0 0 0 0 0 0 0
FAM1847 D2004009902 -0.0160498 0.0164758 -0.0224357 0.00366524 -0.0375933 -0.0123508 0.0154911 -0.0914633 -0.0125501 -0.0672401  0 0 0 0 0 0 1 0 0 0 0 0 0 0 0 0 0 0
FAM1848 D2004009939 -0.0107181 -0.00178938 -0.00830322 0.00180245 -0.012001 -0.00860285 0.0129804 0.00117415 0.00712661 0.00518401  0 0 1 0 0 0 0 0 0 0 0 0 0 0 0 0 0 0
FAM1849 D2004009940 -0.0291644 -0.031744 0.0474235 -0.0529422 2.18243e-05 0.0153523 -0.0189822 0.00990755 -0.00316861 -0.0184366  0 0 0 0 0 0 0 0 1 0 0 0 0 0 0 0 0 0
FAM1850 D2004009965 0.00757964 1.51305e-05 -0.00554562 -0.00333765 -0.0043844 -0.00918998 0.00709494 0.00142728 -0.00475345 0.0111502  0 0 0 0 0 0 0 0 0 0 0 0 0 0 0 0 1 0
FAM1851 D2004009966 -3.79901e-05 0.0043153 -0.010988 -0.00924507 -0.014122 -0.0289162 0.0113087 0.00167961 0.00264225 0.0327728  0 1 0 0 0 0 0 0 0 0 0 0 0 0 0 0 0 0
FAM1852 D2004009981 0.00203939 0.000414484 -0.00440785 -0.00488568 -0.00543357 -0.010237 0.00303162 0.0027001 -7.74311e-05 0.00926596  0 0 1 0 0 0 0 0 0 0 0 0 0 0 0 0 0 0
FAM1853 D2004009982 -0.0048439 -0.00124759 -0.00914292 -0.00152788 -0.0105682 -0.0105129 -0.000200621 0.00354791 -0.000826108 0.0153583  0 0 1 0 0 0 0 0 0 0 0 0 0 0 0 0 0 0
FAM1854 D2004009983 0.00269081 0.00227449 -0.00116859 0.00288862 -0.00576792 -0.0125227 0.00756332 0.00191746 0.000310862 0.00603545  0 0 1 0 0 0 0 0 0 0 0 0 0 0 0 0 0 0
FAM1855 D2004009985 -0.0126431 0.00827621 -0.0094737 0.0163782 -0.0275194 0.0140594 0.0119096 0.010447 0.00406155 0.00738862  0 0 0 0 0 1 0 0 0 0 0 0 0 0 0 0 0 0
FAM1856 D2004010041 -0.0265321 -0.0265828 0.0385781 -0.0409657 0.00368725 0.00814714 -0.00305828 0.0031001 0.000803831 -0.0165168  0 0 0 0 0 0 0 0 1 0 0 0 0 0 0 0 0 0
FAM1857 D2007018425 -0.0103442 0.028011 0.0117086 -0.0100334 0.00328897 0.00497447 -0.00968917 -0.0229562 -0.00924986 -0.00910543  0 0 0 0 0 0 0 0 0 1 0 0 0 0 0 0 0 0
FAM1858 D2007018426 -0.000688451 0.0232659 0.0221923 0.0201929 0.0146971 -0.0325032 -0.00451477 -0.0139777 0.0220751 -0.0122984  0 0 0 0 0 0 0 1 0 0 0 0 0 0 0 0 0 0
FAM1859 D2007018427 -0.00198181 0.0134885 -0.0116071 0.0025465 -0.0135641 -0.0139917 0.00796949 -0.0462411 -0.00726712 -0.0333419  0 0 0 0 0 0 1 0 0 0 0 0 0 0 0 0 0 0
FAM1860 D2007018428 0.00388944 0.0151704 -0.00930234 -0.00930734 -0.00022265 -0.00712143 0.00867628 0.0008634 -0.00618742 0.00626569  0 0 0 0 0 0 0 0 0 0 0 0 0 0 0 0 0 0
FAM1861 D2007018429 0.00477962 0.0198584 -0.0113686 -0.00310099 -0.0156647 0.00232473 0.00316401 -0.0031901 0.000193806 -0.00890518  0 0 0 0 0 0 0 0 0 0 0 0 0 0 0 0 0 0
FAM1862 D2007018430 -0.000112776 0.0164353 0.00475967 -0.0118862 0.00175903 -0.00448775 -0.00558651 0.00379871 -0.0193978 0.0293548  0 0 0 0 0 0 0 0 0 0 0 0 0 0 0 0 0 0
FAM1863 D2007018431 -0.00944874 0.0109282 -0.00465935 -0.00674598 -0.00814162 -0.00215311 0.0096314 -0.0233043 0.00267939 -0.0236265  0 0 0 0 0 0 1 0 0 0 0 0 0 0 0 0 0 0
FAM1864 D2007018432 -0.00526624 0.011068 -0.00762423 0.0053803 -0.025017 0.00198696 0.00688254 0.0144319 0.00976854 0.0128111  0 0 0 0 0 1 0 0 0 0 0 0 0 0 0 0 0 0
FAM1865 D2007018433 0.0056771 0.0202805 -0.00998774 -0.0128512 0.0030235 -0.00762086 0.00730846 0.0100788 -0.00217433 0.0116023  0 0 0 0 0 0 0 0 0 0 0 0 0 0 0 0 0 0
FAM1866 D2007018434 -0.0111799 0.0100156 -0.0185687 0.015862 -0.0443275 0.0286894 0.000479549 0.0401029 0.0182268 0.000492285  0 0 0 0 0 1 0 0 0 0 0 0 0 0 0 0 0 0
FAM1867 D2007018435 -0.0142326 0.0134253 -0.0191795 0.00975716 -0.0302453 -0.00377819 0.0115489 -0.0528546 -0.00364437 -0.0383319  0 0 0 0 0 0 1 0 0 0 0 0 0 0 0 0 0 0
FAM1868 D2007018436 -0.0246919 -0.0263418 0.0384997 -0.0447176 -0.00133885 0.0125409 -0.0118619 0.00701251 -0.007627 -0.0106533  0 0 0 0 0 0 0 0 1 0 0 0 0 0 0 0 0 0
FAM1869 D2007018437 -0.00193363 0.0149899 0.0197056 0.0220327 0.00589622 -0.00302611 -0.00880762 -0.00752397 -0.00918663 0.00591748  0 0 0 0 0 0 0 1 0 0 0 0 0 0 0 0 0 0
FAM1870 D2007018438 -0.00973625 0.0321441 0.0264911 -0.0161245 0.0119788 0.0197529 -0.0222098 -0.0151416 -0.0483693 0.0430984  0 0 0 0 0 0 0 0 0 1 0 0 0 0 0 0 0 0
FAM1871 D2007018439 -0.00864255 0.00823218 0.0200809 0.0241986 0.0206101 -0.0141504 0.0106688 -0.00663705 0.0167019 -0.00391269  0 0 0 0 0 0 0 1 0 0 0 0 0 0 0 0 0 0
FAM1872 D2007018440 0.00224649 0.0182526 0.00286354 -0.0121583 -0.000332813 0.000403973 -0.0049276 0.00482087 -0.0228791 0.0270387  0 0 0 0 0 0 0 0 0 0 0 0 0 0 0 0 0 0
FAM1873 D2007018441 0.00321645 0.0104501 -0.00467856 -0.00848041 -0.00370263 -0.0113903 0.0155805 0.00266968 -0.00130835 0.0142641  0 1 0 0 0 0 0 0 0 0 0 0 0 0 0 0 0 0
FAM1874 D2007018442 0.00353295 0.00778273 -0.00716216 -0.00367701 4.25815e-05 -0.0104462 0.00364604 0.00588464 -0.00306039 0.0149293  0 0 1 0 0 0 0 0 0 0 0 0 0 0 0 0 0 0
FAM1875 D2007018443 -0.00297129 0.00660462 -0.00782258 -0.00207127 -0.00828449 -0.0136102 0.00487624 -0.00553612 -0.000802157 0.0116149  0 0 1 0 0 0 0 0 0 0 0 0 0 0 0 0 0 0
FAM1876 D2007018445 -0.00477542 0.0192088 -0.0130775 -0.00653818 -0.00587397 -0.00989972 0.00207274 -0.0430274 -0.00814643 -0.0322712  0 0 0 0 0 0 1 0 0 0 0 0 0 0 0 0 0 0
FAM1877 D2007018447 -0.0158221 0.00586432 -0.0196563 0.0160818 -0.0101926 0.00727737 0.0289711 -0.018207 0.000718485 -0.0108919  0 0 0 0 1 0 0 0 0 0 0 0 0 0 0 0 0 0
FAM1878 D2007018448 -0.0170421 -0.0251379 0.0304123 -0.0365362 0.00211201 0.00488695 -0.00573286 0.0102281 -0.00103945 -0.00812282  0 0 0 0 0 0 0 0 1 0 0 0 0 0 0 0 0 0
FAM1879 D2007018449 -0.0249448 -0.0143927 0.0416236 -0.020961 -0.0136135 0.0282118 -0.0303526 0.0103494 -0.0177259 0.00496534  0 0 0 0 0 0 0 0 0 1 0 0 0 0 0 0 0 0
FAM1880 D2007018450 -0.0107793 -0.00731449 -0.00416412 -0.0060358 -0.00712251 -0.0148571 0.0109375 0.000988344 0.00844798 0.00838306  0 0 1 0 0 0 0 0 0 0 0 0 0 0 0 0 0 0
FAM1881 D2007018451 -0.00315574 0.00816628 0.000417332 -0.00821524 -0.00305595 -0.00166252 0.00123899 -0.00780858 -0.0129643 0.00863293  0 0 0 0 0 0 0 0 0 0 0 0 0 0 0 0 0 0
FAM1882 D2007018452 0.00378745 0.0150008 -0.00126633 -0.00711905 -0.000850341 -0.00364224 -0.00134174 0.00392988 -0.0173311 0.0198935  0 0 0 0 0 0 0 0 0 0 0 0 0 0 0 0 0 0
FAM1883 D2007018453 -0.000656821 0.0535474 0.0158994 0.00238915 0.0302003 -0.00193912 -0.00821104 -0.00123271 0.00810936 0.00242279  0 0 0 0 0 0 0 0 0 0 0 0 0 0 0 0 0 1
FAM1884 D2007018454 -0.00073542 0.0133324 0.00922894 -0.0106069 -0.000299985 -3.27874e-05 -0.0074661 -0.00114841 -0.0307216 0.0355097  0 0 0 0 0 0 0 0 0 0 0 0 0 0 0 0 0 0
FAM1885 D2007018455 -0.00850266 -0.000918697 0.0100728 -0.00530609 -0.00946027 -0.000450077 -0.00219043 -0.0206383 -0.0244902 0.00877979  0 0 0 0 0 0 0 0 0 1 0 0 0 0 0 0 0 0
FAM1886 D2007018456 0.0154012 -0.00421344 -0.000891122 -0.00148555 -0.00384519 -0.00567993 0.00528813 0.00760531 -0.00627987 -0.00512176  0 0 0 0 0 0 0 0 0 0 0 0 0 1 0 0 0 0
FAM1887 D2007018457 -0.00624112 0.00630952 0.0241884 0.0200639 0.00720632 -0.000394108 0.00762988 0.00828942 0.0158005 -0.0129961  0 0 0 0 0 0 0 0 0 1 0 0 0 0 0 0 0 0
FAM1888 D2007018458 -0.0273053 -0.0265138 0.0278453 -0.0380002 0.00614283 0.00199182 -0.00454402 0.00987046 0.00794055 -0.0103581  0 0 0 0 0 0 0 0 1 0 0 0 0 0 0 0 0 0
FAM1889 D2007018459 -0.0185254 -0.00627793 0.00111677 -0.000524814 -0.00465915 -0.00635343 0.0184667 -0.0122881 0.0111084 -0.0108775  0 0 0 0 0 0 0 0 0 0 0 0 0 0 0 0 0 0
FAM1890 D2007018460 -0.0244054 -0.02507 0.0376421 -0.0431148 -0.0022928 0.0112634 -0.0141536 0.00465436 -0.00552571 -0.0132315  0 0 0 0 0 0 0 0 1 0 0 0 0 0 0 0 0 0
FAM1891 D2007018461 -7.17321e-06 0.00684477 0.0394987 0.0445018 0.0114706 -0.0202315 -0.0136031 0.00279958 0.0184129 -0.00586608  0 0 0 0 0 0 0 1 0 0 0 0 0 0 0 0 0 0
FAM1892 D2007018463 -0.0158463 0.017008 -0.0159558 0.0302293 -0.0600246 0.0522629 -0.00500465 0.0627978 0.0276188 0.0046893  0 0 0 0 0 1 0 0 0 0 0 0 0 0 0 0 0 0
FAM1893 D2007018464 -0.00886823 0.00774025 0.00310839 0.00291985 -0.0159997 0.00569816 -0.000844153 0.0103127 -0.00373813 0.0223292  0 0 1 0 0 0 0 0 0 0 0 0 0 0 0 0 0 0
FAM1894 D2007018465 -0.0146955 0.00189191 0.0194185 0.000918684 -0.0155198 0.0135857 -0.00591028 0.00317058 -0.0133824 0.01663  0 0 0 0 0 0 0 0 0 0 0 0 0 0 0 0 0 0
FAM1895 D2007018467 0.00893505 0.0889296 -0.00480804 -0.0409719 0.0497026 0.0105251 -0.0093229 0.0161148 0.00817978 -0.00116994  0 0 0 0 0 0 0 0 0 0 0 0 0 0 0 0 0 1
FAM1896 D2007018468 -0.00311318 0.00649153 -0.00755136 -0.00303986 -0.00789476 -0.0132036 0.00406343 -0.00426389 -0.000304443 0.0113087  0 0 1 0 0 0 0 0 0 0 0 0 0 0 0 0 0 0
FAM1897 D2007018469 -0.00714633 0.0229986 -0.0127582 -0.00670658 -0.0178661 -0.00607713 0.000970602 -0.0244099 0.00326343 -0.0292239  0 0 0 0 0 0 1 0 0 0 0 0 0 0 0 0 0 0
FAM1898 D2007018470 -0.0171194 0.0172581 -0.0161229 0.0203341 -0.0637381 0.0305402 -0.00493968 0.00294619 0.0138088 -0.0236466  0 0 0 0 0 1 0 0 0 0 0 0 0 0 0 0 0 0
FAM1899 D2007018471 -0.0172389 -0.00267533 -0.0137365 0.0266133 0.00944715 0.0106139 0.0344776 0.000272323 -0.0033502 0.00515305  0 0 0 0 0 0 0 0 0 0 0 0 0 0 0 0 0 0
FAM1900 D2007018472 -0.0139226 0.0330909 0.0193427 -0.050997 0.0333339 0.0163047 -0.0164279 0.019892 0.011057 -0.0170789  0 0 0 0 0 0 0 0 0 0 0 0 0 0 0 0 0 1
FAM1901 D2007018473 -0.005656 0.00310592 0.0278747 0.00977623 -0.00279497 -0.00523915 -0.00178039 -0.00831897 0.00522341 -0.0312709  0 0 0 0 0 0 0 0 0 0 0 0 0 0 0 0 0 0
FAM1902 D2007018474 -0.0239413 -0.0215321 0.0219563 -0.0389614 0.000149182 -0.0165895 0.0174197 0.0110264 0.0281452 -0.00143836  1 0 0 0 0 0 0 0 0 0 0 0 0 0 0 0 0 0
FAM1903 D2007018476 0.000456953 0.0314292 -0.00199323 -0.0121759 0.00319461 0.0155604 -0.00959105 0.0184003 0.000977792 0.00165354  0 0 0 0 0 0 0 0 0 0 0 0 0 0 0 0 0 1
FAM1904 D2007018478 -0.00312863 0.00877293 0.046074 0.0572811 0.0219377 -0.0415384 -0.012887 0.001043 0.0390249 -0.00249839  0 0 0 0 0 0 0 1 0 0 0 0 0 0 0 0 0 0
FAM1905 D2007018481 -0.0275691 -0.0305503 0.0396958 -0.0508225 0.00157619 0.00589744 -0.00734819 0.0138715 0.00670107 -0.0134321  0 0 0 0 0 0 0 0 1 0 0 0 0 0 0 0 0 0
FAM1906 D2007018482 -0.00187159 0.00199503 -0.00898409 0.00388751 -0.00760788 -0.00892785 0.0108773 -0.0207999 0.00100122 -0.00999918  0 0 0 0 0 0 1 0 0 0 0 0 0 0 0 0 0 0
FAM1907 D2007018483 -0.0150186 0.0121457 -0.0208479 0.00343217 -0.0322078 -0.00956943 0.0107146 -0.0809659 -0.0127162 -0.0599791  0 0 0 0 0 0 1 0 0 0 0 0 0 0 0 0 0 0
FAM1908 D2007018484 -0.0229288 -0.0277852 0.0357337 -0.0448619 0.00524252 0.0113975 0.00278578 0.012074 0.014327 -0.0225716  1 0 0 0 0 0 0 0 0 0 0 0 0 0 0 0 0 0
FAM1909 D2007018485 -0.00635754 0.0176283 -0.0122451 0.00275572 -0.0190466 -0.00506411 0.0157886 -0.0360552 -0.000174899 -0.0333492  0 0 0 0 0 0 1 0 0 0 0 0 0 0 0 0 0 0
FAM1910 D2007018486 -0.0204732 -0.00593343 0.0427945 -0.00784387 -0.0112545 0.0246015 -0.0279323 -0.00934658 -0.0465342 0.0326729  0 0 0 0 0 0 0 0 0 1 0 0 0 0 0 0 0 0
FAM1911 D2007018487 0.00261263 0.0139078 -0.00680092 -0.00985963 0.00106226 -0.0126549 0.00121135 0.00461185 -0.0075677 0.019134  0 0 0 0 0 0 0 0 0 0 0 0 0 0 0 0 0 0
FAM1912 D2007018489 -0.00436095 0.0160522 -0.00704653 -0.00578202 -0.012688 -0.00343299 0.00459997 -0.0332128 -0.01388 -0.0129178  0 0 0 0 0 0 1 0 0 0 0 0 0 0 0 0 0 0
FAM1913 D2007018490 -0.00454378 0.00819345 -0.0102402 -0.00891778 -0.010811 -0.0144152 0.00541734 -0.00477005 -0.000716451 0.00968547  0 0 1 0 0 0 0 0 0 0 0 0 0 0 0 0 0 0
FAM1914 D2007018491 -0.0130022 -0.00903839 0.0141661 -0.012394 -0.011773 0.00955316 -0.00337693 0.0145641 -0.00135308 0.00660482  0 0 0 0 0 0 0 0 0 0 0 0 0 0 0 0 0 0
FAM1915 D2007018492 -0.0140736 0.00281519 -0.00446968 -0.0070781 -0.0138258 -0.0115159 0.0126215 -0.0196064 0.00795655 -0.0134483  0 0 1 0 0 0 0 0 0 0 0 0 0 0 0 0 0 0
FAM1916 D2007018493 -0.0273229 -0.0272463 0.0356618 -0.047575 0.00227675 0.00159041 0.00135763 0.0122525 0.00922157 -0.0101923  0 0 0 0 0 0 0 0 1 0 0 0 0 0 0 0 0 0
FAM1917 D2007018494 -0.0150184 0.0148505 -0.0220862 0.00324639 -0.0315389 -0.0113462 0.0111755 -0.0814005 -0.0110801 -0.0657718  0 0 0 0 0 0 1 0 0 0 0 0 0 0 0 0 0 0
FAM1918 D2007018495 -0.0166036 0.0151261 -0.0122667 0.0242402 -0.0414833 0.0231094 0.0109448 -0.0077014 0.0037378 -0.0164266  0 0 0 0 0 1 0 0 0 0 0 0 0 0 0 0 0 0
FAM1919 D2007018497 -0.00380607 0.0541092 0.0306882 -0.0018631 0.0344829 0.0135004 -0.0282755 0.00359896 -0.0166831 0.0156237  0 0 0 0 0 0 0 0 0 0 0 0 0 0 0 0 0 1
FAM1920 D2007018498 -0.0185798 -0.00385506 0.0354914 -0.00259363 -0.0115893 0.0247038 -0.0185037 -0.00935041 -0.0480858 0.0416495  0 0 0 0 0 0 0 0 0 1 0 0 0 0 0 0 0 0
FAM1921 D2007018499 0.000273549 0.0317811 -0.00173923 -0.0164567 0.00519877 -0.00308707 0.00161861 -0.0109441 -0.00083372 -0.0089605  0 0 0 0 0 0 0 0 0 0 0 0 0 0 0 0 0 1
FAM1922 D2007018500 0.0072071 0.0200732 -0.00562854 -0.0119949 0.00932638 -0.00647663 0.00813153 0.00506978 -0.00304929 0.00894644  0 0 0 0 0 0 0 0 0 0 0 0 0 0 0 0 0 0
FAM1923 D2007018501 -0.014448 0.000311005 0.000521365 -0.000925063 -0.0149656 -0.00283206 0.0152864 -0.0173686 0.0106228 -0.0204981  0 0 0 0 0 0 1 0 0 0 0 0 0 0 0 0 0 0
FAM1924 D2007018502 0.000146141 0.00875561 0.00132325 -0.0090902 -0.00121204 -0.0059735 -0.00643359 0.000614864 -0.0176111 0.0232524  0 0 0 0 0 0 0 0 0 0 0 0 0 0 0 0 0 0
FAM1925 D2007018504 -0.00998122 -0.00155705 -0.00420088 -0.00077506 -0.00755846 -0.0111611 0.0140666 -0.0102793 -0.00176508 0.0161441  0 0 0 0 0 0 0 0 0 0 0 0 0 0 0 0 0 0
FAM1926 D2007018505 -0.0263909 -0.02664 0.0351597 -0.0390221 0.00535678 0.00971699 -0.015658 0.00847876 -0.00305859 -0.010667  0 0 0 0 0 0 0 0 1 0 0 0 0 0 0 0 0 0
FAM1927 D2007018506 -0.013572 0.0115278 -0.0198523 0.00714206 -0.0348426 -0.00743416 0.00876426 -0.0646253 -0.01142 -0.0475879  0 0 0 0 0 0 1 0 0 0 0 0 0 0 0 0 0 0
FAM1928 D2007018507 -0.0244722 -0.0244436 0.0258747 -0.0391704 0.00234819 -0.0100871 0.019933 0.0109882 0.0214307 -0.00458663  1 0 0 0 0 0 0 0 0 0 0 0 0 0 0 0 0 0
FAM1929 D2007018510 -0.000863765 0.0179402 -0.00651226 -0.00598936 -0.00685334 -0.00748329 0.00388816 0.00371332 0.00224442 0.0117533  0 0 0 0 0 0 0 0 0 0 0 0 0 0 0 0 0 0
FAM1930 D2007018511 -0.0017425 0.0190206 -0.0107694 -0.00224856 -0.0159661 -0.00426855 0.00838696 -0.0127722 -0.00310978 -0.00222204  0 0 0 0 0 0 0 0 0 0 0 0 0 0 0 0 0 0
FAM1931 D2007018512 0.00979442 0.0179495 -0.00828655 -0.00629776 -0.00600559 -0.00581081 0.00504157 0.00683257 -0.00313083 0.00547394  0 0 0 0 0 0 0 0 0 0 0 0 0 0 0 0 0 0
FAM1932 D2007018513 -0.00516884 0.00708087 -0.012336 -0.00286083 -0.0174724 -0.00981694 0.000392528 0.00845872 0.00477037 0.0069635  0 0 0 0 0 0 0 0 0 0 0 0 0 0 0 0 0 0
FAM1933 D2007018515 0.00515534 0.00861343 -0.0060516 -0.00780255 -0.00411861 -0.00958844 0.000810305 0.00617521 -0.00698563 0.0170451  0 0 0 0 0 0 0 0 0 0 0 0 0 0 0 0 0 0
FAM1934 D2007018516 0.00770172 0.0123005 -0.00683445 -0.00889303 -0.000290437 -0.0122653 0.00581282 0.00146049 -0.000187845 0.0125383  0 0 0 0 0 0 0 0 0 0 0 0 0 0 0 0 1 0
FAM1935 D2007018517 -0.0229845 -0.0174761 -0.0432101 0.00970308 0.0297533 -0.0107007 -0.0445438 -0.00276732 -0.00642811 0.000136971  0 0 0 1 0 0 0 0 0 0 0 0 0 0 0 0 0 0
FAM1936 D2007018518 -0.0160205 0.0108957 -0.0175333 0.0252479 -0.043767 0.0338378 0.00125413 0.0169213 0.0120411 -0.0102356  0 0 0 0 0 1 0 0 0 0 0 0 0 0 0 0 0 0
FAM1937 D2007018519 -0.0232477 -0.0144107 -0.0499214 0.0126367 0.0227056 -0.011252 -0.0521535 -0.0145175 -0.0113527 -0.011709  0 0 0 1 0 0 0 0 0 0 0 0 0 0 0 0 0 0
FAM1938 D2007018520 -0.00997443 0.00599694 -0.0137123 -0.00138503 -0.0180758 -0.0132916 0.00884123 -0.0267411 -0.000236873 -0.0127562  0 0 0 0 0 1 0 0 0 0 0 0 0 0 0 0 0 0
FAM1939 D2008020791 0.00528814 -0.00400177 -0.0149341 0.00540564 0.0104406 -0.0134619 -0.00872904 0.0110915 -0.00524289 0.00374735  0 0 0 0 0 0 0 0 0 0 0 0 0 0 0 0 1 0
FAM1940 D2008020792 0.00989505 -0.0076014 -0.0042263 0.00942704 0.00926622 0.00583455 0.0036541 0.00487586 -0.0120125 0.00480195  0 0 0 0 0 0 0 0 0 0 0 0 1 0 0 0 0 0
FAM1941 D2008020793 0.000375247 0.00143424 0.0212269 0.017574 0.00486151 -0.00605709 -0.000133499 0.00250968 0.00933865 -0.00157379  0 0 0 0 0 0 0 1 0 0 0 0 0 0 0 0 0 0
FAM1942 D2008020794 -0.00403729 0.0045879 -0.00604162 0.00517655 -0.0158017 -0.00686447 0.00213669 -0.00379334 -0.00324295 0.00060367  0 0 0 0 0 0 0 0 0 0 0 0 0 0 0 0 0 0
FAM1943 D2008020795 -0.0020914 0.0100045 0.0498537 0.061584 0.0176213 -0.0373925 -0.0187425 0.00176444 0.0374397 0.00158192  0 0 0 0 0 0 0 1 0 0 0 0 0 0 0 0 0 0
FAM1944 D2008020797 0.0235607 -0.00801701 0.0049879 0.00673095 0.00268843 -0.00926934 -0.000358757 0.014962 -0.00950844 -0.0232521  0 0 0 0 0 0 0 0 0 0 0 0 0 0 0 1 0 0
FAM1945 D2008020798 0.00962104 -0.00187983 -0.00293912 -0.00582636 0.00136766 -0.00641769 0.00800494 0.00333691 -0.00430814 0.00237823  0 0 0 0 0 0 0 0 0 0 0 0 0 0 0 0 1 0
FAM1946 D2008020799 -0.00996844 0.0202322 0.0212416 -0.0327474 0.0202244 0.00223594 -0.0129457 0.0115596 0.0109253 -0.00693549  0 0 0 0 0 0 0 0 0 0 0 0 0 0 0 0 0 1
FAM1947 D2008020800 -0.00486716 0.00560852 -0.0159561 -0.0107101 -0.0151838 -0.0327621 0.0210032 -0.0063661 0.00710176 0.043582  0 0 1 0 0 0 0 0 0 0 0 0 0 0 0 0 0 0
FAM1948 D2008020801 0.00031196 0.0109471 -0.0162513 -0.00947494 -0.0148141 -0.0373081 0.0234861 -0.00178569 0.00498294 0.0514155  0 1 0 0 0 0 0 0 0 0 0 0 0 0 0 0 0 0
FAM1949 D2008020802 0.0184794 -0.00348941 0.00149538 0.00129409 -0.000156059 -0.00587235 0.000324822 0.0128373 -0.0130033 -0.0112905  0 0 0 0 0 0 0 0 0 0 0 0 0 0 0 1 0 0
FAM1950 D2008020803 -0.0203279 -0.0132915 0.00120876 0.0025674 0.0120205 0.00433298 0.00796185 -0.00137866 0.000225174 -0.00842987  0 0 0 0 0 0 0 0 0 0 0 0 0 0 0 0 0 0
FAM1951 D2008020804 -0.00294497 0.00490407 0.0198831 0.0121528 -0.00378033 0.0106484 -0.0114649 -0.00422849 -0.0288371 0.0191967  0 0 0 0 0 0 0 0 0 1 0 0 0 0 0 0 0 0
FAM1952 D2008020805 0.000883469 0.00836868 -0.0150729 -0.00758337 -0.0103294 -0.0137161 -0.000419362 0.00760078 0.0016953 0.0131169  0 0 0 0 0 0 0 0 0 0 0 0 0 0 0 0 0 0
FAM1953 D2008020806 -0.00813455 -0.0018014 0.0209372 0.0169077 0.00959647 -0.021656 0.012577 -0.00903468 0.0200878 -0.01971  0 0 0 0 0 0 0 1 0 0 0 0 0 0 0 0 0 0
FAM1954 D2008020807 0.0165652 -0.000696181 -0.00115143 0.00279893 0.000283026 -0.00370653 0.00467626 0.00983557 -0.00775856 -0.0091039  0 0 0 0 0 0 0 0 0 0 0 0 0 0 0 1 0 0
FAM1955 D2008020808 -0.0178362 0.0235285 -0.0136005 0.0309474 -0.0684671 0.0449847 0.000574122 0.000279544 0.0148064 -0.0409124  0 0 0 0 0 1 0 0 0 0 0 0 0 0 0 0 0 0
FAM1956 D2008020809 0.00910639 -0.00586942 0.0175994 0.000129774 -0.000527201 0.017139 -0.0150576 -0.011021 -0.033155 0.0260586  0 0 0 0 0 0 0 0 0 1 0 0 0 0 0 0 0 0
FAM1957 D2008020810 -0.00917575 0.0221767 -0.00679069 0.0197069 -0.0451009 0.034129 0.00414101 0.0447485 0.0219953 0.0102201  0 0 0 0 0 1 0 0 0 0 0 0 0 0 0 0 0 0
FAM1958 D2008020811 0.0225396 -0.00716844 -0.000172916 1.23953e-05 0.000626841 0.000219949 0.00149931 0.00895959 -0.0086097 -0.00407618  0 0 0 0 0 0 0 0 0 0 0 0 0 0 0 0 1 0
FAM1959 D2008020812 -0.00979478 0.000516316 0.0343208 0.0148496 0.000474118 -0.00658823 -0.0221516 0.000240232 -0.000105668 0.0119295  0 0 0 0 0 0 0 0 0 1 0 0 0 0 0 0 0 0
FAM1960 D2008020813 -0.0214601 0.0028256 0.0431396 -0.000750012 -0.0100751 0.0296226 -0.0263836 -0.0281595 -0.0679701 0.0481447  0 0 0 0 0 0 0 0 0 1 0 0 0 0 0 0 0 0
FAM1961 D2008020814 0.0109165 -0.00382526 -0.00576635 -0.00509292 -0.00588168 -0.0102189 0.00158679 0.00929399 -0.00689159 0.00317386  0 0 0 0 0 0 0 0 0 0 0 0 0 0 0 0 1 0
FAM1962 D2008020815 -0.0085477 0.00742318 0.0367131 0.0222726 -0.00795251 0.0190513 -0.0237624 -0.0184947 -0.0607299 0.0476036  0 0 0 0 0 0 0 0 0 1 0 0 0 0 0 0 0 0
FAM1963 D2008021941 -0.00779802 0.00491944 -0.0109788 -0.00208217 -0.0127034 -0.016256 -0.00240177 -0.0182237 -0.0105906 0.0176729  0 0 0 0 0 0 0 0 0 0 0 0 0 0 0 0 0 0
FAM1964 D2008022464 0.0117895 -0.00271352 -0.00440252 -0.00111934 0.00231297 -0.00440378 0.00893363 0.0054524 -0.0089742 0.000439463  0 0 0 0 0 0 0 0 0 0 0 0 0 0 0 0 1 0
FAM1965 D2008022466 0.0155669 0.031109 -0.00664725 -0.0182233 0.0131458 -0.00595649 0.00680652 0.00879687 -0.00498993 0.00782916  0 0 0 0 0 0 0 0 0 0 0 0 0 0 0 0 0 0
FAM1966 D2008022469 -0.00302048 0.00337188 -0.0112132 -0.00617916 -0.0102109 -0.0266447 0.0120965 -0.00044494 0.00320278 0.0364437  0 1 0 0 0 0 0 0 0 0 0 0 0 0 0 0 0 0
FAM1967 D2008022473 -0.00551264 0.00624003 -0.0128265 -0.00814133 -0.017053 -0.0223556 0.0172445 -0.00278436 0.00334243 0.0310782  0 1 0 0 0 0 0 0 0 0 0 0 0 0 0 0 0 0
FAM1968 D2008022474 -0.00712743 0.000735755 0.00124081 0.0105603 0.00179789 -0.00596178 0.0136746 -0.00337833 0.00782565 0.000992577  0 0 0 0 0 0 0 0 0 0 0 0 0 0 0 0 0 0
FAM1969 D2008022477 -0.00489324 -0.00459687 0.00078222 0.00312998 0.00650657 -0.00439254 0.0163654 0.000613371 0.00106298 0.00216008  0 0 0 0 0 0 0 0 0 0 0 0 0 0 0 0 0 0
FAM1970 D2008022480 -0.0145706 -0.0115553 0.00513535 -0.0169351 -0.00660176 -0.00763776 0.00900506 0.00421551 0.0075202 0.00152766  0 0 1 0 0 0 0 0 0 0 0 0 0 0 0 0 0 0
FAM1971 D2008022483 -0.0022815 0.00274961 -0.00639433 -0.0045883 -0.0138916 -0.0128715 0.00393749 -0.00190484 -0.000826261 0.018847  0 0 1 0 0 0 0 0 0 0 0 0 0 0 0 0 0 0
FAM1972 D2008022484 0.0136937 -0.00227378 -0.000746677 -0.00382775 -0.00308224 -0.00471389 0.000261205 0.0080539 -0.00337514 -0.00562076  0 0 0 0 0 0 0 0 0 0 0 0 0 0 0 0 1 0
FAM1973 D2008022488 0.0101126 -0.00149821 -0.00325434 -0.00374045 -0.00644188 -0.0101571 0.0047097 -0.00297039 -0.006673 -0.00716533  0 0 0 0 0 0 0 0 0 0 0 0 0 0 0 0 1 0
FAM1974 D2008022489 0.0100953 -0.00111862 -0.00146248 -0.00208937 -0.00550597 -0.0111937 0.00237461 -0.00345453 -0.00494309 -0.00809567  0 0 0 0 0 0 0 0 0 0 0 0 0 0 0 0 1 0
FAM1975 D2008022490 0.00832955 9.12381e-05 -0.00601538 -0.00442277 -0.00672941 -0.0113531 0.00619753 -0.00654726 -0.0062148 -0.00449099  0 0 0 0 0 0 0 0 0 0 0 0 0 0 0 0 1 0
FAM1976 D2008022492 0.0104136 -0.00114332 -0.00354549 -0.00317999 -0.00641506 -0.0102407 0.00452535 -0.00313782 -0.00669091 -0.00706438  0 0 0 0 0 0 0 0 0 0 0 0 0 0 0 0 1 0
FAM1977 D2008022494 0.00996517 0.00140508 -0.00863646 -0.00270412 -0.00757307 -0.010561 0.00621178 -0.00453223 -0.00473964 -0.00496534  0 0 0 0 0 0 0 0 0 0 0 0 0 0 0 0 1 0
FAM1978 D2008022495 0.00144691 -0.000611983 -0.00843328 -0.00143516 -0.0104528 0.00497992 0.00730928 0.0151059 0.00358677 -0.00819525  0 0 1 0 0 0 0 0 0 0 0 0 0 0 0 0 0 0
FAM1979 D2008022497 -0.00557093 -0.00146902 -0.0102332 -0.00426045 -0.0118069 -0.018072 -0.0017007 -0.00119029 0.00303146 0.010518  0 0 0 0 0 1 0 0 0 0 0 0 0 0 0 0 0 0
FAM1980 D2008022505 -0.0105085 0.0155464 -0.0122294 0.0341842 -0.0612773 0.0593499 -0.00390717 0.0614478 0.0250972 -0.00104123  0 0 0 0 0 1 0 0 0 0 0 0 0 0 0 0 0 0
FAM1981 D2008022507 -0.000962955 0.00870726 -0.0151164 -0.00797479 -0.0123974 -0.0325512 0.022796 -0.00307947 0.00430062 0.0430973  0 1 0 0 0 0 0 0 0 0 0 0 0 0 0 0 0 0
FAM1982 D2008022509 -0.0128757 0.00435693 -0.00952179 -0.00610673 -0.00108702 -0.00771415 0.00323347 -0.0277931 0.00378902 -0.0312061  0 0 0 0 0 0 1 0 0 0 0 0 0 0 0 0 0 0
FAM1983 D2008022511 0.00176266 0.0047264 -0.00891091 -0.00206108 -0.00697552 -0.0140894 0.00410856 0.00401533 0.00251232 0.0192882  0 0 0 0 0 0 0 0 0 0 0 0 0 0 0 0 1 0
FAM1984 MO17 -0.0198745 0.0206894 -0.0183781 0.0397706 -0.0813641 0.0737307 -0.0101043 0.0816751 0.0363411 3.35814e-06  0 0 0 0 0 1 0 0 0 0 0 0 0 0 0 0 0 0
FAM1985 Y20070000050094 -0.00724122 0.00822369 0.01518 0.0151555 -0.012003 0.0120581 -0.0190058 -0.0127312 -0.0522338 0.0537924  0 0 0 0 0 0 0 0 0 1 0 0 0 0 0 0 0 0
FAM1986 Y20070000050095 -0.023041 -0.0179778 -0.0052036 -0.00414162 0.0101768 -0.00505125 -0.0154847 0.00503098 0.0145336 -0.0110019  0 0 0 0 1 0 0 0 0 0 0 0 0 0 0 0 0 0
FAM1987 Y20070000050096 -0.0077101 0.00677874 0.0347333 0.0317683 0.00713128 -0.014063 -0.00276814 -0.00951189 0.0126368 -0.0169973  0 0 0 0 0 0 0 0 0 0 0 0 0 0 0 0 0 0
FAM1988 Y20070000050097 -0.0113868 0.000147107 0.0266609 0.0186316 0.00340724 -0.00964839 0.00941158 0.000660535 0.0191816 -0.015855  0 0 0 0 0 0 0 1 0 0 0 0 0 0 0 0 0 0
FAM1989 Y20070000050099 -0.00881254 -0.00397487 0.00617425 0.0105196 0.00384497 0.0011521 0.0119386 0.000455982 -0.00472203 0.00921337  0 0 0 0 0 0 0 0 0 0 0 0 0 0 0 0 0 0
FAM1990 Y20070000050100 -0.0146565 -0.00174666 0.0571535 0.014129 0.000570695 -0.00251045 -0.0322895 -0.00469989 -0.0091011 0.0147708  0 0 0 0 0 0 0 0 0 1 0 0 0 0 0 0 0 0
FAM1991 Y20070000050101 0.00250165 0.0619651 0.00391794 -0.0136755 0.031903 -0.00254266 -0.0041498 0.00766492 0.0159332 -0.00682666  0 0 0 0 0 0 0 0 0 0 0 0 0 0 0 0 0 1
FAM1992 Y20070000050102 -0.00548575 0.0413108 0.022792 0.015181 0.0201155 0.000846844 -0.0156945 0.0145449 0.0252767 0.0014051  0 0 0 0 0 0 0 0 0 0 0 0 0 0 0 0 0 1
FAM1993 Y20070000050104 0.00244073 0.0502859 0.00574108 -0.0212306 0.0248457 0.010051 -0.0122602 0.00021781 -0.0125746 0.0094627  0 0 0 0 0 0 0 0 0 0 0 0 0 0 0 0 0 1
FAM1994 Y20070000050105 -0.0108013 -0.0093796 -0.00988913 0.00113876 0.0097137 -0.00900347 -0.00227287 -0.00180961 0.00206226 -0.000413676  0 0 0 0 0 0 0 0 0 0 0 0 0 0 0 0 0 0
FAM1995 Y20070000050106 -0.00111256 0.0150889 0.0543662 0.0690095 0.0231022 -0.0424163 -0.0159216 0.00214076 0.0396527 0.00635977  0 0 0 0 0 0 0 1 0 0 0 0 0 0 0 0 0 0
FAM1996 Y20070000050107 -0.020784 -0.00702852 0.0357664 0.00425852 -0.00719641 0.0113285 -0.0118408 0.00341493 0.0057637 -0.0194899  1 0 0 0 0 0 0 0 0 0 0 0 0 0 0 0 0 0
FAM1997 Y20070000050108 -0.00873731 -0.00394796 0.00636594 0.0105376 0.00388465 0.00114691 0.0116569 0.000452144 -0.00482229 0.00931512  0 0 0 0 0 0 0 0 0 0 0 0 0 0 0 0 0 0
FAM1998 Y20070000050109 -0.00724248 0.00736253 0.0248234 0.0147418 -0.0116457 0.0146852 -0.0121543 -0.0200374 -0.0486866 0.0267445  0 0 0 0 0 0 0 0 0 1 0 0 0 0 0 0 0 0
FAM1999 Y20070000050110 -0.00987203 0.00506308 0.0322769 0.0118045 -0.00803668 0.0177546 -0.018086 -0.0200113 -0.0591173 0.0522793  0 0 0 0 0 0 0 0 0 1 0 0 0 0 0 0 0 0
FAM2000 Y20070000050111 -0.00720656 0.0382141 0.0186069 -0.016748 0.0128713 0.0139945 -0.0222384 -0.0134615 -0.0341355 0.0221071  0 0 0 0 0 0 0 0 0 0 0 0 0 0 0 0 0 1
FAM2001 Y20070000050112 -0.00203039 0.00652814 0.0376683 0.055982 0.0254842 -0.0366972 0.00183539 -0.000364998 0.03651 -0.00014088  0 0 0 0 0 0 0 1 0 0 0 0 0 0 0 0 0 0
FAM2002 Y20070000050113 -0.00491699 0.0169505 0.0336496 0.017389 0.0113419 -0.0121323 -0.0102346 -0.00178746 0.0174039 -0.021304  0 0 0 0 0 0 0 0 0 0 0 0 0 0 0 0 0 0
FAM2003 Y20070000050114 -0.00610782 0.00804088 0.0322189 0.0105854 0.0050642 -0.00900369 -0.00679299 -0.00499064 0.0110627 -0.026406  0 0 0 0 0 0 0 0 0 0 0 0 0 0 0 0 0 0
FAM2004 Y20070000050115 -0.00691784 0.0449429 -0.00208365 -0.0125301 0.00073886 0.0142857 0.00744397 0.0234611 0.0213595 -0.000687866  0 0 0 0 0 0 0 0 0 0 0 0 0 0 0 0 0 1
FAM2005 Y20070000050116 -0.0059136 -0.00213214 0.0280844 0.0068949 0.000657495 -0.00851412 -0.000678425 -0.0129808 -0.00187433 -0.0265551  0 0 0 0 0 0 0 0 0 0 0 0 0 0 0 0 0 0
FAM2006 Y20070000050117 -0.000488026 0.0522913 0.0169641 0.00681645 0.0282137 -0.018464 -0.00750876 0.0114686 0.0356742 -0.00232917  0 0 0 0 0 0 0 0 0 0 0 0 0 0 0 0 0 1
FAM2007 Y20070000050118 -0.0213436 -0.0222038 0.0314258 -0.0351486 -0.00187397 0.00971128 -0.00919719 0.0074444 -0.00107136 -0.0140258  0 0 0 0 0 0 0 0 1 0 0 0 0 0 0 0 0 0
FAM2008 Y20070000050119 -0.0290561 -0.023139 -0.000945765 0.00369896 0.0399095 0.0237295 0.0345651 0.00722392 -0.00887487 -0.000751137  0 0 0 0 1 0 0 0 0 0 0 0 0 0 0 0 0 0
FAM2009 Y20070000050121 -0.000563681 0.0365699 0.00610785 0.0162956 0.00655452 -0.00253351 -0.000306425 -0.0132843 0.00606516 -0.0200274  0 0 0 0 0 0 1 0 0 0 0 0 0 0 0 0 0 0
FAM2010 Y20070000050122 -0.00243757 0.0197003 0.00279801 -0.0133757 0.0109611 -6.00379e-05 -0.00451035 -0.0040691 -0.00744382 -0.00216549  0 0 0 0 0 0 0 0 0 0 0 0 0 0 0 0 0 0
FAM2011 Y20070000050123 -0.00332104 0.00711622 0.0031467 -0.00710175 0.000208012 -0.00388902 -0.00400038 -0.00187953 -0.00973156 0.00508161  0 0 0 0 0 0 0 0 0 0 0 0 0 0 0 0 0 0
FAM2012 Y20070000050125 -0.0190753 -0.00816313 0.0243863 0.0196945 0.0209528 0.00403322 0.0173836 0.00499051 0.010032 -0.00485651  0 0 0 0 1 0 0 0 0 0 0 0 0 0 0 0 0 0
FAM2013 Y20070000050126 -0.00964709 0.01532 0.00616332 0.00455463 -0.0172441 0.00426493 0.0078298 -0.00993383 0.00359953 -0.0164052  0 0 0 0 0 1 0 0 0 0 0 0 0 0 0 0 0 0
FAM2014 Y20070000050130 -0.024253 -0.0139386 0.00135125 -0.0128863 0.000458263 0.00759288 -0.00626665 -0.00880035 -0.0067425 -0.00823487  0 0 0 1 0 0 0 0 0 0 0 0 0 0 0 0 0 0
FAM2015 Y20070000050131 -0.00553505 0.043302 -0.00809118 -0.0127058 0.0105426 0.0130983 -0.00208982 0.0169869 0.0152648 0.00241171  0 0 0 0 0 0 0 0 0 0 0 0 0 0 0 0 0 1
FAM2016 Y20070000050133 0.00496952 0.01304 -0.00752669 -0.0105647 -0.000765831 -0.0126184 0.00815719 0.00339744 -0.00106961 0.0121376  0 0 0 0 0 0 0 0 0 0 0 0 0 0 0 0 0 0
FAM2017 Y20070000050134 -0.000273956 0.0682437 -0.0129308 -0.0253923 0.0192682 0.00587271 -0.00334332 -0.0306558 -0.00117293 -0.0352951  0 0 0 0 0 0 0 0 0 0 0 0 0 0 0 0 0 1
FAM2018 Y20070000050135 -0.00217541 0.0339304 0.0351921 0.0317998 0.0226414 -0.0181623 -0.0159202 0.00332719 0.0279438 -0.011562  0 0 0 0 0 0 0 1 0 0 0 0 0 0 0 0 0 0
FAM2019 Y20070000050138 0.00211627 0.0637123 -0.000775012 -0.0322108 0.0361641 0.00509884 0.000452739 0.00583271 0.0112603 -0.003072  0 0 0 0 0 0 0 0 0 0 0 0 0 0 0 0 0 1
FAM2020 Y20070000050139 0.0025478 0.0646435 -0.00133719 -0.0319356 0.0364967 0.00516575 0.000687305 0.00606383 0.0111179 -0.00280419  0 0 0 0 0 0 0 0 0 0 0 0 0 0 0 0 0 1
FAM2021 Y20070000050140 -0.0118212 0.0369987 0.000617152 -0.00503751 0.00242729 0.0237838 -0.00245629 -0.0399303 -0.0389951 -0.0036135  0 0 0 0 0 0 0 0 0 1 0 0 0 0 0 0 0 0
FAM2022 Y20070000050142 -0.0240068 -0.0111165 0.0487888 -0.0191408 -0.00842099 0.019393 -0.0321195 -0.00385032 -0.0298164 0.0189363  0 0 0 0 0 0 0 0 0 1 0 0 0 0 0 0 0 0
FAM2023 Y20070000050143 -0.0256554 -0.0204678 0.0439464 -0.0323635 -0.00631937 0.0200949 -0.0244881 0.00453998 -0.0174698 0.00365229  0 0 0 0 0 0 0 0 0 1 0 0 0 0 0 0 0 0
FAM2024 Y20070000050145 -0.0167723 0.00580672 0.0392555 0.0121306 -0.0155138 0.0299243 -0.0388316 -0.0225614 -0.077121 0.0662168  0 0 0 0 0 0 0 0 0 1 0 0 0 0 0 0 0 0
FAM2025 Y20070000050146 -0.00718011 0.0167802 -0.00559846 0.00316647 -0.0207977 0.00169876 0.00719934 -0.000741876 0.00946741 -0.0115364  0 0 0 0 0 1 0 0 0 0 0 0 0 0 0 0 0 0
FAM2026 Y20070000050149 -0.0248408 -0.0142026 0.0415034 -0.020622 -0.0137012 0.028264 -0.0303387 0.0102867 -0.017889 0.00523815  0 0 0 0 0 0 0 0 0 1 0 0 0 0 0 0 0 0
FAM2027 Y20070000050150 -0.0194942 -0.00267291 0.0463713 -0.00146032 -0.0085326 0.026012 -0.0345259 -0.0187032 -0.0671958 0.0502806  0 0 0 0 0 0 0 0 0 1 0 0 0 0 0 0 0 0
FAM2028 Y20070000050151 -0.0163745 0.0066841 0.0388439 0.0120807 -0.0150459 0.0298866 -0.0387878 -0.0225859 -0.0774388 0.0667567  0 0 0 0 0 0 0 0 0 1 0 0 0 0 0 0 0 0
FAM2029 Y20070000050152 0.016426 0.0281921 -0.00618571 -0.0166076 0.0124212 -0.00758321 0.00727806 0.00891846 -0.0049006 0.011345  0 0 0 0 0 0 0 0 0 0 0 0 0 0 0 0 0 0
FAM2030 Y20070000050153 0.00234915 0.0135446 -0.0101362 -0.0100662 -0.00367185 -0.00824361 0.00396074 0.00964854 0.000656406 0.0143975  0 0 0 0 0 0 0 0 0 0 0 0 0 0 0 0 0 0
FAM2031 Y20070000050154 -0.00542036 0.00362373 -0.00837658 -0.00517484 -0.007687 -0.0196799 -0.000886192 -0.00404009 0.00562565 0.00909264  0 0 0 0 0 0 0 0 0 0 0 0 0 0 0 0 0 0
FAM2032 Y20070000050155 -0.0223847 -0.00813477 0.0455007 -0.0236412 -0.00615446 0.0227155 -0.0320659 -0.00151232 -0.0301386 0.0145474  0 0 0 0 0 0 0 0 0 1 0 0 0 0 0 0 0 0
FAM2033 Y20070000050156 -0.000241042 0.013684 -0.00725229 0.00841166 -0.0215218 0.0146198 0.00243416 0.0151621 0.00336938 -0.0070126  0 0 0 0 0 0 0 0 0 0 0 0 0 0 0 0 1 0
FAM2034 Y20070000050157 -0.0160502 -0.013006 0.00746111 -0.00893483 0.00948204 0.000295016 0.0327262 0.0166071 0.0206858 -0.00985229  0 0 0 0 1 0 0 0 0 0 0 0 0 0 0 0 0 0
FAM2035 Y20070000050158 0.00573575 0.0112517 0.0547354 0.0685552 0.0230842 -0.0461002 -0.0153259 0.00622469 0.0383343 -0.0040998  0 0 0 0 0 0 0 1 0 0 0 0 0 0 0 0 0 0
FAM2036 Y20070000050159 -1.4755e-05 0.000938978 0.0217081 0.0168975 0.00490804 -0.00589239 -0.000455282 0.00240736 0.00950758 -0.00179024  0 0 0 0 0 0 0 1 0 0 0 0 0 0 0 0 0 0
FAM2037 Y20070000050160 -0.00802184 0.0498644 0.0152168 -0.0302878 0.025281 0.0231818 -0.016777 0.000433844 -0.013631 0.00210708  0 0 0 0 0 0 0 0 0 0 0 0 0 0 0 0 0 1
FAM2038 Y20070000050161 0.00987641 0.0200383 -0.0053457 -0.0155598 0.00900665 -0.00588566 0.00069003 0.00907339 -0.00273106 0.00603263  0 0 0 0 0 0 0 0 0 0 0 0 0 0 0 0 0 0
FAM2039 Y20070000050162 -0.0105668 0.00818678 0.0240466 0.00592704 -0.0161921 0.0219482 -0.0266494 -0.00110588 -0.0405707 0.042029  0 0 0 0 0 0 0 0 0 1 0 0 0 0 0 0 0 0
FAM2040 Y20070000050163 -2.5994e-05 0.00677712 0.0394791 0.0444385 0.0114162 -0.0202268 -0.0135881 0.00281534 0.0183666 -0.00583268  0 0 0 0 0 0 0 1 0 0 0 0 0 0 0 0 0 0
FAM2041 Y20070000050165 -0.00513768 0.00211288 0.0291928 0.00813437 -0.000591571 -0.00786806 -0.00166123 -0.00840076 0.00498382 -0.0305285  0 0 0 0 0 0 0 0 0 0 0 0 0 0 0 0 0 0
FAM2042 Y20070000050167 0.0186525 -0.000100621 0.000845718 -0.000837201 0.00467887 -0.0063086 0.00248004 0.0128678 -0.0131737 -0.0091571  0 0 0 0 0 0 0 0 0 0 0 0 0 0 0 0 1 0
FAM2043 Y20070000050169 -0.0104165 0.00791339 0.0243637 0.00552928 -0.0158126 0.0219052 -0.0265302 -0.0012973 -0.0404125 0.0417779  0 0 0 0 0 0 0 0 0 1 0 0 0 0 0 0 0 0
FAM2044 Y20070000050172 -0.0241688 -0.0134862 0.000478185 -0.00238521 0.00976403 0.0097151 0.0147858 0.000398032 0.00076954 -0.00453196  0 0 0 0 0 0 0 0 0 0 0 0 0 0 0 0 0 0
FAM2045 Y20070000050173 -0.0255603 -0.0149471 0.00172445 -0.0122299 0.000825543 0.00710852 -0.0210329 -0.00606744 -0.00147827 -0.0219409  0 0 0 0 0 0 0 0 1 0 0 0 0 0 0 0 0 0
FAM2046 Y20070000050174 -0.00657135 0.0446868 -0.000644596 -0.0182933 0.00590103 0.00776175 0.00531028 0.0207987 0.0224197 0.000839901  0 0 0 0 0 0 0 0 0 0 0 0 0 0 0 0 0 1
FAM2047 Y20070000050175 0.00589677 0.0680997 0.0233051 0.00668706 0.0500428 -0.0158717 -0.0179623 0.0130496 0.0308743 -0.00656788  0 0 0 0 0 0 0 0 0 0 0 0 0 0 0 0 0 1
FAM2048 Y20070000050177 -0.0261913 -0.028281 0.0398623 -0.0480758 0.00104425 0.0063504 -0.00727026 0.00907494 0.00278857 -0.0128152  0 0 0 0 0 0 0 0 1 0 0 0 0 0 0 0 0 0
FAM2049 Y20070000050178 -0.0184943 -0.00666399 -0.0182163 0.0022946 0.00624443 9.37651e-05 0.000769117 -0.00416106 -0.00176054 -0.00175475  0 0 0 0 0 0 0 0 0 0 0 0 0 0 0 0 0 0
FAM2050 Y20070000050179 -0.00174492 0.0453045 0.0118413 -0.0161811 0.0165065 0.0121249 -0.0149245 -0.0129594 -0.0288181 0.0150392  0 0 0 0 0 0 0 0 0 0 0 0 0 0 0 0 0 1
FAM2051 Y20070000050180 -0.0228258 0.000921472 0.0155398 0.00527332 -0.04655 0.0510618 -0.00913729 0.0486847 0.0188106 -0.00407889  0 0 0 0 0 1 0 0 0 0 0 0 0 0 0 0 0 0
FAM2052 Y20070000050181 -0.0011773 0.0145423 0.0197635 0.0271913 0.00477735 -0.00386555 -0.00878816 -0.00879192 -0.0107433 0.0073909  0 0 0 0 0 0 0 1 0 0 0 0 0 0 0 0 0 0
FAM2053 Y20070000050182 -0.0103989 0.0157201 0.00720283 0.029613 -0.0115725 0.00322012 0.0114257 -0.0300442 -0.00103721 -0.0241847  0 0 0 0 0 0 0 1 0 0 0 0 0 0 0 0 0 0
FAM2054 Y20070000050183 -0.00374895 0.00517161 -0.000993634 -0.00812972 -0.00824844 -0.0131613 0.0106554 -0.0060767 -0.00122683 0.01264  0 0 0 0 0 0 0 0 0 0 0 0 0 0 0 0 0 0
FAM2055 Y20070000050184 -0.0229389 -0.00930376 0.00863512 -0.00673609 0.0120199 0.0102938 0.025433 -0.00555656 0.0024773 -0.0149593  0 0 0 0 1 0 0 0 0 0 0 0 0 0 0 0 0 0
FAM2056 Y20070000050185 -0.0173389 0.0149412 -0.0138471 0.0308727 -0.0539242 0.045214 0.00186771 0.0424822 0.0212468 -0.00409676  0 0 0 0 0 1 0 0 0 0 0 0 0 0 0 0 0 0
FAM2057 Y20070000050186 -0.0120357 -0.0046211 -0.0124687 -0.00630377 -0.00945828 -0.0187643 -0.00940713 0.00349996 0.0101942 0.00879635  0 0 0 0 0 0 0 0 0 0 0 0 0 0 0 0 0 0
FAM2058 Y20070000050187 -0.0201546 -0.00719706 0.0302593 -0.00583561 -0.0138321 0.0219663 -0.0219555 0.00238773 -0.0329551 0.0296447  0 0 0 0 0 0 0 0 0 1 0 0 0 0 0 0 0 0
FAM2059 Y20070000050188 -0.0108807 0.0266296 0.0319645 -0.0211457 0.0322591 0.00450454 -0.0159377 0.00381706 0.0143374 -0.032724  0 0 0 0 0 0 0 1 0 0 0 0 0 0 0 0 0 0
FAM2060 Y20070000050190 -0.0208029 -0.0216377 0.0276751 -0.0348119 -0.00131833 0.00471697 -0.00664301 0.00846244 0.00593911 -0.0174168  0 0 0 0 0 0 0 0 1 0 0 0 0 0 0 0 0 0
FAM2061 Y20070000050191 -0.0272511 -0.0214578 -0.029512 0.00674624 0.0280343 -0.0165156 -0.0612659 0.0140324 0.00925764 0.000465334  0 0 0 1 0 0 0 0 0 0 0 0 0 0 0 0 0 0
FAM2062 Y20070000050192 -0.020223 -0.0158783 0.0158731 -0.029874 -0.00462635 -0.0115878 0.00783671 0.00494363 0.0110115 0.0114097  1 0 0 0 0 0 0 0 0 0 0 0 0 0 0 0 0 0
FAM2063 Y20070000050195 -0.0112491 0.0132713 -0.0171156 0.0301654 -0.0679905 0.0623681 -0.0030996 0.0666304 0.0283415 -0.00233613  0 0 0 0 0 1 0 0 0 0 0 0 0 0 0 0 0 0
FAM2064 Y20070000050197 -0.0146484 0.0123722 -0.0175878 0.00834063 -0.0297966 -0.00346856 0.0105646 -0.0516268 -0.00341799 -0.0376927  0 0 0 0 0 0 1 0 0 0 0 0 0 0 0 0 0 0
FAM2065 Y20070000050199 -0.022753 -0.0238666 0.0309937 -0.0397435 -0.0034015 0.006381 -0.0136376 0.0116037 0.00436252 -0.00935897  0 0 0 0 0 0 0 0 1 0 0 0 0 0 0 0 0 0
FAM2066 Y20070000050200 -0.0208157 -0.011532 -0.0265703 0.0192745 0.0142992 -0.000889123 -0.0163238 0.0133644 0.00163876 0.00702845  0 0 0 0 0 0 0 0 0 0 0 0 0 0 0 0 0 0
FAM2067 Y20070000050201 -0.0287258 -0.0231732 0.0344772 -0.0305778 0.00793086 0.0126797 0.0232458 0.00839398 0.0196214 -0.0272131  1 0 0 0 0 0 0 0 0 0 0 0 0 0 0 0 0 0
FAM2068 Y20070000050203 -0.0191353 0.000860041 -0.0214556 0.0193299 -0.00408053 0.00105257 -0.00539656 -0.0289913 -0.00768824 -0.0193002  0 0 0 0 0 0 0 0 0 0 0 0 0 0 0 0 0 0
FAM2069 Y20070000050205 -0.00755123 -0.00462923 -0.00295934 0.00329661 0.00238611 -0.0135979 0.0152994 0.00519375 0.00956647 0.0133794  0 0 1 0 0 0 0 0 0 0 0 0 0 0 0 0 0 0
FAM2070 Y20070000050207 -0.00569618 0.000608828 -0.00829192 -0.00687003 -0.00973143 -0.0236485 0.00816602 -0.00196436 0.0069349 0.0229479  0 0 1 0 0 0 0 0 0 0 0 0 0 0 0 0 0 0
FAM2071 Y20070000050209 -0.00785345 0.00411909 0.0178357 0.00760925 -0.00789626 0.00439529 -0.0132582 -0.0154383 -0.0386942 0.039736  0 0 0 0 0 0 0 0 0 1 0 0 0 0 0 0 0 0
FAM2072 Y20070000050210 -0.0184403 0.0191586 -0.0156892 0.0348041 -0.0761182 0.0632131 -0.00708519 0.0708826 0.0342427 -0.000457162  0 0 0 0 0 1 0 0 0 0 0 0 0 0 0 0 0 0
FAM2073 Y20070000050213 -0.0094178 -0.00166363 -0.00852258 -0.00128144 -0.0155447 -0.00411195 0.0127396 -0.00521958 0.00163505 0.00365324  0 0 1 0 0 0 0 0 0 0 0 0 0 0 0 0 0 0
FAM2074 Y20070000050214 -0.0198222 -0.0180664 0.0215293 -0.0299093 -0.00781039 0.00131949 -0.016144 0.0113123 0.00597031 -0.0064793  0 0 0 0 0 0 0 0 1 0 0 0 0 0 0 0 0 0
FAM2075 Y20070000050216 -0.00262503 0.0142117 -0.0127994 -0.00527989 -0.00737086 -0.00932026 0.00704396 -0.0125139 -0.00449584 0.0040081  0 0 1 0 0 0 0 0 0 0 0 0 0 0 0 0 0 0
FAM2076 Y20070000050217 -0.00581951 0.00975413 -0.00485543 0.00532931 -0.0190623 0.00165217 0.000842484 0.014982 0.012051 0.00200954  0 0 0 0 0 1 0 0 0 0 0 0 0 0 0 0 0 0
FAM2077 Y20070000050219 -0.0212488 -0.0165612 0.0229452 -0.0286576 -0.00233596 -0.00182172 -0.00378104 0.00960169 0.00862497 -0.00552706  1 0 0 0 0 0 0 0 0 0 0 0 0 0 0 0 0 0
FAM2078 Y20070000050220 -0.0177414 -0.0151348 0.0131902 -0.0266873 -0.00157381 -0.0157257 0.0151996 0.00929349 0.0204073 0.00152343  1 0 0 0 0 0 0 0 0 0 0 0 0 0 0 0 0 0
FAM2079 Y20070000050222 -0.00924891 0.00357682 0.00148326 -0.00451544 -0.0075926 -0.0115088 0.0112083 -0.0148713 0.00384377 -0.0032434  0 0 0 0 0 0 0 0 0 0 0 0 0 0 0 0 0 0
FAM2080 Y20070000050223 -0.0065993 0.00316199 -0.00534857 0.0042672 -0.00982107 -0.0125916 0.0100295 -0.0232917 6.8669e-05 -0.0190178  0 0 0 0 0 0 1 0 0 0 0 0 0 0 0 0 0 0
FAM2081 Y20070000050224 -0.00027532 0.0329799 0.00259517 -0.0150387 0.00853303 0.00466381 -0.00982239 -0.0027901 -0.0150945 0.0102279  0 0 0 0 0 0 0 0 0 0 0 0 0 0 0 0 0 1
FAM2082 Y20070000050225 -0.0073362 0.023172 -0.013762 0.00295599 -0.0263808 0.0143428 0.00327702 -0.0108881 0.00045877 -0.0225233  0 0 0 0 0 0 1 0 0 0 0 0 0 0 0 0 0 0
FAM2083 Y20070000050228 -0.005714 0.00442893 0.0186015 0.00850763 -0.0086126 -0.00350987 0.00302568 -0.0181811 -0.00050388 -0.0341935  0 0 0 0 0 0 0 0 0 0 0 0 0 0 0 0 0 0
FAM2084 Y20070000050230 0.0190859 -0.00382567 0.00752879 0.0081832 0.0020754 -0.00940639 0.00161036 0.0132267 -0.014 -0.0189242  0 0 0 0 0 0 0 0 0 0 0 0 0 0 0 1 0 0
FAM2085 Y20070000050231 -0.00459927 0.0120271 0.0305573 0.0439048 0.00706612 -0.0297849 -0.00287718 -0.0148929 0.0269398 -0.0110571  0 0 0 0 0 0 0 1 0 0 0 0 0 0 0 0 0 0
FAM2086 Y20070000050232 -0.00248203 -0.00183064 0.0136673 0.00697938 -0.00200438 -0.01073 0.000487604 -0.000616051 0.00739269 -0.00819038  0 0 0 0 0 0 0 0 0 0 0 0 0 0 0 0 0 0
FAM2087 Y20070000050233 -0.00873639 0.0290556 0.023802 0.015121 0.00210329 0.0144138 -0.024279 0.0110898 -0.00343779 0.011023  0 0 0 0 0 0 0 0 0 0 0 0 0 0 0 0 0 1
FAM2088 Y20070000050234 -0.00867262 0.00864543 0.0389683 0.0201658 0.000656435 -0.000817163 -0.0258853 -0.0152204 -0.0248694 0.0254767  0 0 0 0 0 0 0 1 0 0 0 0 0 0 0 0 0 0
FAM2089 Y20070000050235 0.0222748 -0.00568962 0.00335357 0.00468912 0.00141875 -0.00864958 0.00139241 0.0147754 -0.0154041 -0.0199038  0 0 0 0 0 0 0 0 0 0 0 0 0 0 0 1 0 0
FAM2090 Y20070000050238 0.024779 -0.00755719 -0.00163292 -0.000932472 0.00119107 0.00444083 -0.00015527 0.00799305 -0.0113139 -0.00290259  0 0 0 0 0 0 0 0 0 0 0 0 0 1 0 0 0 0
FAM2091 Y20070000050239 0.0249233 -0.00725597 -0.00207402 -0.000536862 0.00135199 0.00428109 9.25005e-05 0.00806727 -0.011522 -0.00276875  0 0 0 0 0 0 0 0 0 0 0 0 0 1 0 0 0 0
FAM2092 Y20070000050240 0.0143325 -0.00542382 -0.00526761 -0.000246376 -0.00171332 -0.00668829 0.000803082 0.00769499 -0.00603907 -0.00616658  0 0 0 0 0 0 0 0 0 0 0 0 0 0 0 0 1 0
FAM2093 Y20070000050241 0.0223729 -0.00793436 0.000630878 -0.000151272 -0.000360159 -0.00051946 -0.000303654 0.00601932 -0.0101362 -0.0061351  0 0 0 0 0 0 0 0 0 0 1 0 0 0 0 0 0 0
FAM2094 Y20070000050242 0.0214867 -0.00768001 -0.00324339 -0.0024169 0.00125618 0.00438348 0.000977583 6.91693e-05 -0.00868607 -0.00314078  0 0 0 0 0 0 0 0 0 0 0 0 0 1 0 0 0 0
FAM2095 Y20070000050243 0.0154056 -0.00435791 -0.00281061 0.000122448 -0.00167396 -0.00476378 0.00328232 0.00181426 -0.00897871 -0.0139964  0 0 0 0 0 0 0 0 0 0 0 0 0 0 0 0 1 0
FAM2096 Y20070000050244 0.0214093 -0.00862743 -0.000520055 -0.00199885 0.0017108 0.00316202 -0.00155916 0.00827997 -0.0127375 -0.00690291  0 0 0 0 0 0 0 0 0 0 0 0 1 0 0 0 0 0
FAM2097 Y20070000050246 -0.00577644 0.00210979 -0.00882845 -0.010463 -0.0118858 -0.0266933 0.0184795 -0.00253707 0.00328872 0.0330744  0 1 0 0 0 0 0 0 0 0 0 0 0 0 0 0 0 0
FAM2098 Y20070000050247 -0.0104708 -0.00236191 -0.0364952 -0.0025214 0.00824568 -0.0351936 -0.0244955 0.000306699 0.00336545 0.0308713  0 1 0 0 0 0 0 0 0 0 0 0 0 0 0 0 0 0
FAM2099 Y20070000050248 -0.0076343 0.000108155 -0.0154344 -0.00830337 -0.0102776 -0.0209749 0.0168476 -0.0174804 -0.0012054 0.0204313  0 1 0 0 0 0 0 0 0 0 0 0 0 0 0 0 0 0
FAM2100 Y20070000050249 -0.00839991 -0.00299639 -0.0103199 -0.00754673 -0.00965888 -0.018393 0.0139791 -0.0014501 0.00185857 0.026797  0 0 1 0 0 0 0 0 0 0 0 0 0 0 0 0 0 0
FAM2101 Y20070000050251 -0.00985996 0.0141534 0.0116167 0.0045512 -0.0201798 0.00909484 -0.012856 -0.0384889 -0.044096 0.0222286  0 0 0 0 0 1 0 0 0 0 0 0 0 0 0 0 0 0
FAM2102 Y20070000050252 -0.00959367 -0.00228057 -0.0331016 0.000947422 0.00388913 -0.0240001 -0.0143099 0.00383024 -0.0024144 0.0329145  0 1 0 0 0 0 0 0 0 0 0 0 0 0 0 0 0 0
FAM2103 Y20070000050253 -0.0130423 0.00105128 -0.0293257 0.00047125 -0.00562189 -0.0281829 -0.0169219 0.00587972 0.0124477 0.0304229  0 1 0 0 0 0 0 0 0 0 0 0 0 0 0 0 0 0
FAM2104 Y20070000050254 -0.0174863 -0.00921955 -0.0293343 0.00248907 0.0162831 -0.0238518 -0.0111918 0.00228899 0.00760101 0.0186139  0 0 0 1 0 0 0 0 0 0 0 0 0 0 0 0 0 0
FAM2105 Y20070000050255 -0.0155153 0.00329201 0.00997067 -0.0185061 0.00502398 0.00110936 0.00450274 0.0129677 0.0117553 0.00153293  0 0 0 0 0 0 0 0 0 0 0 0 0 0 0 0 0 0
FAM2106 Y20070000050256 -0.00883721 0.026474 -0.0156869 0.00762058 -0.0347914 0.0184996 -0.00196163 0.016353 0.0143755 -0.00371871  0 0 1 0 0 0 0 0 0 0 0 0 0 0 0 0 0 0
FAM2107 Y20070000050258 -0.00755747 0.00339676 -0.0148445 -0.00686011 -0.0181293 -0.0197404 0.0134938 -0.0124621 0.00482828 0.013248  0 0 1 0 0 0 0 0 0 0 0 0 0 0 0 0 0 0
FAM2108 Y20070000050259 -0.00278258 0.0124383 -0.0158458 -0.00498375 -0.0194603 -0.0296089 0.0214452 0.00228893 0.00723529 0.0457071  0 1 0 0 0 0 0 0 0 0 0 0 0 0 0 0 0 0
FAM2109 Y20070000050261 -0.00591708 0.00585673 -0.0167714 -0.0108307 -0.0126231 -0.0336192 0.00705972 -0.0013558 0.00560655 0.0398959  0 1 0 0 0 0 0 0 0 0 0 0 0 0 0 0 0 0
FAM2110 Y20070000050263 -0.0103252 -0.00406523 -0.0324036 0.00081235 0.00350432 -0.0283408 -0.0122425 0.00288575 0.00231269 0.0276154  0 1 0 0 0 0 0 0 0 0 0 0 0 0 0 0 0 0
FAM2111 Y20070000050264 -0.0115563 0.0189001 -0.0137471 0.0093832 -0.0354274 0.0315649 0.00282775 0.0366111 0.0182885 -0.00291425  0 0 0 0 0 1 0 0 0 0 0 0 0 0 0 0 0 0
FAM2112 Y20070000050265 -0.00923217 0.0102503 -0.0175269 0.00815296 -0.0393835 0.0117745 -0.00434764 0.0368669 0.0186253 0.0144229  0 0 0 0 0 1 0 0 0 0 0 0 0 0 0 0 0 0
FAM2113 Y20070000050266 -0.0240543 -0.015446 -0.0422203 0.00804927 0.0257491 -0.0151208 -0.0508498 -0.00253798 -0.00261943 -0.00570142  0 0 0 1 0 0 0 0 0 0 0 0 0 0 0 0 0 0
FAM2114 Y20070000050267 -0.0245636 -0.0127189 -0.0332438 0.0065561 0.0110193 -0.00675585 -0.0332937 -0.02155 -0.00261995 -0.0271852  0 0 0 1 0 0 0 0 0 0 0 0 0 0 0 0 0 0
FAM2115 Y20070000050269 -0.00878106 0.00526802 0.00163515 0.00959991 -0.0154681 0.00431981 -0.00102474 -0.00450119 -0.0272764 0.0428961  0 0 0 0 0 1 0 0 0 0 0 0 0 0 0 0 0 0
FAM2116 Y20070000050270 -0.00927848 0.0135899 -0.0126187 0.0146801 -0.0348357 0.010937 0.0105124 0.0182574 0.0122484 0.00929171  0 0 0 0 0 1 0 0 0 0 0 0 0 0 0 0 0 0
FAM2117 Y20070000050271 -0.0104429 0.0115391 -0.0136587 0.00694301 -0.0296075 0.0011606 0.00965017 -0.0258409 0.00196046 -0.0257685  0 0 0 0 0 0 1 0 0 0 0 0 0 0 0 0 0 0
FAM2118 Y20070000050272 0.00213083 0.00177723 -0.00389193 0.000436312 -0.0142253 -6.21521e-05 0.0020465 -0.00111567 -0.00616291 -0.00120784  0 0 1 0 0 0 0 0 0 0 0 0 0 0 0 0 0 0
FAM2119 Y20070000050273 -0.0135849 0.0118312 -0.0212526 0.00212266 -0.0342855 -0.0123693 0.0090535 -0.0621293 -0.00378592 -0.0443411  0 0 0 0 0 0 1 0 0 0 0 0 0 0 0 0 0 0
FAM2120 Y20070000050275 -0.0141532 0.00902159 0.0120838 -0.017826 -0.00871402 0.00670886 -0.002328 0.0104398 0.0115237 -0.00305516  0 0 0 0 0 1 0 0 0 0 0 0 0 0 0 0 0 0
FAM2121 Y20070000050276 -0.0204085 -0.00673532 0.0340607 -0.00467691 -0.0180295 0.0258845 -0.0282463 0.00199313 -0.0323033 0.0312451  0 0 0 0 0 0 0 0 0 1 0 0 0 0 0 0 0 0
FAM2122 Y20070000050278 -0.0141054 0.00942659 -0.0118515 0.0169749 -0.0315012 0.0227165 0.0123273 0.0198136 0.0129972 -0.000680349  0 0 0 0 0 1 0 0 0 0 0 0 0 0 0 0 0 0
FAM2123 Y20070000050279 -0.0150294 0.00125975 0.0239015 -0.00688205 -0.0121378 0.0155147 -0.0156324 0.00349848 -0.0224737 0.0232915  0 0 0 0 0 0 0 0 0 1 0 0 0 0 0 0 0 0
FAM2124 Y20070000050280 -0.00165626 0.012138 -0.00981501 -0.00236204 -0.00707049 -0.00616956 0.00460716 -0.00221942 -0.00906948 0.0213294  0 0 0 0 0 1 0 0 0 0 0 0 0 0 0 0 0 0
FAM2125 Y20070000050282 -0.00651383 0.0217717 -0.00582438 -0.0165871 0.00507203 -0.00375549 -0.00381143 -0.00150222 0.00533 -0.00651924  0 0 0 0 0 0 0 0 0 0 0 0 0 0 0 0 0 0
FAM2126 Y20070000050283 -0.00355073 0.00703233 -0.0140703 0.00140704 -0.00737326 0.00255796 0.0107419 0.010127 -0.00295342 0.0123846  0 0 0 0 0 1 0 0 0 0 0 0 0 0 0 0 0 0
FAM2127 Y20070000050285 -0.0143589 0.01305 -0.0135745 0.0192737 -0.0514703 0.0367069 0.000873411 0.043717 0.0208951 0.004954  0 0 0 0 0 1 0 0 0 0 0 0 0 0 0 0 0 0
FAM2128 Y20070000050286 -0.0112212 0.0179208 -0.00778163 -0.000131568 -0.0138475 -0.0092587 0.0197859 -0.0434346 0.0026349 -0.0271392  0 0 0 0 0 0 1 0 0 0 0 0 0 0 0 0 0 0
FAM2129 Y20070000050287 -0.00240104 0.00411228 -0.00912173 -0.00862095 -0.0106296 -0.0103995 0.00248465 0.0078708 0.00164039 0.0106808  0 0 0 0 0 0 0 0 0 0 0 0 0 0 0 0 0 0
FAM2130 Y20070000050292 -0.00974874 0.0229872 0.00791447 -0.0014035 -0.00820583 0.0160988 -0.00668623 0.00078749 -0.0153523 0.0191214  0 0 0 0 0 1 0 0 0 0 0 0 0 0 0 0 0 0
FAM2131 Y20070000050293 -0.0265577 -0.0208192 0.00199804 0.00996541 0.043466 0.0289709 0.053781 0.00883884 -0.00361962 0.00563794  0 0 0 0 1 0 0 0 0 0 0 0 0 0 0 0 0 0
FAM2132 Y20070000050294 -0.0102191 -0.000779219 -0.0279951 -0.00203527 0.00467009 -0.0326367 0.00184724 -0.00449779 0.00110258 0.0365339  0 1 0 0 0 0 0 0 0 0 0 0 0 0 0 0 0 0
FAM2133 Y20070000050295 -0.0245894 -0.01401 0.0166742 -0.00856858 -0.00391857 0.0127675 -0.0118075 0.0163137 0.0085032 -0.0119085  1 0 0 0 0 0 0 0 0 0 0 0 0 0 0 0 0 0
FAM2134 Y20070000050296 -0.0198462 -0.0189043 -0.0182188 -0.00641773 0.0195694 -0.00619226 -0.0130458 0.011872 -0.0021742 0.00712556  0 0 0 1 0 0 0 0 0 0 0 0 0 0 0 0 0 0
FAM2135 Y20070000050297 -0.0210513 -0.0187558 -0.0265605 -0.00592432 0.0209325 -0.0193948 -0.0351789 0.00964324 0.00593573 0.0161806  0 0 0 1 0 0 0 0 0 0 0 0 0 0 0 0 0 0
FAM2136 Y20070000050298 -0.0142193 0.000867469 -0.00335732 -0.011714 0.012937 -0.00797986 0.00836417 0.00220959 0.005267 0.00934836  0 0 0 0 0 0 0 0 0 0 0 0 0 0 0 0 0 0
FAM2137 Y20070000050299 -0.027583 -0.0158242 0.0111259 -0.0042707 0.017717 0.0300866 0.0372086 -0.00343488 -0.0190798 0.00222473  1 0 0 0 0 0 0 0 0 0 0 0 0 0 0 0 0 0
FAM2138 Y20070000050300 -0.0150446 0.000996521 0.0165309 -0.0104327 0.00811034 -0.00757592 0.000657659 -0.00189045 0.00660965 -0.00846594  0 0 0 0 0 0 0 0 0 0 0 0 0 0 0 0 0 0
FAM2139 Y20070000050301 -0.0268231 -0.0249088 0.00928286 -0.0110359 0.0267198 0.0177524 0.017781 0.0108682 -0.00275239 -0.00947152  0 0 0 0 1 0 0 0 0 0 0 0 0 0 0 0 0 0
FAM2140 Y20070000050302 -0.00355978 0.0147976 -0.012296 -0.0090754 -0.00646492 -0.0265202 0.0204123 -0.00951144 0.0032381 0.0307354  0 1 0 0 0 0 0 0 0 0 0 0 0 0 0 0 0 0
FAM2141 Y20070000050305 -0.0274503 -0.022883 -0.00650926 0.0073912 0.0411501 0.0271712 0.0359335 0.00897504 -0.0167601 0.00526109  0 0 0 0 1 0 0 0 0 0 0 0 0 0 0 0 0 0
FAM2142 Y20070000050306 0.0310161 -0.0166688 -0.00305927 -0.00383548 0.00807736 0.0479364 -0.013262 -0.0510125 0.0531354 0.0324162  0 0 0 0 0 0 0 0 0 0 0 1 0 0 0 0 0 0
FAM2143 Y20070000050307 0.0203548 -0.005908 -0.00422687 0.00217871 -0.00268459 0.00271753 -0.00267375 0.00380047 -0.0133823 -0.0126225  0 0 0 0 0 0 0 0 0 0 0 0 0 0 0 0 1 0
FAM2144 Y20070000050308 0.00136441 0.0629819 0.00487622 -0.0204227 0.0393728 0.0151159 -0.00866924 0.0131476 0.00229261 -0.000531413  0 0 0 0 0 0 0 0 0 0 0 0 0 0 0 0 0 1
FAM2145 Y20070000050309 0.0219742 -0.00535338 -0.00455583 0.00268422 0.00223405 -0.00228311 -0.00436709 0.0101924 -0.00903599 -0.0058276  0 0 0 0 0 0 0 0 0 0 1 0 0 0 0 0 0 0
FAM2146 Y20070000050310 -0.0171411 -0.00532301 0.0101063 -0.000379129 -0.018094 0.0180448 -0.00571734 0.0135845 0.00147117 0.00127598  0 0 0 0 0 0 0 0 0 0 0 0 0 0 0 0 0 0
FAM2147 Y20070000050311 -0.00688327 -0.00748207 -0.000228065 -0.0162613 -0.00758418 -0.00939675 0.0107657 0.000288154 0.00105213 0.00782445  0 0 0 0 0 0 0 0 0 0 0 0 0 0 0 0 0 0
FAM2148 Y20070000050312 -0.0203027 -0.0127635 0.00343076 -0.0139907 0.00499217 -0.0145523 -0.0124632 -0.00921522 0.00936256 -0.0085469  0 0 0 0 0 0 0 0 0 0 0 0 0 0 0 0 0 0
FAM2149 Y20070000050313 -0.0173662 -0.0104463 0.0119707 -0.0233379 -0.014631 0.00304695 -0.00509661 0.00759476 0.00339462 0.00293213  0 0 0 0 0 0 0 0 0 0 0 0 0 0 0 0 0 0
FAM2150 Y20070000050314 0.000597487 -0.00201048 -0.011582 -0.00506359 -0.00241454 -0.0150957 -0.000861367 0.00715467 0.00317163 0.00872382  0 1 0 0 0 0 0 0 0 0 0 0 0 0 0 0 0 0
FAM2151 Y20070000050316 -0.0115699 0.00359509 -0.0206577 -0.0029003 -0.0113276 -0.0264374 0.00582486 0.000339873 0.00842946 0.0355564  0 1 0 0 0 0 0 0 0 0 0 0 0 0 0 0 0 0
FAM2152 Y20070000050318 -0.0053446 0.00147907 -0.0169916 -0.00290121 -0.0145438 -0.0217616 0.00616008 -0.00424906 0.00371098 0.0228228  0 0 1 0 0 0 0 0 0 0 0 0 0 0 0 0 0 0
FAM2153 Y20070000050319 -0.00481762 0.00137607 -0.0155753 -0.00520248 -0.0106011 -0.0204842 0.00282248 -0.0118548 -0.00213416 0.0159651  0 0 1 0 0 0 0 0 0 0 0 0 0 0 0 0 0 0
FAM2154 Y20070000050320 -0.00599423 0.00374649 -0.0145447 -0.0099023 -0.0145862 -0.0265255 0.0116866 -0.00309511 0.00553931 0.0285146  0 1 0 0 0 0 0 0 0 0 0 0 0 0 0 0 0 0
FAM2155 Y20070000050321 -0.0152528 -0.00630899 -0.0262278 -0.00512937 0.00965362 -0.0256572 -0.0155456 0.00159636 0.00272291 0.0233403  0 1 0 0 0 0 0 0 0 0 0 0 0 0 0 0 0 0
FAM2156 Y20070000050322 -0.0160513 -0.00407375 -0.034163 0.00395509 0.00188164 -0.0120694 -0.025758 -0.0153174 -0.00342414 -0.00981987  0 0 0 1 0 0 0 0 0 0 0 0 0 0 0 0 0 0
FAM2157 Y20070000050323 -0.0146389 0.000690886 -0.00603315 -0.00737724 0.000235005 -0.0103657 0.0242029 -0.0109347 0.0142664 -0.0129635  0 0 1 0 0 0 0 0 0 0 0 0 0 0 0 0 0 0
FAM2158 Y20070000050324 -0.00794118 -0.00477102 0.000461464 -0.00935903 -0.0105509 -0.00762777 -0.00321984 0.00638565 0.0018766 0.0126922  0 0 0 0 0 0 0 0 0 0 0 0 0 0 0 0 0 0
FAM2159 Y20070000050325 -0.00946438 0.00236494 -0.0114227 -0.00498916 -0.0141812 -0.0147314 0.0015659 0.0059878 0.0132752 0.0128008  0 0 1 0 0 0 0 0 0 0 0 0 0 0 0 0 0 0
FAM2160 Y20070000050326 -0.00974654 -0.00908792 0.00799975 -0.0173024 -0.00562162 -0.000732277 0.00395138 -0.00235248 -0.000972829 -0.00663977  0 0 0 0 0 0 0 0 0 0 0 0 0 0 0 0 0 0
FAM2161 Y20070000050327 -0.00127727 -0.0024304 -0.00564709 -0.00495861 -0.00835112 -0.00570066 0.0127162 0.0046341 0.00102754 0.0120223  0 0 0 0 0 0 0 0 0 0 0 0 0 0 0 0 0 0
FAM2162 Y20070000050330 0.00202825 0.0884751 -0.00756779 -0.0406733 0.0452168 0.0206945 -0.00654055 0.0265776 0.0200271 -0.000800995  0 0 0 0 0 0 0 0 0 0 0 0 0 0 0 0 0 1
FAM2163 Y20070000050331 -0.0180098 0.000823347 0.044322 0.00524694 -0.0121493 0.0315271 -0.0315823 -0.0178343 -0.0714707 0.0581896  0 0 0 0 0 0 0 0 0 1 0 0 0 0 0 0 0 0
FAM2164 Y20070000050332 -0.00787149 0.0314696 -0.011502 -0.00686371 -0.0160553 0.00396729 0.00978593 -0.0475159 -0.00987057 -0.0386938  0 0 0 0 0 0 1 0 0 0 0 0 0 0 0 0 0 0
FAM2165 Y20070000050334 -0.00831988 0.00524814 -0.0118402 -0.00991988 -0.017124 -0.029075 0.0166589 -0.00620383 0.00592405 0.0334719  0 1 0 0 0 0 0 0 0 0 0 0 0 0 0 0 0 0
FAM2166 Y20070000050335 0.000782741 0.00874469 -0.0104325 -0.00891182 -0.0104538 -0.0233824 0.015163 -0.00120158 0.00257549 0.0246208  0 1 0 0 0 0 0 0 0 0 0 0 0 0 0 0 0 0
FAM2167 Y20070000050336 -0.00654207 0.00276082 -0.00893932 -0.00638044 -0.0166915 -0.0197778 0.00675122 -0.0148565 0.0011598 0.00730119  0 0 1 0 0 0 0 0 0 0 0 0 0 0 0 0 0 0
FAM2168 Y20070000050337 -0.00782314 0.00566441 -0.0139124 -0.00594073 -0.0146845 -0.0166538 0.00835084 -0.0120293 0.000433114 0.011957  0 0 1 0 0 0 0 0 0 0 0 0 0 0 0 0 0 0
FAM2169 Y20070000050338 0.00169245 0.00992236 -0.0135059 -0.0112696 -0.0120299 -0.0302746 0.0201943 -0.0059518 0.0038551 0.0381384  0 1 0 0 0 0 0 0 0 0 0 0 0 0 0 0 0 0
FAM2170 Y20070000050341 -0.0014523 0.00953992 -0.00899808 -0.00658146 -0.00340822 -0.0201503 0.00845531 0.00110827 0.00246444 0.0307376  0 1 0 0 0 0 0 0 0 0 0 0 0 0 0 0 0 0
FAM2171 Y20070000050342 0.000238572 0.000517681 -0.00686016 -0.00281992 -0.00608195 -0.0134384 0.00962923 -0.00411455 -0.00235302 0.0134329  0 0 1 0 0 0 0 0 0 0 0 0 0 0 0 0 0 0
FAM2172 Y20070000050344 -0.00719971 0.00152302 -0.00614601 -0.00839895 -0.0081951 -0.0128963 0.0115713 0.00325662 0.00461115 0.0098828  0 0 1 0 0 0 0 0 0 0 0 0 0 0 0 0 0 0
FAM2173 Y20070000050345 -0.00901962 -0.00125393 -0.00571688 -0.00758592 -0.0120024 -0.0123138 0.0148761 -0.00324122 0.00153693 0.0105254  0 0 1 0 0 0 0 0 0 0 0 0 0 0 0 0 0 0
FAM2174 Y20070000050347 -0.00726995 0.00279692 -0.0112975 -0.00123758 -0.0215055 -0.00651788 0.000520921 0.00737087 0.00867472 0.00355173  0 1 0 0 0 0 0 0 0 0 0 0 0 0 0 0 0 0
FAM2175 Y20070000050348 -0.00490439 0.00385945 -0.00344215 0.00084661 -0.0149041 -0.00943817 0.0110951 0.00575972 0.00616783 0.0216012  0 0 1 0 0 0 0 0 0 0 0 0 0 0 0 0 0 0
FAM2176 Y20070000050349 -0.000670535 0.00533182 -0.0113395 -0.006841 -0.0121258 -0.0241453 0.0158085 -0.000664478 0.00324849 0.0284979  0 1 0 0 0 0 0 0 0 0 0 0 0 0 0 0 0 0
FAM2177 Y20070000050350 -0.00436754 0.00321909 -0.0082546 -0.00253314 -0.0138084 -0.0142267 0.0119914 -0.0100392 0.00098161 0.00530913  0 0 1 0 0 0 0 0 0 0 0 0 0 0 0 0 0 0
FAM2178 Y20070000050351 -0.0208131 -0.000864623 0.000619206 -0.00849054 -0.0127022 -0.0105377 0.0289483 -0.0244687 0.0162616 -0.0148976  0 0 0 0 0 0 1 0 0 0 0 0 0 0 0 0 0 0
FAM2179 Y20070000050353 -0.0138089 0.0159076 -0.00333614 0.012463 -0.0340678 0.0252 0.0112369 -0.0201836 -0.0150784 -0.00637882  0 0 0 0 0 0 1 0 0 0 0 0 0 0 0 0 0 0
FAM2180 Y20070000050354 -0.0174535 -0.000238657 -0.00239051 -0.0105006 -0.0221471 -0.0136465 0.0108556 -0.0500891 0.00300656 -0.0482119  0 0 0 0 0 0 1 0 0 0 0 0 0 0 0 0 0 0
FAM2181 Y20070000050355 -0.0151478 -0.0056926 0.00578064 -0.00317009 0.000303085 -0.0153041 0.013952 -0.00553914 0.0197279 -0.0125388  1 0 0 0 0 0 0 0 0 0 0 0 0 0 0 0 0 0
FAM2182 Y20070000050356 -0.0190464 -0.0047576 -6.41174e-05 -0.0190506 -0.0116849 -0.0139576 0.0233517 -0.0287909 0.0110852 -0.0274979  1 0 0 0 0 0 0 0 0 0 0 0 0 0 0 0 0 0
FAM2183 Y20070000050357 -0.00770828 0.00650799 -0.0107799 -0.00210235 -0.0155085 -0.0182151 0.00675103 -0.0213048 0.000941118 -0.00100844  0 0 1 0 0 0 0 0 0 0 0 0 0 0 0 0 0 0
FAM2184 Y20070000050358 -0.0157051 -0.00360035 -0.00203317 -0.0167547 -0.0144262 -0.0125614 0.0112946 -0.0141787 0.0108251 -0.0144616  1 0 0 0 0 0 0 0 0 0 0 0 0 0 0 0 0 0
FAM2185 Y20070000050359 -0.00659642 -5.70163e-05 -0.0112633 -0.00301472 -0.0113688 -0.0189159 0.000324394 -0.0021591 0.00206134 0.018919  0 0 1 0 0 0 0 0 0 0 0 0 0 0 0 0 0 0
FAM2186 Y20070000050361 -0.00805536 -0.000926167 -0.0108891 -0.00261981 -0.00832356 -0.0166467 0.012199 -0.00040784 0.0103132 0.00943281  0 0 1 0 0 0 0 0 0 0 0 0 0 0 0 0 0 0
FAM2187 Y20070000050362 -0.00799522 0.000613772 -0.0113071 0.00285819 -0.011123 -0.0113105 0.00651179 -0.00330651 0.00432234 0.00726188  0 0 0 0 0 1 0 0 0 0 0 0 0 0 0 0 0 0
FAM2188 Y20070000050363 -0.00775422 0.0114146 -0.00677513 0.0160414 -0.0341857 0.0170972 0.00863663 0.0218882 0.0115564 0.00491915  0 0 0 0 0 1 0 0 0 0 0 0 0 0 0 0 0 0
FAM2189 Y20070000050365 -0.0225792 -0.0212873 0.0220886 -0.0369323 8.9686e-05 -0.0129738 0.0217696 0.0108693 0.0229123 -0.00240363  1 0 0 0 0 0 0 0 0 0 0 0 0 0 0 0 0 0
FAM2190 Y20070000050366 -0.0240397 -0.0238681 0.0239831 -0.0404535 0.00126263 -0.0101855 0.0169098 0.0109574 0.0185839 -0.00372002  1 0 0 0 0 0 0 0 0 0 0 0 0 0 0 0 0 0
FAM2191 Y20070000050368 -0.00920823 0.00734202 -0.0130765 0.00416092 -0.0164827 -0.00746705 0.0189205 -0.0524399 -0.00764359 -0.0332765  0 0 0 0 0 0 1 0 0 0 0 0 0 0 0 0 0 0
FAM2192 Y20070000050369 -0.0133894 -0.00956914 0.000891677 -0.0134968 -0.0107014 -0.00659182 -0.0062036 0.0131841 0.0135292 -0.00135556  0 0 0 0 0 0 0 0 0 0 0 0 0 0 0 0 0 0
FAM2193 Y20070000050370 -0.00845843 0.00130073 -0.0111033 -0.00449623 -0.00957374 -0.0230152 0.0169232 -0.00789699 0.00753137 0.015645  0 0 0 0 0 0 0 0 0 0 0 0 0 0 0 0 1 0
FAM2194 Y20070000050371 -0.0108554 -0.000619443 -0.00952699 -0.00437662 -0.0138099 -0.0129049 0.0186934 -0.00465597 0.00282412 0.014605  0 0 1 0 0 0 0 0 0 0 0 0 0 0 0 0 0 0
FAM2195 Y20070000050373 -0.00372984 0.00277383 -0.0114415 -0.00701443 -0.0111096 -0.0219467 0.0136407 -0.00397128 0.00267655 0.0222417  0 0 1 0 0 0 0 0 0 0 0 0 0 0 0 0 0 0
FAM2196 Y20070000050374 -0.00490302 -0.00247801 -0.0109145 0.00337105 -0.00422659 -0.0132644 0.00507738 -0.000469538 0.000867662 0.0143521  0 0 1 0 0 0 0 0 0 0 0 0 0 0 0 0 0 0
FAM2197 Y20070000050375 -0.00985008 0.000452617 -0.0103031 -0.00524637 -0.0131623 -0.0171499 0.00660153 -0.00166751 0.00474155 0.0132723  0 0 1 0 0 0 0 0 0 0 0 0 0 0 0 0 0 0
FAM2198 Y20070000050377 -0.00955415 -0.00219794 -0.0125293 -0.00522515 -0.00992676 -0.0240603 -0.00576442 -0.00163107 0.0052028 0.018546  0 0 1 0 0 0 0 0 0 0 0 0 0 0 0 0 0 0
FAM2199 Y20070000050378 -0.00343009 0.000860919 -0.00737494 -0.00342027 -0.0106841 -0.0124629 0.010036 -0.00253672 -0.0018924 0.0107342  0 0 1 0 0 0 0 0 0 0 0 0 0 0 0 0 0 0
FAM2200 Y20070000050379 -0.00875363 -0.0032814 -0.0108172 -0.00487574 -0.00472844 -0.0135661 0.00577061 0.0057844 0.00664529 0.0133522  0 0 0 0 0 0 0 0 0 0 0 0 0 0 0 0 0 0
FAM2201 Y20070000050381 -0.00439213 -0.000276921 -0.0132858 -0.0039644 -0.0105413 -0.0185075 -0.000832864 0.00536048 0.00184366 0.00882348  0 0 1 0 0 0 0 0 0 0 0 0 0 0 0 0 0 0
FAM2202 Y20070000050382 -0.00396503 0.00232847 -0.00913061 -0.00267175 -0.0114102 -0.0153207 0.0153388 -0.00527852 -0.000984134 0.0199258  0 0 1 0 0 0 0 0 0 0 0 0 0 0 0 0 0 0
FAM2203 Y20070000050383 -0.011841 -0.00199966 -0.00865064 -0.00664755 -0.0119418 -0.0166186 0.011736 -0.000797577 0.00181311 0.0246005  0 0 1 0 0 0 0 0 0 0 0 0 0 0 0 0 0 0
FAM2204 Y20070000050384 -0.0113434 -0.00114487 -0.00700703 -0.00646898 -0.0156768 -0.0136772 0.00769794 -0.00919499 0.00302322 0.00593296  0 0 1 0 0 0 0 0 0 0 0 0 0 0 0 0 0 0
FAM2205 Y20070000050385 -0.00947371 -0.0020042 -0.0128631 -0.00497108 -0.00990976 -0.0241747 -0.00564537 -0.00170843 0.00529535 0.0187205  0 0 1 0 0 0 0 0 0 0 0 0 0 0 0 0 0 0
FAM2206 Y20070000050386 -0.00913859 0.00526629 -0.0114736 -0.00619048 -0.0198914 -0.0164124 0.000765993 -0.0221136 -0.0044208 0.000542548  0 0 1 0 0 0 0 0 0 0 0 0 0 0 0 0 0 0
FAM2207 Y20070000050387 -0.0101876 -3.66223e-05 -0.0123792 -0.00539409 -0.00943243 -0.0178508 0.00953319 -0.00312309 0.00867105 0.015016  0 0 1 0 0 0 0 0 0 0 0 0 0 0 0 0 0 0
FAM2208 Y20070000050388 -0.017517 -0.0134279 0.0134954 -0.0271306 -0.0045524 -0.0124753 0.0197167 -0.00436666 0.0108527 -0.000807763  0 0 1 0 0 0 0 0 0 0 0 0 0 0 0 0 0 0
FAM2209 Y20070000050390 -0.0104916 -0.00452504 -0.00855666 -0.00432187 -0.00726776 -0.0101681 -0.00504126 0.00353098 -0.000464511 0.0163398  0 0 1 0 0 0 0 0 0 0 0 0 0 0 0 0 0 0
FAM2210 Y20070000050391 -0.0066838 0.000787801 -0.0109913 -0.00205647 -0.0138754 -0.0145759 0.00806074 -0.0114061 -0.00464627 0.00480968  0 0 0 0 0 0 0 0 0 0 0 0 0 0 0 0 0 0
FAM2211 Y20070000050392 -0.0146903 -0.00320953 -0.00976394 -0.00392602 -0.00735805 -0.0129756 0.0117149 -0.0165754 0.0064082 -0.00660029  0 0 1 0 0 0 0 0 0 0 0 0 0 0 0 0 0 0
FAM2212 Y20070000050393 -0.00847246 -0.00763513 0.00424001 -0.0134056 -0.00765082 -0.0135729 0.00300963 0.00448762 0.00913684 0.00507686  0 0 1 0 0 0 0 0 0 0 0 0 0 0 0 0 0 0
FAM2213 Y20070000050394 -0.00658335 -9.04439e-05 -0.00474753 -0.00548968 -0.0091476 -0.0135787 0.0116416 -0.00400587 0.00487615 0.00426359  0 0 1 0 0 0 0 0 0 0 0 0 0 0 0 0 0 0
FAM2214 Y20070000050395 -0.0148478 0.0013296 -0.0126785 0.00502731 -0.0384326 0.0140232 -0.0174572 0.0378222 0.0242515 0.00348108  0 0 1 0 0 0 0 0 0 0 0 0 0 0 0 0 0 0
FAM2215 Y20070000050396 -0.0109817 -0.00224864 -0.00719677 -0.0031482 -0.00382422 -0.0143447 0.00605385 0.000533143 0.00953362 0.00872154  0 0 1 0 0 0 0 0 0 0 0 0 0 0 0 0 0 0
FAM2216 Y20070000050397 -0.00879172 -0.00257038 -0.00485075 -0.00804382 -0.00828572 -0.0196318 0.00527059 -0.00367357 0.00551378 0.0194129  0 0 1 0 0 0 0 0 0 0 0 0 0 0 0 0 0 0
FAM2217 Y20070000050398 -0.00403052 0.00181988 -0.00974107 -0.00336805 -0.0115113 -0.0170136 0.01169 -0.00609793 0.00200274 0.0112693  0 0 1 0 0 0 0 0 0 0 0 0 0 0 0 0 0 0
FAM2218 Y20070000050399 -0.012146 -0.00502033 -0.0100712 -1.39744e-05 -0.00459098 -0.0091981 0.00457692 -0.00587946 -0.00255778 0.00940099  0 0 1 0 0 0 0 0 0 0 0 0 0 0 0 0 0 0
FAM2219 Y20070000050400 -0.0204313 -0.0085708 0.0228125 -0.000569761 0.00813257 -0.0118958 0.0246104 -0.0114831 0.0248824 -0.0212752  1 0 0 0 0 0 0 0 0 0 0 0 0 0 0 0 0 0
FAM2220 Y20070000050401 -0.0145862 0.0014102 -0.0113424 -0.00101066 -0.0265101 -0.0114607 -0.00372252 -0.02282 0.00581426 -0.0215172  0 0 0 0 0 0 1 0 0 0 0 0 0 0 0 0 0 0
FAM2221 Y20070000050402 -0.0143081 -0.00733345 -0.00422193 -0.0152494 -0.00865887 -0.0164784 -0.0129812 0.0106531 0.0128366 0.00778551  0 0 0 0 0 0 0 0 0 0 0 0 0 0 0 0 0 0
FAM2222 Y20070000050403 -0.00369941 0.00190299 -0.012117 -0.00472179 -0.0106877 -0.0200746 0.00957127 -0.00314068 0.000215995 0.0219519  0 0 1 0 0 0 0 0 0 0 0 0 0 0 0 0 0 0
FAM2223 Y20070000050404 0.0230045 -0.00844517 0.00213125 -0.000779924 0.0010324 -0.00209925 0.000912167 0.0129256 -0.0158485 -0.0114858  0 0 0 0 0 0 0 0 0 0 1 0 0 0 0 0 0 0
FAM2224 Y20070000050405 -0.00914072 -0.00187735 -0.00320829 -0.00739498 -0.0068382 -0.0171411 0.0102827 -0.00054284 0.00863767 0.0134368  0 0 1 0 0 0 0 0 0 0 0 0 0 0 0 0 0 0
FAM2225 Y20070000050407 -0.0044316 0.00174602 -0.0101141 -0.00830095 -0.0110648 -0.0214235 0.0126221 -0.00411075 0.00284097 0.0214066  0 0 1 0 0 0 0 0 0 0 0 0 0 0 0 0 0 0
FAM2226 Y20070000050409 -0.00336434 -0.00136885 -0.00816931 -0.00336119 -0.0104388 -0.0145646 0.00715036 -0.0012204 -0.00018479 0.0209814  0 0 1 0 0 0 0 0 0 0 0 0 0 0 0 0 0 0
FAM2227 Y20070000050410 -0.00443099 -0.000276267 -0.00663523 -0.00326114 -0.00955811 -0.0113393 0.00446735 -0.000670849 0.00195497 0.0134949  0 0 1 0 0 0 0 0 0 0 0 0 0 0 0 0 0 0
FAM2228 Y20070000050411 -0.00555656 -0.00381702 -0.00349703 -0.00792238 -0.00877026 -0.014551 0.00352922 0.000968579 -0.00259466 0.0158538  0 0 1 0 0 0 0 0 0 0 0 0 0 0 0 0 0 0
FAM2229 Y20070000050412 0.00335058 -0.00126185 -0.00530385 -0.00625915 -0.0123832 -0.00474174 -0.00109045 0.00930026 0.00165426 0.00271995  0 0 1 0 0 0 0 0 0 0 0 0 0 0 0 0 0 0
FAM2230 Y20070000050413 -0.00455527 0.00109987 -0.0104904 -0.00574831 -0.0107225 -0.0221722 0.0106809 -0.00137228 0.00227813 0.0216655  0 0 1 0 0 0 0 0 0 0 0 0 0 0 0 0 0 0
FAM2231 Y20070000050414 -0.00714974 0.00202247 -0.0118534 -0.00697618 -0.00936182 -0.0193167 0.00829947 -0.00209411 0.00539139 0.0172155  0 0 1 0 0 0 0 0 0 0 0 0 0 0 0 0 0 0
FAM2232 Y20070000050415 -0.00168259 -0.00137196 -0.0117635 -0.00268628 -0.00960455 -0.0139734 0.0112517 -0.00410668 -0.00117698 0.00787469  0 0 1 0 0 0 0 0 0 0 0 0 0 0 0 0 0 0
FAM2233 Y20070000050416 -0.0127677 0.0167416 -0.0196192 0.00578802 -0.0336353 -0.01278 0.0145564 -0.0820581 -0.0104789 -0.053689  0 0 0 0 0 0 1 0 0 0 0 0 0 0 0 0 0 0
FAM2234 Y20070000050417 -0.0085191 -0.00355088 -0.00852086 -0.00868173 -0.0151638 -0.017556 -0.00127056 -6.68162e-05 -0.00068071 0.0251252  0 0 1 0 0 0 0 0 0 0 0 0 0 0 0 0 0 0
FAM2235 Y20070000050418 -0.00639709 -8.39074e-05 -0.00782013 -0.00850471 -0.0123537 -0.0196613 0.00457582 -0.00166556 0.00395842 0.0121452  0 0 1 0 0 0 0 0 0 0 0 0 0 0 0 0 0 0
FAM2236 Y20070000050420 -0.00324607 -0.00113031 -0.00367883 -0.00241485 -0.00887633 -0.0160553 0.00735996 0.00237215 0.00325721 0.00713722  0 0 1 0 0 0 0 0 0 0 0 0 0 0 0 0 0 0
FAM2237 Y20070000050421 -0.0108616 -0.00434486 -0.003582 -0.0105549 -0.00676409 -0.0153757 0.00941202 0.000758781 0.0119769 0.0075103  0 0 1 0 0 0 0 0 0 0 0 0 0 0 0 0 0 0
FAM2238 Y20070000050422 0.0150933 0.000208837 -0.00345975 -0.00555051 -0.00196668 -0.0103111 0.00545558 0.00322944 -0.00341341 0.0106176  0 0 0 0 0 0 0 0 0 0 0 0 0 0 0 0 1 0
FAM2239 Y20070000050423 -0.0124383 -0.00529696 -0.00837088 -0.00449437 -0.0027291 -0.0145088 0.00531483 0.0003058 0.00630859 0.00669424  0 0 1 0 0 0 0 0 0 0 0 0 0 0 0 0 0 0
FAM2240 Y20070000050424 0.0086916 0.00121171 -0.00663505 -0.0029516 -0.0104579 -0.0135816 0.00815193 0.00294973 -0.00335352 0.015341  0 1 0 0 0 0 0 0 0 0 0 0 0 0 0 0 0 0
FAM2241 Y20070000050426 -0.00386043 -7.8214e-05 -0.00501007 -0.00595068 -0.0106562 -0.0140092 0.0051794 0.00181006 0.000455727 0.0116054  0 0 1 0 0 0 0 0 0 0 0 0 0 0 0 0 0 0
FAM2242 Y20070000050427 -0.00293715 0.00094466 -0.00622974 -0.00244863 -0.0107183 -0.0142688 0.00897703 -0.00457294 0.000116075 0.00991614  0 0 1 0 0 0 0 0 0 0 0 0 0 0 0 0 0 0
FAM2243 Y20070000050428 -0.00305891 0.00284487 -0.0112732 -0.00215085 -0.0138932 -0.0188497 0.0170432 -0.000231146 0.00515821 0.0182773  0 0 1 0 0 0 0 0 0 0 0 0 0 0 0 0 0 0
FAM2244 Y20070000050429 -0.00729852 0.000927825 -0.00954303 -0.00505942 -0.0139508 -0.0170756 -0.000479923 0.00539125 0.00936077 0.0148599  0 0 1 0 0 0 0 0 0 0 0 0 0 0 0 0 0 0
FAM2245 Y20070000050430 -0.011072 0.0108492 -0.0127946 0.0079906 -0.0269738 -0.00895863 0.0196246 -0.0501239 -0.00361908 -0.0328156  0 0 0 0 0 0 1 0 0 0 0 0 0 0 0 0 0 0
FAM2246 Y20070000050431 -0.00514669 -0.000272322 -0.00420047 -0.00139092 -0.00947238 -0.0152251 0.00804049 0.00204036 0.00551355 0.00772881  0 0 1 0 0 0 0 0 0 0 0 0 0 0 0 0 0 0
FAM2247 Y20070000050432 -0.0100562 -0.00134344 -0.00804428 -0.00172687 -0.0103725 -0.0125733 0.0134088 -0.00707796 0.0032435 0.00584617  0 0 1 0 0 0 0 0 0 0 0 0 0 0 0 0 0 0
FAM2248 Y20070000050433 -0.00874131 -0.00165361 -0.0104968 -0.00245713 -0.0153563 -0.0164009 0.00419964 -0.00199352 0.00623401 0.00829899  0 0 1 0 0 0 0 0 0 0 0 0 0 0 0 0 0 0
FAM2249 Y20070000050434 -0.010447 0.00101544 -0.00891026 -0.00843708 -0.0149928 -0.020242 0.0105606 -0.00308985 0.00927965 0.0203712  0 0 1 0 0 0 0 0 0 0 0 0 0 0 0 0 0 0
FAM2250 Y20070000050435 -0.00805303 -0.00354026 -0.00507263 -0.0100936 -0.00780083 -0.0157211 0.00569691 0.00317152 0.00668557 0.0142378  0 0 1 0 0 0 0 0 0 0 0 0 0 0 0 0 0 0
FAM2251 Y20070000050436 -0.00807585 -0.00104548 -0.0106323 -0.00654943 -0.00887692 -0.0174915 -0.000672247 0.00253312 0.00853124 0.007825  0 0 1 0 0 0 0 0 0 0 0 0 0 0 0 0 0 0
FAM2252 Y20070000050437 -0.011999 0.00187131 -0.0081001 -0.00423474 -0.00300837 -0.0149582 0.0144288 -0.0188447 0.00228026 0.00547657  0 0 1 0 0 0 0 0 0 0 0 0 0 0 0 0 0 0
FAM2253 Y20070000050438 -0.0105692 0.00120441 -0.0180083 0.00432621 -0.0100202 -0.0144858 0.00966471 -0.0251487 0.00170858 -0.00766011  0 0 0 0 0 1 0 0 0 0 0 0 0 0 0 0 0 0
FAM2254 Y20070000050439 -0.00435991 0.000533718 -0.00927379 -0.00061995 -0.0078232 -0.0140391 0.00750923 0.00552536 0.00113037 0.0175253  0 0 1 0 0 0 0 0 0 0 0 0 0 0 0 0 0 0
FAM2255 Y20070000050440 -0.00567166 -0.00159672 -0.0110479 -0.00562755 -0.00918379 -0.0174679 0.0133049 -0.000460744 0.00397492 0.0162616  0 0 1 0 0 0 0 0 0 0 0 0 0 0 0 0 0 0
FAM2256 Y20070000050441 -0.00495187 0.000941833 -0.00849571 -0.00720356 -0.0133518 -0.0230006 0.00659105 -0.00103904 0.00674271 0.0221558  0 0 1 0 0 0 0 0 0 0 0 0 0 0 0 0 0 0
FAM2257 Y20070000050442 -0.00455641 -0.000421538 -0.0124202 -0.00729764 -0.0103197 -0.018461 0.0127789 0.000263274 0.00444703 0.0202132  0 0 1 0 0 0 0 0 0 0 0 0 0 0 0 0 0 0
FAM2258 Y20070000050443 -0.00650154 0.00240341 -0.0179803 -0.00157984 -0.0161401 -0.0179837 0.00391393 -0.00578185 0.00364085 0.015028  0 0 1 0 0 0 0 0 0 0 0 0 0 0 0 0 0 0
FAM2259 Y20070000050444 -0.00931748 -0.00227929 -0.00759827 -0.0068195 -0.0117278 -0.0147783 0.00343523 -0.0017948 0.00137496 0.0196325  0 0 0 0 0 0 1 0 0 0 0 0 0 0 0 0 0 0
FAM2260 Y20070000050445 -0.00599269 0.00291881 -0.0127195 -0.00550494 -0.0093493 -0.0197428 0.00886888 -0.0105635 -0.00175206 0.0151528  0 0 1 0 0 0 0 0 0 0 0 0 0 0 0 0 0 0
FAM2261 Y20070000050446 -0.00626152 0.00123229 -0.0130498 -0.00228701 -0.0127208 -0.0175166 0.00125354 -0.00412963 0.00184635 0.00946539  0 0 1 0 0 0 0 0 0 0 0 0 0 0 0 0 0 0
FAM2262 Y20070000050447 -0.0149937 -0.00636892 -0.0138536 -0.00138302 0.00366179 -0.0143894 -0.0190778 0.00560544 0.00994979 0.00890386  0 0 0 1 0 0 0 0 0 0 0 0 0 0 0 0 0 0
FAM2263 Y20070000050448 -0.00558963 0.000619094 -0.0131049 0.00123556 -0.00609005 -0.0136468 0.0157836 -0.00265105 0.000517559 0.0142243  0 0 1 0 0 0 0 0 0 0 0 0 0 0 0 0 0 0
FAM2264 Y20070000050449 -0.00929259 -0.000472067 -0.0112135 -0.00443206 -0.0130851 -0.0113205 0.0119847 -0.0106914 0.00223937 0.000595268  0 0 1 0 0 0 0 0 0 0 0 0 0 0 0 0 0 0
FAM2265 Y20070000050450 -0.0244707 -0.026135 0.0349794 -0.0439023 0.000100928 0.00311574 -0.00781842 0.0102404 0.00609378 -0.014705  0 0 0 0 0 0 0 0 1 0 0 0 0 0 0 0 0 0
FAM2266 Y20070000050451 -0.0294753 -0.0269192 0.0338325 -0.0331046 0.0109086 0.0132877 -0.0114894 -0.000616773 0.000306799 -0.0265846  0 0 0 0 0 0 0 0 1 0 0 0 0 0 0 0 0 0
FAM2267 Y20070000050452 -0.028968 -0.0317186 0.0331373 -0.0421101 0.0106832 0.00870663 -0.0118552 0.0110602 0.00498042 -0.0197859  0 0 0 0 0 0 0 0 1 0 0 0 0 0 0 0 0 0
FAM2268 Y20070000050453 -0.0157713 0.0172094 -0.0159442 0.0315758 -0.0595515 0.0500845 -0.00281882 0.0540586 0.0244901 0.000618665  0 0 0 0 0 1 0 0 0 0 0 0 0 0 0 0 0 0
FAM2269 Y20070000050454 -0.019279 0.0108167 -0.010894 0.0270463 -0.0471665 0.0304484 -0.00884288 0.0138792 0.0159508 -0.0258217  0 0 0 0 0 1 0 0 0 0 0 0 0 0 0 0 0 0
FAM2270 Y20070000050455 -0.0182653 -0.00728292 -0.00213506 -0.00221061 0.00785261 -0.00794724 0.0190979 0.00309876 0.0078785 0.0139111  0 0 0 0 1 0 0 0 0 0 0 0 0 0 0 0 0 0
FAM2271 Y20070000050456 -0.0290212 -0.0271725 0.0389356 -0.0436526 0.00187155 0.00608985 -0.00746948 0.00153639 0.00699298 -0.0223752  0 0 0 0 0 0 0 0 1 0 0 0 0 0 0 0 0 0
FAM2272 Y20070000050458 -0.0159344 -0.00200263 -0.0169656 0.0131853 0.00122819 -0.00256201 -0.0232321 -0.0123215 -0.00740062 -0.00526579  0 0 0 0 0 0 0 0 0 0 0 0 0 0 0 0 0 0
FAM2273 Y20070000050461 -0.0200139 -0.000387108 -0.0178104 0.0332337 0.00926832 0.0201456 0.0364878 0.0147323 0.00349037 0.00495466  0 0 0 0 0 0 0 0 0 0 0 0 0 0 0 0 0 0
FAM2274 Y20070000050462 -0.0273728 -0.0195086 0.0230531 -0.0176816 0.0152314 0.0110431 0.0500083 0.0133348 0.0287527 -0.0203845  1 0 0 0 0 0 0 0 0 0 0 0 0 0 0 0 0 0
FAM2275 Y20070000050463 -0.0231072 -0.0110279 0.0253734 -0.00887596 -0.000776656 -0.00427728 0.0189964 0.00600677 0.0222225 0.00187177  1 0 0 0 0 0 0 0 0 0 0 0 0 0 0 0 0 0
FAM2276 Y20070000050464 -0.0202272 -0.0156556 -0.0385651 0.00578382 0.0190691 -0.0199028 -0.0497442 0.0113839 0.00208653 0.011184  0 0 0 1 0 0 0 0 0 0 0 0 0 0 0 0 0 0
FAM2277 Y20070000050465 -0.0236255 -0.0157458 -0.0204093 -0.00378965 0.0128965 -0.015151 -0.0315572 -0.00625018 0.000952116 -0.00578405  0 0 0 1 0 0 0 0 0 0 0 0 0 0 0 0 0 0
FAM2278 Y20070000050466 0.00383843 -0.00212246 -0.00314406 -0.00393817 -0.00738529 -0.00992049 0.00271973 0.00257329 -0.00398675 0.0085112  0 0 1 0 0 0 0 0 0 0 0 0 0 0 0 0 0 0
FAM2279 Y20070000050467 -0.0266416 -0.0280236 0.0339459 -0.0443979 0.00228738 0.00899259 -0.00392915 0.00795575 0.000520825 -0.0119959  0 0 0 0 0 0 0 0 1 0 0 0 0 0 0 0 0 0
FAM2280 Y20070000050468 -0.0181539 -0.0189768 0.0176094 -0.0332448 -0.000857791 -0.0143017 0.00575548 0.00722508 0.0191596 -0.00746574  1 0 0 0 0 0 0 0 0 0 0 0 0 0 0 0 0 0
FAM2281 Y20070000050469 -0.0214083 -0.0179908 0.0273315 -0.0214687 0.00116229 -0.00401632 0.00441864 0.00512166 0.0171789 -0.00784289  1 0 0 0 0 0 0 0 0 0 0 0 0 0 0 0 0 0
FAM2282 Y20070000050470 -0.011462 0.0106549 -0.00691056 0.012575 -0.0216424 -0.00107054 0.00754571 -0.015871 0.000576881 0.00191418  0 0 0 0 0 1 0 0 0 0 0 0 0 0 0 0 0 0
FAM2283 Y20070000050471 -0.0266322 -0.0294991 0.0387886 -0.0506844 -0.000334928 0.00370777 -0.00987146 0.011769 0.00544518 -0.0126911  0 0 0 0 0 0 0 0 1 0 0 0 0 0 0 0 0 0
FAM2284 Y20070000050472 -0.017975 0.0164046 -0.00987644 0.0250982 -0.0481947 0.0322977 -0.00600754 0.0136938 0.0179683 -0.0195531  0 0 0 0 0 1 0 0 0 0 0 0 0 0 0 0 0 0
FAM2285 Y20070000050473 -0.0190831 0.0120227 -0.00691019 0.0212987 -0.0358459 0.0166105 -0.00269759 -0.0268402 0.0038233 -0.042827  0 0 0 0 0 1 0 0 0 0 0 0 0 0 0 0 0 0
FAM2286 Y20070000050474 -0.0205762 0.0137378 -0.00902488 0.0270247 -0.0488696 0.0351366 -0.00271592 -0.000469647 0.0141412 -0.037697  0 0 0 0 0 1 0 0 0 0 0 0 0 0 0 0 0 0
FAM2287 Y20070000050475 -0.0157225 0.00631235 -0.0180716 0.00993563 -0.0225537 -0.00551155 0.0105489 -0.0327474 0.00101775 -0.0265179  0 0 0 0 0 0 0 0 0 0 0 0 0 0 0 0 0 0
FAM2288 Y20070000050476 -0.0247369 -0.0248665 -0.0589884 0.0153509 0.0393823 -0.0149717 -0.0793297 0.0128787 -0.000600867 -0.000571143  0 0 0 1 0 0 0 0 0 0 0 0 0 0 0 0 0 0
FAM2289 Y20070000050477 -0.0281703 -0.0122897 -0.0418152 0.0402917 0.0420398 0.0293116 0.014035 0.00812217 -0.0183761 0.00567495  0 0 0 0 1 0 0 0 0 0 0 0 0 0 0 0 0 0
FAM2290 Y20070000050478 -0.0236272 -0.0200325 0.0235813 -0.0235936 0.00854058 0.00357978 0.0231938 0.00567818 0.0146679 -0.0167937  1 0 0 0 0 0 0 0 0 0 0 0 0 0 0 0 0 0
FAM2291 Y20070000050479 -0.0242482 -0.0216568 0.0239763 -0.0286714 0.00751273 -0.00201985 0.0179797 0.0117648 0.0207966 -0.0168523  1 0 0 0 0 0 0 0 0 0 0 0 0 0 0 0 0 0
FAM2292 Y20070000050480 0.0106487 -0.00339274 -0.00491058 -0.00301849 -0.00105676 -0.00472025 0.00448848 0.00834132 -0.0085503 0.0103699  0 0 0 0 0 0 0 0 0 0 0 0 0 0 0 0 1 0
FAM2293 Y20070000050481 -0.0195829 -0.0186898 0.0224927 -0.0306279 0.00293135 -0.0122399 0.00354387 0.0093259 0.0212982 -0.0104457  1 0 0 0 0 0 0 0 0 0 0 0 0 0 0 0 0 0
FAM2294 Y20070000050483 -0.0242162 -0.0259759 0.0227983 -0.0411727 0.00214018 -0.0128807 0.0124827 0.00929434 0.0213943 -0.00550791  1 0 0 0 0 0 0 0 0 0 0 0 0 0 0 0 0 0
FAM2295 Y20070000050484 -0.0120869 -0.00612426 -0.00214067 -0.00926598 -0.00915692 -0.0150093 0.000709311 0.00452006 0.00478753 0.0024093  0 0 1 0 0 0 0 0 0 0 0 0 0 0 0 0 0 0
FAM2296 Y20070000050485 -0.00499135 0.000716436 -0.00930307 -0.00504334 -0.00932985 -0.0150985 0.00795258 -0.00151678 4.03415e-05 0.0152449  0 0 0 0 0 0 0 0 0 0 0 0 0 0 0 0 0 0
FAM2297 Y20070000050486 -0.00206952 0.00227457 -0.00645321 -0.000373627 -0.0140162 -0.012343 0.00517829 -0.000377602 0.00040426 0.012584  0 0 0 0 0 1 0 0 0 0 0 0 0 0 0 0 0 0
FAM2298 Y20070000050487 -0.00161019 -0.00398604 0.00192852 -0.00643945 -0.00767512 -0.0120948 0.00742283 0.00305323 0.00134681 0.00658122  0 0 1 0 0 0 0 0 0 0 0 0 0 0 0 0 0 0
FAM2299 Y20070000050488 -0.0270776 -0.0299791 0.0390147 -0.0492425 -0.0014902 0.00643177 -0.0110926 0.00755832 0.00163926 -0.0142332  0 0 0 0 0 0 0 0 1 0 0 0 0 0 0 0 0 0
FAM2300 Y20070000050489 -0.0251225 -0.0220036 -0.0380445 -0.00163057 0.0244178 -0.0237726 -0.0654989 0.014151 0.00811309 0.00796813  0 0 0 1 0 0 0 0 0 0 0 0 0 0 0 0 0 0
FAM2301 Y20070000050490 -0.02844 -0.029792 0.0429741 -0.0500295 0.00217965 0.0085768 -0.0078108 0.0112925 0.00717095 -0.017474  0 0 0 0 0 0 0 0 1 0 0 0 0 0 0 0 0 0
FAM2302 Y20070000050491 -0.0171045 -0.0209204 0.0271923 -0.0363294 -0.00579601 0.000895153 -0.0117583 0.00872101 -0.00102812 -0.0052436  0 0 0 0 0 0 0 0 1 0 0 0 0 0 0 0 0 0
FAM2303 Y20070000050492 -0.0190172 -0.011047 -0.0346153 0.00946674 0.011276 -0.0182603 -0.0385854 0.0105705 0.0100238 0.00549898  0 0 0 0 0 0 0 0 0 0 0 0 0 0 0 0 0 0
FAM2304 Y20070000050493 -0.020547 0.0140157 -0.00937122 0.0272112 -0.0489991 0.0352985 -0.00293784 -0.00134005 0.0140135 -0.0375725  0 0 0 0 0 1 0 0 0 0 0 0 0 0 0 0 0 0
FAM2305 Y20070000050494 -0.0228808 -0.0191604 -0.0502087 0.0155127 0.0247468 -0.0109994 -0.0612835 0.00112496 -0.00321561 -0.0130828  0 0 0 1 0 0 0 0 0 0 0 0 0 0 0 0 0 0
FAM2306 Y20070000050495 -0.0232352 -0.0146931 -0.0459937 0.0116042 0.0190216 -0.012842 -0.0523042 -0.0122193 -0.00331241 -0.0191173  0 0 0 1 0 0 0 0 0 0 0 0 0 0 0 0 0 0
FAM2307 Y20070000050496 -0.0269843 -0.0271804 0.0395346 -0.0424894 0.00327654 0.00901394 -0.00261075 0.00337554 0.00177953 -0.0178464  0 0 0 0 0 0 0 0 1 0 0 0 0 0 0 0 0 0
FAM2308 Y20070000050497 -0.0283081 -0.0300049 0.0452722 -0.0491194 0.00153766 0.0105703 -0.0132401 0.00800538 0.000272397 -0.0177781  0 0 0 0 0 0 0 0 1 0 0 0 0 0 0 0 0 0
FAM2309 Y20070000050498 -0.0272575 -0.0269538 0.0398949 -0.040739 0.00426412 0.0125542 -0.00419814 0.00196069 -0.000342746 -0.020087  0 0 0 0 0 0 0 0 1 0 0 0 0 0 0 0 0 0
FAM2310 Y20070000050499 -0.0185752 0.0203811 -0.0151852 0.0326123 -0.0727184 0.0591709 -0.00460703 0.0424247 0.0248328 -0.0144969  0 0 0 0 0 1 0 0 0 0 0 0 0 0 0 0 0 0
FAM2311 Y20070000050500 -0.00377345 -0.000630516 -0.00948268 -0.00211299 -0.00598489 -0.0145678 0.0117002 0.00151196 0.00721365 0.0111314  0 0 1 0 0 0 0 0 0 0 0 0 0 0 0 0 0 0
FAM2312 Y20070000050501 -0.0259457 -0.027574 0.0312189 -0.0437268 0.00290387 2.9242e-05 0.00575565 0.00936319 0.0135868 -0.0119484  1 0 0 0 0 0 0 0 0 0 0 0 0 0 0 0 0 0
FAM2313 Y20070000050502 -0.0240593 -0.0232423 -0.00718253 -0.0146515 0.0200361 -0.0211971 -0.0188253 0.00937145 0.0189389 -0.00541558  0 0 0 1 0 0 0 0 0 0 0 0 0 0 0 0 0 0
FAM2314 Y20070000050503 -0.0292358 -0.0278378 0.0354248 -0.0354988 0.0107637 0.0169749 -0.00722183 0.00405184 -0.00181182 -0.0217402  0 0 0 0 0 0 0 0 1 0 0 0 0 0 0 0 0 0
FAM2315 Y20070000050504 -0.0291813 -0.0278231 0.0354849 -0.0356217 0.0107055 0.016709 -0.00738149 0.00396881 -0.00181528 -0.0217589  0 0 0 0 0 0 0 0 1 0 0 0 0 0 0 0 0 0
FAM2316 Y20070000050505 -0.0263231 -0.0230636 0.032689 -0.0365863 -6.21456e-05 0.00783132 -0.00434634 -0.0032274 0.00028045 -0.0198938  0 0 0 0 0 0 0 0 1 0 0 0 0 0 0 0 0 0
FAM2317 Y20070000050506 -0.0271174 -0.0266482 -0.02947 -0.00220208 0.0297707 -0.0154436 -0.0385419 0.0138897 0.0104607 -0.00509756  0 0 0 1 0 0 0 0 0 0 0 0 0 0 0 0 0 0
FAM2318 Y20070000050507 -0.0247061 -0.0193773 0.0303677 -0.0268262 0.00221655 -0.0024917 0.0063169 0.000312476 0.0106637 -0.00499135  0 0 0 0 0 0 0 0 1 0 0 0 0 0 0 0 0 0
FAM2319 Y20070000050508 -0.0253619 -0.0228342 -0.0351654 -0.0052959 0.0215333 -0.0231918 -0.0538684 0.0106962 0.0124011 -0.00130038  0 0 0 1 0 0 0 0 0 0 0 0 0 0 0 0 0 0
FAM2320 Y20070000050509 -0.0113965 -0.00278123 -0.00299174 -0.0041658 -0.00799893 -0.0173993 0.0220077 -0.0027876 0.0137679 0.00721897  0 0 0 0 0 1 0 0 0 0 0 0 0 0 0 0 0 0
FAM2321 Y20070000050510 -0.0254318 -0.0199321 -0.0306393 0.00686442 0.0338241 -0.0201286 -0.0486552 0.0134779 0.0108596 0.00615036  0 0 0 1 0 0 0 0 0 0 0 0 0 0 0 0 0 0
FAM2322 Y20070000050511 -0.0259971 -0.022899 -0.0280914 -0.00668418 0.0269023 -0.0192127 -0.0404895 0.00636061 0.00805977 0.00135019  0 0 0 1 0 0 0 0 0 0 0 0 0 0 0 0 0 0
FAM2323 Y20070000050512 -0.0211412 -0.000600829 0.0125042 0.00233888 -0.00565795 0.0100313 0.0242934 0.00735408 0.0252828 -0.0104742  1 0 0 0 0 0 0 0 0 0 0 0 0 0 0 0 0 0
FAM2324 Y20070000050513 -0.00579184 0.00652561 -0.0174403 -0.00781466 -0.0126836 -0.0312894 0.0230312 -0.00644089 0.00604208 0.0405196  0 1 0 0 0 0 0 0 0 0 0 0 0 0 0 0 0 0
FAM2325 Y20070000050514 -0.00463045 0.000310619 -0.0139263 -0.00180372 -0.00590462 -0.0179477 0.0191497 -0.00425763 -0.00089667 0.0271376  0 1 0 0 0 0 0 0 0 0 0 0 0 0 0 0 0 0
FAM2326 Y20070000050515 -0.00986558 0.00414189 -0.00829356 0.0144862 -0.00450174 0.000783517 0.0242608 -0.00461041 0.00393054 0.00248635  0 0 0 0 0 0 0 0 0 0 0 0 0 0 0 0 0 0
FAM2327 Y20070000050516 -0.0275577 -0.0257365 -0.0510052 0.00651525 0.0375754 -0.018399 -0.0801256 0.015041 0.00237718 -0.00055165  0 0 0 1 0 0 0 0 0 0 0 0 0 0 0 0 0 0
FAM2328 Y20070000050517 -0.024334 -0.0236698 0.0308911 -0.0350721 0.0053742 0.00481685 0.00635548 0.0139792 0.0131041 -0.0169427  1 0 0 0 0 0 0 0 0 0 0 0 0 0 0 0 0 0
FAM2329 Y20070000050518 -0.0231945 -0.0167009 -0.0396242 0.0124497 0.025529 -0.0138471 -0.0485129 0.00137818 0.000119335 -0.00326358  0 0 0 1 0 0 0 0 0 0 0 0 0 0 0 0 0 0
FAM2330 Y20070000050519 -0.0162148 -0.0141207 0.0196298 -0.0169238 0.00510854 -0.00372833 0.012181 -0.00242899 0.00662473 -0.0086252  1 0 0 0 0 0 0 0 0 0 0 0 0 0 0 0 0 0
FAM2331 Y20070000050520 -0.0251133 -0.0235541 -0.0534077 0.0175524 0.038772 -0.0116792 -0.0638379 0.00901107 -0.00769694 0.00379805  0 0 0 1 0 0 0 0 0 0 0 0 0 0 0 0 0 0
FAM2332 Y20070000050521 -0.0227995 -0.0163435 0.0176029 -0.0137274 0.014788 -0.00559816 0.0420886 -0.000476615 0.0233838 -0.0219281  1 0 0 0 0 0 0 0 0 0 0 0 0 0 0 0 0 0
FAM2333 Y20070000050522 -0.00857069 -0.0031653 -0.0152584 -0.00315711 -0.00546521 -0.0237724 0.00266719 -0.00132911 0.00886308 0.021076  0 0 1 0 0 0 0 0 0 0 0 0 0 0 0 0 0 0
FAM2334 Y20070000050523 -0.0127848 -0.00104651 -0.0167962 0.00427911 -0.0114545 -0.0129496 0.00249269 -0.0135041 0.00382918 -0.00391485  0 0 0 0 0 0 0 0 0 0 0 0 0 0 0 0 0 0
FAM2335 Y20070000050524 -0.0218332 -0.0135606 0.0145791 -0.0161035 0.00020775 -0.00159863 0.0137384 -0.00679391 0.0076545 -0.00536242  1 0 0 0 0 0 0 0 0 0 0 0 0 0 0 0 0 0
FAM2336 Y20070000050525 -0.0241691 -0.0255845 0.0358168 -0.0419204 0.0037129 0.00904418 0.00511606 0.000128989 0.0066642 -0.0265718  0 0 0 0 0 0 0 0 1 0 0 0 0 0 0 0 0 0
FAM2337 Y20070000050526 -0.024439 -0.0195906 -0.0518836 0.014183 0.026074 -0.0136028 -0.0639893 0.00135239 -0.00194059 -0.0113453  0 0 0 1 0 0 0 0 0 0 0 0 0 0 0 0 0 0
FAM2338 Y20070000050527 -0.000355218 0.00171945 0.00268588 0.00649048 -0.00784701 -0.00313987 0.00603336 0.00448085 0.000413628 0.0036997  0 0 0 0 0 0 0 0 0 0 0 0 0 0 0 0 0 0
FAM2339 Y20070000050528 -0.0191221 -0.0031836 -0.0296752 0.0209608 -0.0177082 0.0268708 -0.0108185 0.031883 0.00648779 0.00797973  0 0 0 1 0 0 0 0 0 0 0 0 0 0 0 0 0 0
FAM2340 Y20070000050529 -0.0152941 0.000830648 -0.0241374 0.00690789 -0.00536216 -0.00547149 -0.00558675 -0.00837617 0.00222818 -0.00684802  0 0 0 1 0 0 0 0 0 0 0 0 0 0 0 0 0 0
FAM2341 Y20070000050530 -0.0216693 -0.0221668 0.0135155 -0.0334717 0.000653389 -0.0164503 0.0181193 0.00733699 0.0234202 -0.00145182  1 0 0 0 0 0 0 0 0 0 0 0 0 0 0 0 0 0
FAM2342 Y20070000050531 -0.0241005 -0.0250814 0.0227271 -0.0405245 0.000585943 -0.0116094 0.00933809 0.00866663 0.0186367 -0.00542395  1 0 0 0 0 0 0 0 0 0 0 0 0 0 0 0 0 0
FAM2343 Y20070000050532 -0.0169118 -0.00186003 -0.0172481 0.0062581 0.000849148 0.00205944 -0.00791201 -0.00741687 -0.00371083 -0.00708076  0 0 0 1 0 0 0 0 0 0 0 0 0 0 0 0 0 0
FAM2344 Y20070000050533 -0.0185006 0.0167561 -0.0116099 0.0302111 -0.0594842 0.0534631 -0.00145133 0.0503818 0.023333 -0.00123365  0 0 0 0 0 1 0 0 0 0 0 0 0 0 0 0 0 0
FAM2345 Y20070000050534 -0.0297183 -0.0278552 0.0352794 -0.0350113 0.0118201 0.0128353 -0.0115268 -0.00142945 -0.000643814 -0.0268427  0 0 0 0 0 0 0 0 1 0 0 0 0 0 0 0 0 0
FAM2346 Y20070000050535 -0.0119814 0.00888046 -0.0126872 0.0166325 -0.0419171 0.0131278 -0.00801598 0.0202885 0.011303 -0.000187639  0 0 0 0 0 1 0 0 0 0 0 0 0 0 0 0 0 0
FAM2347 Y20070000050536 -0.0160363 0.00823041 -0.0209881 0.0179158 -0.0416231 0.0290936 -0.00954092 0.0320064 0.0181012 0.000817247  0 0 0 0 0 1 0 0 0 0 0 0 0 0 0 0 0 0
FAM2348 Y20070000050537 -0.0169323 0.00807313 -0.0219353 0.00911708 -0.0411332 0.0049724 0.00159396 -0.0286821 0.00870581 -0.041705  0 0 0 0 0 0 1 0 0 0 0 0 0 0 0 0 0 0
FAM2349 Y20070000050538 -0.0208685 -0.00643572 -0.0330745 0.0153683 0.00278978 -0.00522145 -0.0391324 -0.00947737 -0.00102673 -0.0130797  0 0 0 1 0 0 0 0 0 0 0 0 0 0 0 0 0 0
FAM2350 Y20070000050539 -0.0179651 -0.0163449 0.0132958 -0.0312008 -0.00201195 -0.0188647 0.00566637 0.00382435 0.0212087 -0.00270496  1 0 0 0 0 0 0 0 0 0 0 0 0 0 0 0 0 0
FAM2351 Y20070000050540 -0.0247429 -0.0129086 -0.0434768 0.0141621 0.00457022 0.00434606 -0.0498824 0.0284889 0.00906297 0.00442292  0 0 0 1 0 0 0 0 0 0 0 0 0 0 0 0 0 0
FAM2352 Y20070000050541 -0.0243319 -0.0211712 0.0289568 -0.0328021 0.00219186 0.00356208 0.00229617 -0.000558244 0.0057579 -0.0146343  0 0 0 0 0 0 0 0 1 0 0 0 0 0 0 0 0 0
FAM2353 Y20070000050542 -0.0173032 0.0172085 -0.0209771 0.0234266 -0.0401461 0.0137719 0.00824931 -0.059316 -0.00971793 -0.0619889  0 0 0 0 0 0 1 0 0 0 0 0 0 0 0 0 0 0
FAM2354 Y20070000050543 -0.0259862 -0.0226981 -0.0569944 0.016936 0.040241 -0.0137345 -0.0624408 0.00973454 -0.00454682 0.00695062  0 0 0 1 0 0 0 0 0 0 0 0 0 0 0 0 0 0
FAM2355 Y20070000050544 -0.0231621 -0.0150971 -0.0492749 0.0140715 0.0214802 -0.00998822 -0.0585873 -0.0162278 -0.0081723 -0.0251703  0 0 0 1 0 0 0 0 0 0 0 0 0 0 0 0 0 0
FAM2356 Y20070000050545 -0.010946 0.0064173 -0.011206 0.01407 -0.0339402 0.0172714 0.00314252 0.0312497 0.0181403 -0.00178455  0 0 0 0 0 1 0 0 0 0 0 0 0 0 0 0 0 0
FAM2357 Y20070000050546 -0.0117328 0.00487127 -0.0161443 0.00190864 -0.0187764 -0.00915243 0.0145849 -0.0329747 -0.00122259 -0.0217695  0 0 0 0 0 1 0 0 0 0 0 0 0 0 0 0 0 0
FAM2358 Y20070000050547 -0.0248463 -0.0192701 -0.0375106 0.0102652 0.0284297 -0.0205606 -0.064765 0.0110753 0.0087821 0.00267094  0 0 0 1 0 0 0 0 0 0 0 0 0 0 0 0 0 0
FAM2359 Y20070000050548 -0.0282528 -0.0132769 -0.045236 0.0303456 0.0256109 0.00480557 -0.0336 0.009345 0.000648274 -0.00579354  0 0 0 0 0 0 0 0 0 0 0 0 0 0 0 0 0 0
FAM2360 Y20070000050549 -0.0155253 -0.00373481 0.0108282 0.0036307 -0.00623005 -0.00413831 0.0133698 0.000912982 0.0212225 -0.00921002  1 0 0 0 0 0 0 0 0 0 0 0 0 0 0 0 0 0
FAM2361 Y20070000050550 -0.026388 -0.0176202 0.0239554 -0.0222981 0.010029 0.00220462 0.0335416 0.00495363 0.019448 -0.00796056  1 0 0 0 0 0 0 0 0 0 0 0 0 0 0 0 0 0
FAM2362 Y20070000050551 -0.00920571 0.00973475 -0.00956824 0.0100881 -0.0256741 -0.000293999 0.00580862 -0.000535539 0.00683223 0.00548362  0 0 0 0 0 0 0 0 0 0 0 0 0 0 0 0 0 0
FAM2363 Y20070000050552 -0.0259864 -0.0282234 0.0364635 -0.0410212 0.0105028 0.0125998 0.013958 0.00951114 0.0171303 -0.0253651  1 0 0 0 0 0 0 0 0 0 0 0 0 0 0 0 0 0
FAM2364 Y20070000050553 -0.0170231 -0.0140607 0.0214319 -0.0137817 0.00958001 0.00201341 0.019096 -0.00452268 0.0108983 -0.0168015  0 0 0 0 0 0 0 0 0 0 0 0 0 0 0 0 0 0
FAM2365 Y20070000050554 -0.0253063 -0.0180174 0.0257515 -0.025297 0.00418649 0.00450655 0.021745 0.0022044 0.0115626 -0.0144411  1 0 0 0 0 0 0 0 0 0 0 0 0 0 0 0 0 0
FAM2366 Y20070000050555 -0.0220003 -0.0173321 -0.0471922 0.0115276 0.017773 -0.0121768 -0.0600712 -0.000782743 0.00408088 -0.0151703  0 0 0 1 0 0 0 0 0 0 0 0 0 0 0 0 0 0
FAM2367 Y20070000050556 -0.0139377 -0.0101026 0.0168866 -0.0125109 0.00145361 -0.00544793 0.0084251 0.00618039 0.00735757 0.00465463  0 0 0 0 1 0 0 0 0 0 0 0 0 0 0 0 0 0
FAM2368 Y20070000050557 -0.0146343 -0.0140029 0.0173669 -0.020015 0.00201342 -0.00836932 0.00233365 0.00106425 0.00819256 -0.00736356  1 0 0 0 0 0 0 0 0 0 0 0 0 0 0 0 0 0
FAM2369 Y20070000050558 -0.018156 0.000265761 0.00907007 0.00759383 -0.0187951 0.00635631 0.01547 0.0134009 0.0252459 -0.00372272  1 0 0 0 0 0 0 0 0 0 0 0 0 0 0 0 0 0
FAM2370 Y20070000050559 -0.0278576 -0.0240259 -0.046896 0.0129228 0.038268 -0.0106975 -0.0565421 0.00521849 -0.00242329 -0.00511004  0 0 0 1 0 0 0 0 0 0 0 0 0 0 0 0 0 0
FAM2371 Y20070000050560 -0.0240404 -0.0186932 -0.0475633 0.0235696 0.038669 0.00127201 -0.0187174 0.00643756 -0.0100528 0.00831947  0 0 0 1 0 0 0 0 0 0 0 0 0 0 0 0 0 0
FAM2372 Y20070000050561 -0.0126646 0.0128413 -0.0098231 0.0123479 -0.0350561 0.00921219 0.00191989 -0.00960238 0.00890016 -0.0232093  0 0 0 0 0 0 0 0 0 0 0 0 0 0 0 0 0 0
FAM2373 Y20070000050562 -0.0219777 -0.0023249 -0.0345669 0.0119335 -0.00165232 -0.0090459 -0.0273858 -0.0427593 -0.00328077 -0.0459762  0 0 0 0 0 0 0 0 0 0 0 0 0 0 0 0 0 0
FAM2374 Y20070000050563 -0.0177943 0.017714 -0.0142631 0.0321033 -0.0623084 0.045599 -0.00579408 0.0283628 0.0190118 -0.0167031  0 0 0 0 0 1 0 0 0 0 0 0 0 0 0 0 0 0
FAM2375 Y20070000050564 -0.0173792 -0.0109848 0.0151264 -0.0144865 0.00108607 -0.0219903 0.0134991 0.00105568 0.0250615 -0.00573057  1 0 0 0 0 0 0 0 0 0 0 0 0 0 0 0 0 0
FAM2376 Y20070000050565 -0.0196466 -0.0135307 -0.00159596 0.00154102 0.0119375 -0.0109763 0.0101887 0.0036262 0.017996 -0.00936986  0 0 0 0 1 0 0 0 0 0 0 0 0 0 0 0 0 0
FAM2377 Y20070000050566 -0.0267101 -0.0230826 0.019231 -0.0288628 0.00345317 -0.00143688 -0.00272061 0.00642835 0.0136038 -0.0135968  0 0 0 0 0 0 0 0 1 0 0 0 0 0 0 0 0 0
FAM2378 Y20070000050567 -0.0145796 -0.00530409 -0.0193879 0.00198697 -0.00203138 -0.0107726 -0.00307584 0.000194981 0.00402256 0.0141663  0 0 0 1 0 0 0 0 0 0 0 0 0 0 0 0 0 0
FAM2379 Y20070000050568 -0.0204404 0.0177075 -0.0236224 0.0227969 -0.0529402 0.0335151 0.00928034 -0.0129736 0.0105279 -0.0455261  0 0 0 0 0 1 0 0 0 0 0 0 0 0 0 0 0 0
FAM2380 Y20070000050569 -0.0207914 0.0174088 -0.0124964 0.0257796 -0.059135 0.0418285 -0.00290378 0.00418302 0.0117002 -0.0267106  0 0 0 0 0 1 0 0 0 0 0 0 0 0 0 0 0 0
FAM2381 Y20070000050570 -0.0169401 -0.00846019 -0.0261068 0.00534772 0.0101095 -0.0144034 -0.0135265 -0.00241185 -0.0017846 0.0127342  0 0 1 0 0 0 0 0 0 0 0 0 0 0 0 0 0 0
FAM2382 Y20070000050571 -0.0256712 -0.0151258 0.0218262 -0.020839 0.00700879 -0.000244253 0.0336679 -0.000291342 0.0200777 -0.00843986  1 0 0 0 0 0 0 0 0 0 0 0 0 0 0 0 0 0
FAM2383 Y20070000050572 -0.0249792 -0.0284429 0.0371783 -0.0421866 0.00978459 0.0123991 0.0119477 0.0114136 0.0162735 -0.0238089  1 0 0 0 0 0 0 0 0 0 0 0 0 0 0 0 0 0
FAM2384 Y20070000050573 -0.0163075 0.00709056 0.00396536 0.0105672 -0.0216102 0.00701872 0.0100483 0.0112258 0.024555 -0.00182655  1 0 0 0 0 0 0 0 0 0 0 0 0 0 0 0 0 0
FAM2385 Y20070000050574 -0.00481909 0.00315256 -0.00982843 -0.00992569 -0.00941562 -0.022693 0.018688 -0.00702647 0.00196949 0.0227646  0 1 0 0 0 0 0 0 0 0 0 0 0 0 0 0 0 0
FAM2386 Y20070000050575 -0.0283021 -0.0217182 0.0250176 -0.0255717 0.0134712 0.00568963 0.0419388 0.00622554 0.0221867 -0.0139023  1 0 0 0 0 0 0 0 0 0 0 0 0 0 0 0 0 0
FAM2387 Y20070000050576 -0.0184058 -0.0054487 0.0129185 -0.00284252 -0.0115577 -0.00137623 0.020954 0.00569749 0.0251464 -0.00959261  1 0 0 0 0 0 0 0 0 0 0 0 0 0 0 0 0 0
FAM2388 Y20070000050577 -0.0131025 0.0092864 -0.00990939 0.011225 -0.0291734 0.0106695 0.000475654 0.0050351 0.0102204 -0.00255164  0 0 0 0 0 0 0 0 0 0 0 0 0 0 0 0 0 0
FAM2389 Y20070000050578 -0.00902183 -0.00543915 -0.00155597 -0.013645 -0.00749469 -0.01838 0.0133153 0.00469451 0.0101509 0.0256117  0 1 0 0 0 0 0 0 0 0 0 0 0 0 0 0 0 0
FAM2390 Y20070000050579 -0.0220272 -0.017144 -0.0467015 0.0137385 0.017996 -0.0115503 -0.0590636 -0.00202337 -0.00265291 -0.0150877  0 0 0 1 0 0 0 0 0 0 0 0 0 0 0 0 0 0
FAM2391 Y20070000050580 -0.0220584 -0.0172501 -0.0461936 0.0133919 0.0178527 -0.0114752 -0.0587945 -0.00211782 -0.00267713 -0.0151458  0 0 0 1 0 0 0 0 0 0 0 0 0 0 0 0 0 0
FAM2392 Y20070000050581 -0.0287753 -0.0287494 0.0435081 -0.045766 0.00302815 0.0151687 -0.00523361 0.00240695 -0.00152824 -0.0209146  0 0 0 0 0 0 0 0 1 0 0 0 0 0 0 0 0 0
FAM2393 Y20070000050582 -0.0282548 -0.0264699 -0.0273269 -0.00975783 0.0308336 -0.0201365 -0.0511703 0.0153012 0.012589 -0.000924337  0 0 0 1 0 0 0 0 0 0 0 0 0 0 0 0 0 0
FAM2394 Y20070000050583 -0.0203292 -0.0177725 0.0126329 -0.031596 -0.00166029 -0.0154254 0.0149011 0.00440336 0.0206046 0.000241005  1 0 0 0 0 0 0 0 0 0 0 0 0 0 0 0 0 0
FAM2395 Y20070000050584 -0.00871225 0.0082976 -0.0155875 -0.00138608 -0.0241454 -0.00834578 0.00819673 -0.0451832 -0.00889891 -0.0246339  0 0 0 0 0 0 1 0 0 0 0 0 0 0 0 0 0 0
FAM2396 Y20070000050585 -0.0029596 0.000122463 -0.00941022 -0.00546114 -0.012719 -0.019224 0.00379897 0.00221329 0.00543292 0.0142636  0 0 1 0 0 0 0 0 0 0 0 0 0 0 0 0 0 0
FAM2397 Y20070000050586 -0.00573912 -0.00197277 -0.0151253 -0.00220185 -0.0111633 -0.0193344 0.009371 -0.00114516 0.00471652 0.017168  0 0 1 0 0 0 0 0 0 0 0 0 0 0 0 0 0 0
FAM2398 Y20070000050587 -0.0182571 0.0148499 -0.0119304 0.0244567 -0.0619222 0.047277 0.00116511 0.0377077 0.0210044 -0.00354599  0 0 0 0 0 1 0 0 0 0 0 0 0 0 0 0 0 0
FAM2399 Y20070000050589 -0.000571374 0.000171235 -0.00770122 -0.00177415 -0.0103312 -0.00765561 0.0099633 -0.00407079 -0.00417124 0.00732373  0 0 1 0 0 0 0 0 0 0 0 0 0 0 0 0 0 0
FAM2400 Y20070000050590 -0.0154793 -0.0115771 0.00463307 -0.0209178 -0.0066669 -0.0159872 0.0138576 0.0044668 0.0112497 0.00891252  1 0 0 0 0 0 0 0 0 0 0 0 0 0 0 0 0 0
FAM2401 Y20070000050591 -0.0293 -0.0317988 0.0476087 -0.0529595 5.97999e-05 0.0154323 -0.0190815 0.00997271 -0.00300766 -0.0185031  0 0 0 0 0 0 0 0 1 0 0 0 0 0 0 0 0 0
FAM2402 Y20070000050592 -0.0226117 -0.00606251 0.0205576 0.000591868 -0.00337729 0.000966248 0.0214509 -6.451e-05 0.020745 -0.00445209  1 0 0 0 0 0 0 0 0 0 0 0 0 0 0 0 0 0
FAM2403 Y20070000050594 -0.0266796 -0.0270067 -0.0592056 0.012787 0.039039 -0.0157885 -0.0874278 0.0125572 0.00185571 -0.00377234  0 0 0 1 0 0 0 0 0 0 0 0 0 0 0 0 0 0
FAM2404 Y20070000050595 -0.0117076 -0.00613468 0.00776686 -0.00463658 -0.00472726 -0.0135624 0.0187159 0.00289781 0.0146265 0.00231745  1 0 0 0 0 0 0 0 0 0 0 0 0 0 0 0 0 0
FAM2405 Y20070000050597 -0.0248038 -0.0164833 0.025437 -0.0243107 0.00284542 0.00064313 0.0146943 0.00112919 0.0108446 -0.0038462  1 0 0 0 0 0 0 0 0 0 0 0 0 0 0 0 0 0
FAM2406 Y20070000050598 -0.0273672 -0.0293724 0.041719 -0.0503675 0.000684022 0.00911764 -0.00785648 0.0108215 0.0036381 -0.0177188  0 0 0 0 0 0 0 0 1 0 0 0 0 0 0 0 0 0
FAM2407 Y20070000050599 -0.0160978 -0.00734996 0.0153521 -0.00890862 -0.0126458 0.00364426 0.00533471 0.00706657 0.0112964 -1.92314e-06  1 0 0 0 0 0 0 0 0 0 0 0 0 0 0 0 0 0
FAM2408 Y20070000050601 -0.0215111 -0.0199878 -0.0442961 0.00631963 0.0269747 -0.0207093 -0.0731281 0.0165747 0.00321669 0.00498375  0 0 0 1 0 0 0 0 0 0 0 0 0 0 0 0 0 0
FAM2409 Y20070000050602 -0.027426 -0.0249191 -0.0591526 0.0119971 0.0404292 -0.0201211 -0.0861514 0.0135906 0.00120409 0.000992857  0 0 0 1 0 0 0 0 0 0 0 0 0 0 0 0 0 0
FAM2410 Y20070000050604 -0.0233267 -0.0150325 -0.0409584 0.021342 0.0353179 -0.00971459 -0.0353132 0.00819038 -0.000533752 0.00953526  0 0 0 1 0 0 0 0 0 0 0 0 0 0 0 0 0 0
FAM2411 Y20070000050605 -0.0144657 0.00607361 -0.00682567 -0.00386422 -0.0236652 -0.0108825 0.00961971 -0.0471991 0.000481429 -0.0417651  0 0 0 0 0 0 1 0 0 0 0 0 0 0 0 0 0 0
FAM2412 Y20070000050607 -0.0141912 -0.000499575 -0.00754432 -0.00952755 -0.0169154 -0.016249 0.00603848 -0.0261629 0.00385726 -0.0123302  0 0 0 0 0 0 0 0 0 0 0 0 0 0 0 0 0 0
FAM2413 Y20070000050608 -0.0217422 -0.0197163 0.0246886 -0.0323415 -0.00246197 -0.00438584 -0.00496119 0.00408787 0.0100578 -0.00800969  1 0 0 0 0 0 0 0 0 0 0 0 0 0 0 0 0 0
FAM2414 Y20070000050609 -0.00939775 -0.00240395 -0.00392227 -0.00334497 -0.0148343 -0.00498834 0.00692487 0.000852042 0.002446 -0.000653428  0 0 1 0 0 0 0 0 0 0 0 0 0 0 0 0 0 0
FAM2415 Y20070000050610 -0.0102736 0.00347757 -0.00784082 0.00122698 -0.0129387 -0.0116574 0.0121436 -0.0183462 0.000244684 -0.00409528  0 0 0 0 0 0 1 0 0 0 0 0 0 0 0 0 0 0
FAM2416 Y20070000050611 0.0113742 -0.00761977 0.0118321 0.00137084 0.00260763 -0.00706595 0.0050609 0.0147065 -0.00537513 -0.0214419  0 0 0 0 0 0 0 0 0 0 0 0 0 0 0 1 0 0
FAM2417 Y20070000050612 0.0209704 -0.00481235 0.00437811 0.00725036 0.000214912 -0.00639718 0.00258882 0.0166454 -0.0156604 -0.018533  0 0 0 0 0 0 0 0 0 0 0 0 0 0 0 1 0 0
FAM2418 Y20070000050613 0.0182242 -0.00450362 0.00133114 0.00823739 -0.000283839 -0.00757558 -1.9711e-05 0.0133251 -0.00713682 -0.0183007  0 0 0 0 0 0 0 0 0 0 0 0 0 0 0 1 0 0
FAM2419 Y20070000050615 0.0239296 -0.00727395 0.00568479 0.00650378 0.00449272 -0.0094835 -0.0015486 0.0164995 -0.012546 -0.0274905  0 0 0 0 0 0 0 0 0 0 0 0 0 0 0 1 0 0
FAM2420 Y20070000050616 0.0197753 -0.00609031 0.00590342 0.00927535 0.00222774 -0.00997997 0.000689788 0.0123713 -0.0100917 -0.0274798  0 0 0 0 0 0 0 0 0 0 0 0 0 0 0 1 0 0
FAM2421 Y20070000050617 0.0193742 -0.00382166 0.00868335 0.0100976 0.00144412 -0.0122375 -0.000658842 0.0143514 -0.00952015 -0.0202303  0 0 0 0 0 0 0 0 0 0 0 0 0 0 0 1 0 0
FAM2422 Y20070000050618 0.020668 -0.00344344 0.00415885 0.0060841 -0.000252307 -0.00949096 0.00161417 0.0178727 -0.0154705 -0.0200009  0 0 0 0 0 0 0 0 0 0 0 0 0 0 0 1 0 0
FAM2423 Y20070000050619 0.0189206 -0.00365533 0.00110881 0.00661804 7.09916e-05 -0.00551723 0.00194473 0.0127937 -0.00820306 -0.0256113  0 0 0 0 0 0 0 0 0 0 0 0 0 0 0 1 0 0
FAM2424 Y20070000050620 0.00797633 0.000997533 0.0244556 0.0225935 0.00420077 -0.0136663 -0.0086404 0.012469 0.00427688 -0.00799082  0 0 0 0 0 0 0 0 0 0 0 0 0 0 0 0 1 0
FAM2425 Y20070000050621 -0.00604543 -0.0154465 0.0105939 -0.0100321 0.0126599 -0.0015965 0.0136776 0.00648324 0.00810113 -0.0144261  0 0 0 0 0 0 0 0 0 0 0 0 0 0 0 0 0 0
FAM2426 Y20070000050623 0.00834011 -0.0107734 -0.00836781 0.0210589 0.021907 -0.0012268 0.0125823 0.016387 -0.0191731 -0.0116176  0 0 0 0 0 0 0 0 0 0 0 0 0 0 0 1 0 0
FAM2427 Y20070000050625 0.00553059 -0.0126974 0.0133337 -0.0055952 0.0089597 0.00106814 0.011708 0.0153504 -0.00313559 -0.0184886  0 0 0 0 0 0 0 0 0 0 0 0 0 0 0 0 1 0
FAM2428 Y20070000050626 0.0127024 -0.00260267 0.00435545 0.00779548 -0.00111357 -0.00418348 0.000247566 0.000791632 -0.00746484 -0.0152722  0 0 0 0 0 0 0 0 0 0 0 0 0 0 0 1 0 0
FAM2429 Y20070000050628 0.016265 0.000320076 0.00329516 0.00587511 0.000229226 -0.0106109 0.00218873 0.00995078 -0.00976871 -0.0111683  0 0 0 0 0 0 0 0 0 0 0 0 0 0 0 1 0 0
FAM2430 Y20070000050629 0.0129086 0.000500006 0.00129824 0.0037997 -0.00259252 -0.00432255 0.000860061 0.00354707 -0.00965604 -0.0166843  0 0 0 0 0 0 0 0 0 0 0 0 0 0 0 1 0 0
FAM2431 Y20070000050630 0.00443527 -0.0024821 0.0203361 0.00602276 -0.00207191 0.0193995 -0.0183263 -0.0235955 -0.0462059 0.0336768  0 0 0 0 0 0 0 0 0 1 0 0 0 0 0 0 0 0
FAM2432 Y20070000050632 0.00280612 -0.00929666 0.0216677 -0.00718118 -0.00380252 0.0176022 -0.0163026 -0.0106324 -0.0345538 0.0308102  0 0 0 0 0 0 0 0 0 1 0 0 0 0 0 0 0 0
FAM2433 Y20070000050633 -0.0012905 0.000132423 0.0322471 0.0120777 -0.00501163 0.0250853 -0.0262737 -0.0205612 -0.0480584 0.0440864  0 0 0 0 0 0 0 0 0 1 0 0 0 0 0 0 0 0
FAM2434 Y20070000050634 -0.00254284 0.000826617 0.0305197 0.00871439 -0.0103956 0.0235987 -0.0268753 -0.0187455 -0.0570426 0.0419183  0 0 0 0 0 0 0 0 0 1 0 0 0 0 0 0 0 0
FAM2435 Y20070000050635 0.0029978 0.000131945 0.0210745 0.00700674 -0.00391322 0.0174802 -0.0206893 -0.0197961 -0.0582713 0.0344751  0 0 0 0 0 0 0 0 0 1 0 0 0 0 0 0 0 0
FAM2436 Y20070000050636 0.00106594 -0.00171188 0.0233438 0.00444595 -0.00608465 0.00854747 -0.0158123 -0.00350756 -0.0471849 0.0225711  0 0 0 0 0 0 0 0 0 1 0 0 0 0 0 0 0 0
FAM2437 Y20070000050638 0.00116166 -0.000210496 0.0289034 0.00938248 -0.00807754 0.0101398 -0.0225819 -0.00437576 -0.0531443 0.0266145  0 0 0 0 0 0 0 0 0 1 0 0 0 0 0 0 0 0
FAM2438 Y20070000050639 0.00493849 -6.97102e-05 0.0235054 0.0087902 -0.00498661 0.00307519 -0.0138213 0.00275416 -0.0361014 0.0171592  0 0 0 0 0 0 0 0 0 1 0 0 0 0 0 0 0 0
FAM2439 Y20070000050640 0.0114003 -0.00117416 0.0153676 0.00702947 -0.00281809 0.000161287 -0.0107926 0.00458506 -0.0395513 0.0106713  0 0 0 0 0 0 0 0 0 1 0 0 0 0 0 0 0 0
FAM2440 Y20070000050641 0.000919527 -0.00226226 0.0233564 -0.000544161 -0.00515064 0.00998822 -0.0165573 -0.00450552 -0.0510451 0.023756  0 0 0 0 0 0 0 0 0 1 0 0 0 0 0 0 0 0
FAM2441 Y20070000050642 0.00353345 -0.00378311 0.0226336 -0.000376607 -0.00272766 0.0114221 -0.0179456 -0.00327729 -0.0490731 0.0160835  0 0 0 0 0 0 0 0 0 1 0 0 0 0 0 0 0 0
FAM2442 Y20070000050643 -0.00369087 -0.000599105 0.0308017 0.0088793 -0.0076526 0.0141844 -0.0207597 -0.00579631 -0.0493521 0.0336828  0 0 0 0 0 0 0 0 0 1 0 0 0 0 0 0 0 0
FAM2443 Y20070000050644 0.00371718 0.0016226 0.0238178 0.00728556 -0.00837748 0.0132554 -0.0224783 -0.00832874 -0.0599401 0.0271705  0 0 0 0 0 0 0 0 0 1 0 0 0 0 0 0 0 0
FAM2444 Y20070000050645 -0.00184978 -0.0132123 0.00273272 -0.00601871 0.0096194 -0.00546107 -0.00240207 0.00728851 -0.00304893 -0.00597317  0 0 0 0 0 0 0 0 0 0 0 0 0 0 0 0 0 0
FAM2445 Y20070000050646 0.0209174 -0.00535373 0.00276367 0.00322609 -0.000167446 -0.00633241 0.004825 0.0145771 -0.0138614 -0.0182468  0 0 0 0 0 0 0 0 0 0 0 0 0 0 0 1 0 0
FAM2446 Y20070000050647 0.0200705 -0.0031732 0.00493288 0.0078159 0.00196294 -0.0109601 0.00197991 0.0135091 -0.00925306 -0.0141549  0 0 0 0 0 0 0 0 0 0 0 0 0 0 0 1 0 0
FAM2447 Y20070000050648 0.0195564 -0.00463569 0.00377806 0.00802428 -0.000541454 -0.00923992 0.00422529 0.0144518 -0.0108179 -0.0215491  0 0 0 0 0 0 0 0 0 0 0 0 0 0 0 1 0 0
FAM2448 Y20070000050649 0.0213723 -0.00422617 0.00377448 0.00652789 -0.000343724 -0.00908539 0.00179308 0.0166985 -0.0146021 -0.019635  0 0 0 0 0 0 0 0 0 0 0 0 0 0 0 1 0 0
FAM2449 Y20070000050650 -0.00820786 -0.00862263 -0.00344046 0.00677157 0.00930257 0.00500499 0.0159335 -0.00711101 -0.0127804 -0.0218268  0 0 0 0 0 0 0 0 0 1 0 0 0 0 0 0 0 0
FAM2450 Y20070000050651 0.000854324 -0.0123025 0.0143747 -0.00736298 0.00750344 -0.00262938 0.0196195 0.0121805 0.000545971 -0.0176196  0 0 0 0 0 0 0 0 0 1 0 0 0 0 0 0 0 0
FAM2451 Y20070000050652 0.0223186 -0.00561941 0.00396627 0.00578481 0.00206842 -0.00744801 0.00099373 0.0122167 -0.0135897 -0.0160658  0 0 0 0 0 0 0 0 0 0 0 0 0 0 0 1 0 0
FAM2452 Y20070000050653 0.00667237 -0.001062 -0.00703601 0.00627352 -0.000152973 -0.00851237 0.00236525 -0.0019992 -0.0142665 -0.0123964  0 0 0 0 0 0 0 0 0 1 0 0 0 0 0 0 0 0
FAM2453 Y20070000050654 0.0172941 -0.0017447 0.0077309 0.00790117 -0.00284505 -0.0062835 -0.00120588 0.0143196 -0.00918417 -0.0103575  0 0 0 0 0 0 0 0 0 0 0 0 0 0 1 0 0 0
FAM2454 Y20070000050655 0.0137305 -0.00239054 0.0076225 0.013272 -0.00408873 -0.00292081 -0.00130397 0.0141407 -0.0046052 -0.00578618  0 0 0 0 0 0 0 0 0 1 0 0 0 0 0 0 0 0
FAM2455 Y20070000050656 0.0209896 -0.00354099 0.00030524 0.00270664 0.000427825 -0.00825326 0.00307233 0.0136807 -0.013444 -0.0130305  0 0 0 0 0 0 0 0 0 0 0 0 0 0 0 1 0 0
FAM2456 Y20070000050657 0.0181932 -0.00262466 0.00531105 0.00775037 0.00218769 -0.0137584 0.000620292 0.00675294 -0.00307207 -0.0129869  0 0 0 0 0 0 0 0 0 0 0 0 0 0 0 1 0 0
FAM2457 Y20070000050658 -0.00305061 0.00742061 0.0315415 0.0409343 0.0111043 -0.0337615 -0.00432552 -0.00401273 0.0296735 -0.0001299  0 0 0 0 0 0 0 1 0 0 0 0 0 0 0 0 0 0
FAM2458 Y20070000050659 -0.00299774 0.00242893 0.0208254 0.0245718 0.00589474 -0.0164296 2.54979e-06 -0.010533 0.00992307 -0.0245972  0 0 0 0 0 0 0 1 0 0 0 0 0 0 0 0 0 0
FAM2459 Y20070000050661 0.0199498 -0.00291794 0.00691819 0.00668233 0.00281219 -0.0127322 0.000435601 0.0103433 -0.00522098 -0.00997919  0 0 0 0 0 0 0 0 0 0 0 0 0 0 0 1 0 0
FAM2460 Y20070000050662 0.0186524 -0.00333841 0.00838807 0.00719416 0.00378784 -0.0132335 0.00570361 0.0130215 -0.00777809 -0.0158034  0 0 0 0 0 0 0 0 0 0 0 0 0 0 0 1 0 0
FAM2461 Y20070000050663 0.00254134 -0.00683429 0.0175096 0.00305805 0.0102438 -0.00522554 0.0179285 0.00951887 -0.000213775 -0.0140941  0 0 0 0 0 0 0 0 0 1 0 0 0 0 0 0 0 0
FAM2462 Y20070000050664 0.022025 -0.00288782 0.00268107 0.00484044 -5.6189e-05 -0.00914651 0.00124439 0.015966 -0.0195342 -0.0147415  0 0 0 0 0 0 0 0 0 1 0 0 0 0 0 0 0 0
FAM2463 Y20070000050665 0.0165825 -0.00179007 -0.00282729 0.00763102 -0.00866163 -0.00470892 -0.000930399 0.0191974 -0.00381496 -0.0113095  0 0 0 0 0 0 0 0 0 0 0 0 0 0 0 1 0 0
FAM2464 Y20070000050666 0.0227963 -0.00578014 0.00308175 0.00599788 -6.11308e-05 -0.00875546 0.00132515 0.0148284 -0.0116976 -0.020794  0 0 0 0 0 0 0 0 0 0 0 0 0 0 0 1 0 0
FAM2465 Y20070000050667 0.0213918 -0.00492205 0.00537051 0.00576927 0.00109978 -0.00801325 0.000953353 0.0137551 -0.00987448 -0.0180373  0 0 0 0 0 0 0 0 0 0 0 0 0 0 0 1 0 0
FAM2466 Y20070000050668 0.0211984 -0.00495465 0.00345672 0.0042632 0.000601622 -0.00950764 0.00316875 0.0144105 -0.0129455 -0.0193188  0 0 0 0 0 0 0 0 0 0 0 0 0 0 0 1 0 0
FAM2467 Y20070000050669 0.0216747 -0.00365651 0.00633497 0.00691689 0.000864965 -0.0103511 0.00261359 0.0137992 -0.0124003 -0.022799  0 0 0 0 0 0 0 0 0 0 0 0 0 0 0 1 0 0
FAM2468 Y20070000050670 0.0218869 -0.00730357 0.00524774 0.00680745 0.00226563 -0.00748137 4.39482e-05 0.0127162 -0.0100509 -0.0163278  0 0 0 0 0 0 0 0 0 0 0 0 0 0 0 1 0 0
FAM2469 Y20070000050671 0.0176069 -0.00625169 0.00715315 0.00357331 0.00359854 -0.00847416 0.00118782 0.0140137 -0.0104488 -0.0137447  0 0 0 0 0 0 0 0 0 0 0 0 0 0 0 1 0 0
FAM2470 Y20070000050672 0.0196574 -0.00366314 0.00290217 0.00688283 -0.00121506 -0.00846171 -0.000721762 0.0137902 -0.0118092 -0.0166934  0 0 0 0 0 0 0 0 0 0 0 0 0 0 0 1 0 0
FAM2471 Y20070000050673 0.0189746 -0.00438264 0.00777133 0.0113798 0.00420269 -0.0112635 -0.000203254 0.0106528 -0.00852767 -0.0142102  0 0 0 0 0 0 0 0 0 0 0 0 0 0 0 1 0 0
FAM2472 Y20070000050674 0.020466 -0.00541592 0.000943194 0.0034989 0.00241463 -0.00426146 -0.00100665 0.0069334 -0.00590839 -0.0110308  0 0 0 0 0 0 0 0 0 0 0 0 0 0 0 1 0 0
FAM2473 Y20070000050675 0.0242174 -0.00721631 0.00239545 0.00606871 0.00373559 0.00102343 -0.00143027 0.00397702 -0.00452384 -0.00965237  0 0 0 0 0 0 0 0 0 0 0 0 0 0 0 1 0 0
FAM2474 Y20070000050676 0.0197709 -0.00273367 0.00338728 0.00381084 0.000884087 -0.00812903 0.00145366 0.015373 -0.0132823 -0.0165278  0 0 0 0 0 0 0 0 0 0 0 0 0 0 0 1 0 0
FAM2475 Y20070000050677 0.0210771 -0.00255184 0.008534 0.0138353 0.00456836 -0.0153391 -0.000118174 0.0133264 -0.00487761 -0.013526  0 0 0 0 0 0 0 0 0 0 0 0 0 0 0 1 0 0
FAM2476 Y20070000050678 0.0175622 -0.0022587 0.00944578 0.0116444 0.0040432 -0.00975788 -0.00116803 0.0104413 -0.00455437 -0.0201749  0 0 0 0 0 0 0 0 0 0 0 0 0 0 0 1 0 0
FAM2477 Y20070000050679 0.0223247 -0.00352664 0.00274296 0.00707416 0.0013977 -0.0102914 -0.000460894 0.0110104 -0.0067297 -0.015525  0 0 0 0 0 0 0 0 0 0 0 0 0 0 0 1 0 0
FAM2478 Y20070000050680 0.0174803 -0.00205833 0.00186173 0.00751901 -0.00592906 0.000573896 0.00162183 0.0176048 -0.00814622 -0.0167548  0 0 0 0 0 0 0 0 0 0 0 0 0 0 0 1 0 0
FAM2479 Y20070000050681 0.017563 -0.00273537 0.0042903 0.00143529 4.17315e-05 -0.00538728 -0.00056019 0.00998019 -0.0118943 -0.0187503  0 0 0 0 0 0 0 0 0 0 0 0 0 0 0 1 0 0
FAM2480 Y20070000050682 0.0162808 -4.09461e-05 0.0017532 0.0112119 -0.00491206 -0.00431983 0.00184064 0.0146482 -0.00222859 -0.0153807  0 0 0 0 0 0 0 0 0 0 0 0 0 0 0 1 0 0
FAM2481 Y20070000050683 0.0203985 -0.00430335 0.00461382 0.00758556 5.74804e-05 -0.00576428 0.0010825 0.0114382 -0.00248048 -0.00947457  0 0 0 0 0 0 0 0 0 0 0 0 0 0 0 1 0 0
FAM2482 Y20070000050684 0.0198416 -0.00360125 0.00337016 0.00798369 -8.77386e-05 -0.00768524 0.0011031 0.015923 -0.0104392 -0.0173833  0 0 0 0 0 0 0 0 0 0 0 0 0 0 0 1 0 0
FAM2483 Y20070000050685 0.0222403 -0.00565964 0.0041144 0.00748825 0.00203143 -0.00969342 -0.00217446 0.0157432 -0.0128511 -0.0210477  0 0 0 0 0 0 0 0 0 0 0 0 0 0 0 1 0 0
FAM2484 Y20070000050686 0.0199143 -0.00381377 0.00155892 0.00689249 0.00150987 -0.00771212 -0.00302329 0.0128339 -0.00611627 -0.0134763  0 0 0 0 0 0 0 0 0 0 0 0 0 0 0 1 0 0
FAM2485 Y20070000050687 0.0197764 -0.00712589 0.00929117 0.00505271 0.00356571 -0.00658361 -0.00351924 0.0117644 -0.0069117 -0.0162726  0 0 0 0 0 0 0 0 0 0 0 0 0 0 0 1 0 0
FAM2486 Y20070000050688 0.0206303 -0.00424911 0.00614605 0.00529973 0.00116563 -0.0161927 9.4912e-05 0.0126192 -0.0142776 -0.00983268  0 0 0 0 0 0 0 0 0 0 0 0 0 0 0 1 0 0
FAM2487 Y20070000050689 0.0254373 -0.0100344 0.00697939 0.0079083 0.00456977 -0.00696739 -0.00260116 0.0162587 -0.0122455 -0.027416  0 0 0 0 0 0 0 0 0 0 0 0 0 0 0 1 0 0
FAM2488 Y20070000050690 0.0195408 -0.00448144 0.0054396 0.00559496 0.00256753 -0.00560161 0.0013846 0.0135444 -0.0119919 -0.0150018  0 0 0 0 0 0 0 0 0 0 0 0 0 0 0 1 0 0
FAM2489 Y20070000050691 0.0204468 -0.00103014 0.003028 0.0027725 0.00144968 -0.00869729 0.00235651 0.01016 -0.00993155 -0.0117525  0 0 0 0 0 0 0 0 0 0 0 0 0 0 0 1 0 0
FAM2490 Y20070000050692 0.0217874 -0.00559912 0.0035368 0.00487184 0.00198209 -0.0098863 0.000727183 0.00967182 -0.00641815 -0.00999453  0 0 0 0 0 0 0 0 0 0 0 0 0 0 0 1 0 0
FAM2491 Y20070000050693 0.0224905 -0.00642514 0.00403267 0.00419514 0.00298746 -0.00802658 0.000143855 0.00985522 -0.00666725 -0.0115413  0 0 0 0 0 0 0 0 0 0 0 0 0 0 0 1 0 0
FAM2492 Y20070000050694 0.0206351 -0.00530686 0.00568774 0.00670362 0.00175465 -0.0122576 0.000908509 0.0126725 -0.0106504 -0.0170633  0 0 0 0 0 0 0 0 0 0 0 0 0 0 0 1 0 0
FAM2493 Y20070000050695 0.0205558 -0.00680313 0.00408614 0.00424755 0.000931305 -0.00660886 -0.00105167 0.0130722 -0.0130774 -0.014249  0 0 0 0 0 0 0 0 0 0 0 0 0 0 0 1 0 0
FAM2494 Y20070000050696 0.021948 -0.00504669 0.00289131 0.00521179 0.00112957 -0.0112729 0.00328015 0.0173153 -0.0175811 -0.0196345  0 0 0 0 0 0 0 0 0 0 0 0 0 0 0 1 0 0
FAM2495 Y20070000050697 0.0204718 -0.0035942 0.00236865 0.00414655 0.000951491 -0.0100408 0.00425281 0.0131393 -0.0112731 -0.0115506  0 0 0 0 0 0 0 0 0 0 0 0 0 0 0 1 0 0
FAM2496 Y20070000050698 0.0171113 -0.00220074 0.0052088 0.00770076 0.000525214 -0.00674892 0.00139376 0.0102669 -0.00689405 -0.0159367  0 0 0 0 0 0 0 0 0 0 0 0 0 0 0 1 0 0
FAM2497 Y20070000050699 0.0221008 -0.00389886 0.00663408 0.00890036 0.00282727 -0.0104799 0.00057477 0.0127633 -0.0104625 -0.016945  0 0 0 0 0 0 0 0 0 0 0 0 0 0 0 1 0 0
FAM2498 Y20070000050700 0.0194069 -0.00195637 0.00508449 0.00623924 0.00368249 -0.0133724 -0.00198995 0.0139907 -0.00715626 -0.0221181  0 0 0 0 0 0 0 0 0 0 0 0 0 0 0 1 0 0
FAM2499 Y20070000050701 0.0178872 -0.00574119 0.00812304 0.010177 0.00190772 -0.005359 -0.000659575 0.00905389 -0.00766877 -0.0139384  0 0 0 0 0 0 0 0 0 0 0 0 0 0 0 1 0 0
FAM2500 Y20070000050702 0.0142043 -0.00260161 0.00162806 0.00750856 -0.00748073 0.00521434 -0.00129628 0.0168014 -0.00547881 -0.010342  0 0 0 0 0 0 0 0 0 0 0 0 0 0 0 1 0 0
FAM2501 Y20070000050703 0.0206351 -0.00499803 0.000223914 0.00366926 0.000484067 -0.0032679 0.00206221 0.0114448 -0.0122337 -0.013001  0 0 0 0 0 0 0 0 0 0 0 0 0 0 0 1 0 0
FAM2502 Y20070000050704 0.0138076 4.16021e-05 0.00532475 0.00960757 0.00249561 -0.0130141 0.00242432 0.000167418 -0.00600452 -0.0267425  0 0 0 0 0 0 0 0 0 0 0 0 0 0 0 1 0 0
FAM2503 Y20070000050705 0.0115931 0.00323548 0.00747649 0.0129704 0.00116516 -0.00975249 -4.41738e-07 -0.00119851 -0.00779819 -0.0233245  0 0 0 0 0 0 0 0 0 0 0 0 0 0 0 1 0 0
FAM2504 Y20070000050706 0.0218794 -0.00525471 0.00462999 0.00636846 0.00300348 -0.00900741 -0.00327221 0.013861 -0.00792051 -0.020652  0 0 0 0 0 0 0 0 0 0 0 0 0 0 0 1 0 0
FAM2505 Y20070000050707 0.0230318 -0.00700812 0.00438457 0.00742363 0.00262219 -0.00828622 -0.00254493 0.0150411 -0.0104833 -0.0186927  0 0 0 0 0 0 0 0 0 0 0 0 0 0 0 1 0 0
FAM2506 Y20070000050708 0.00863509 -0.010006 -0.00799417 0.0214074 0.0210361 0.0126778 0.0173392 0.0169805 -0.0203175 -0.00473173  0 0 0 0 0 0 0 0 0 0 0 0 0 0 0 1 0 0
FAM2507 Y20070000050709 0.0138393 -0.000670381 0.00456682 0.0163271 0.00619768 -0.00950109 0.00841783 0.00292454 -0.00268174 -0.0161036  0 0 0 0 0 0 0 0 0 0 0 0 0 0 0 1 0 0
FAM2508 Y20070000050710 0.00856758 -0.000848374 0.00565525 0.0255321 -0.00140717 0.00144264 0.00535184 0.0231376 0.00541622 -0.0180046  0 0 0 0 0 0 0 0 0 0 0 0 0 0 0 1 0 0
FAM2509 Y20070000050711 -0.00380227 -0.00928821 -0.0233603 0.0169269 0.0169803 -0.00674477 -0.0190306 -0.00892361 -0.0114333 -0.0369554  0 0 0 0 0 0 0 0 0 0 0 0 0 0 0 1 0 0
FAM2510 Y20070000050712 -0.00695851 -0.0114633 0.0147296 -0.0077663 0.00835066 0.00839384 0.015642 0.00326594 -0.00855203 0.00281144  0 0 0 0 0 0 0 0 0 1 0 0 0 0 0 0 0 0
FAM2511 Y20070000050713 -0.00680106 0.00184422 0.0160067 0.0214363 0.000455724 0.0115001 0.0103088 0.00234727 -0.00899129 0.0122006  0 0 0 0 0 0 0 0 0 1 0 0 0 0 0 0 0 0
FAM2512 Y20070000050714 -0.00207535 0.0062984 0.0226033 0.0392577 0.00367164 -0.00994505 0.00370122 -0.00440272 0.0113449 -0.01109  0 0 0 0 0 0 0 1 0 0 0 0 0 0 0 0 0 0
FAM2513 Y20070000050715 -0.0246028 -0.00942213 0.00713787 0.00076973 0.011649 0.0172927 0.00398926 -0.0224367 -0.0286381 0.00425423  0 0 0 0 1 0 0 0 0 0 0 0 0 0 0 0 0 0
FAM2514 Y20070000050716 -0.0252208 -0.0167539 0.00824626 -0.00249115 0.0262275 0.0179664 0.0444701 0.00574859 0.0111223 -0.00697552  1 0 0 0 0 0 0 0 0 0 0 0 0 0 0 0 0 0
FAM2515 Y20070000050717 -0.0272298 -0.020556 -0.000275128 0.000856898 0.0343183 0.0145023 0.0308376 0.00938225 0.00338498 -0.00118464  0 0 0 0 1 0 0 0 0 0 0 0 0 0 0 0 0 0
FAM2516 Y20070000050718 -0.0125303 0.00585022 0.0215271 0.00149587 0.0120676 0.00688787 0.0116037 -0.00619147 -0.00954517 0.00202509  0 0 0 0 0 0 0 0 0 1 0 0 0 0 0 0 0 0
FAM2517 Y20070000050719 -0.0153389 -0.000109481 0.0144124 -0.00108482 0.0194519 0.00717603 0.0299697 -0.00706792 -0.000681431 -0.0063054  0 0 0 0 0 0 0 0 0 1 0 0 0 0 0 0 0 0
FAM2518 Y20070000050720 -0.0217641 -0.0113795 0.0205638 -0.00396369 0.0142877 0.0143272 0.0268621 2.56085e-05 0.00304788 0.000718888  1 0 0 0 0 0 0 0 0 0 0 0 0 0 0 0 0 0
FAM2519 Y20070000050721 -0.0124056 0.011349 0.0201715 0.0281553 -0.00716928 -0.004421 -0.0124348 -0.0247037 -0.00304624 -0.00910852  0 0 0 0 0 0 0 0 0 1 0 0 0 0 0 0 0 0
FAM2520 Y20070000050722 -0.0161531 -0.00202257 0.00910884 0.013876 0.0143104 0.00356157 0.0351533 -0.0110389 -0.00473788 0.00528332  0 0 0 0 0 0 0 0 0 1 0 0 0 0 0 0 0 0
FAM2521 Y20070000050723 -0.0021105 0.0133944 0.0129295 0.019323 -0.00232932 -0.00228245 0.000272056 -0.00743556 -0.00810752 0.00933602  0 0 0 0 0 0 0 0 0 0 0 0 0 0 0 0 0 0
FAM2522 Y20070000050724 -0.0118024 0.00475586 0.0169825 0.0220535 -0.00197988 0.00545603 0.00407662 -0.00838782 -0.00347514 0.000416283  0 0 0 0 0 0 0 0 0 1 0 0 0 0 0 0 0 0
FAM2523 Y20070000050725 0.0204647 -0.001508 0.0135979 0.0181168 0.00776013 -0.0178125 -0.00423198 0.0118559 0.00111298 -0.0182276  0 0 0 0 0 0 0 0 0 0 0 0 0 0 0 1 0 0
FAM2524 Y20070000050726 0.0279585 -0.0142844 -0.00242836 -0.00288574 0.0053118 0.0290701 -0.00792989 -0.0302928 0.0363569 0.0202722  0 0 0 0 0 0 0 0 0 0 0 1 0 0 0 0 0 0
FAM2525 Y20070000050728 0.0223262 -0.0118177 0.000642052 -0.00326438 0.00331086 0.0163309 -0.0053305 -0.0157767 0.0207217 0.00908593  0 0 0 0 0 0 0 0 0 0 0 1 0 0 0 0 0 0
FAM2526 Y20070000050729 0.0287175 -0.0157458 -0.00177971 -0.00410513 0.00659357 0.0339799 -0.0109992 -0.0330726 0.0410159 0.0208597  0 0 0 0 0 0 0 0 0 0 0 1 0 0 0 0 0 0
FAM2527 Y20070000050730 0.0235982 -0.0104743 0.00344869 0.00104616 0.00394381 0.00735981 -0.00400578 -0.0068249 0.0124514 -0.00213473  0 0 0 0 0 0 0 0 0 0 0 0 0 0 1 0 0 0
FAM2528 Y20070000050731 0.0232085 -0.013595 0.00122056 -0.00149051 0.00614232 0.0173273 -0.0067951 -0.0167148 0.021623 0.00688507  0 0 0 0 0 0 0 0 0 0 0 1 0 0 0 0 0 0
FAM2529 Y20070000050733 0.024794 -0.00767328 0.000550473 -8.2237e-05 0.00478794 0.0105466 -0.00274216 -0.00694554 0.00911058 -0.001004  0 0 0 0 0 0 0 0 0 0 0 0 0 0 1 0 0 0
FAM2530 Y20070000050734 0.0168583 -0.00869636 0.00357202 -0.000335487 0.000413019 -0.0023644 0.00124074 0.00225619 0.000158323 -0.00924901  0 0 0 0 0 0 0 0 0 0 0 0 0 0 1 0 0 0
FAM2531 Y20070000050735 0.0196306 -0.00508935 0.00218666 0.000578768 -0.000475735 -0.00120374 -9.39927e-05 0.00584708 -0.00202999 -0.00563759  0 0 0 0 0 0 0 0 0 0 0 0 0 0 1 0 0 0
FAM2532 Y20070000050736 0.0242578 -0.00715211 6.56711e-05 0.000193972 0.0024039 0.000247561 0.000520011 0.00620588 -0.00746279 -0.00805624  0 0 0 0 0 0 0 0 0 0 0 0 0 0 1 0 0 0
FAM2533 Y20070000050737 0.024757 -0.0119405 0.000813196 -0.00248208 0.00350443 0.012968 -0.00527114 -0.00899326 0.0105041 0.00170318  0 0 0 0 0 0 0 0 0 0 0 0 0 0 1 0 0 0
FAM2534 Y20070000050738 0.0238527 -0.0111514 0.00268414 3.04143e-05 0.00504449 0.0135322 -0.00316338 -0.0151832 0.0198825 0.00496091  0 0 0 0 0 0 0 0 0 0 0 1 0 0 0 0 0 0
FAM2535 Y20070000050739 0.0177533 -0.00592891 -0.00252474 0.0040033 -0.00704226 0.00133623 -0.00416175 0.0189187 -0.00620516 -0.0143936  0 0 0 0 0 0 0 0 0 0 0 0 0 0 0 1 0 0
FAM2536 Y20070000050740 0.022311 -0.0123309 -0.000624392 -0.000312783 0.00230676 0.0205204 -0.00308604 -0.0128134 0.0204148 0.00407935  0 0 0 0 0 0 0 0 0 0 0 0 0 0 0 1 0 0
FAM2537 Y20070000050741 0.0144696 -0.00873768 -0.0030388 -0.00341581 -0.000973088 -0.00272051 0.00520393 0.000974189 -0.00115461 -0.00455551  0 0 0 0 0 0 0 0 0 0 0 0 0 0 1 0 0 0
FAM2538 Y20070000050742 0.0223965 -0.0133501 0.000273525 -0.00255017 0.00469293 0.0223506 -0.00647746 -0.023285 0.0282236 0.0117699  0 0 0 0 0 0 0 0 0 0 0 0 0 0 1 0 0 0
FAM2539 Y20070000050743 0.0153529 -0.010949 0.0013247 -0.00364994 0.00224628 0.00767903 -0.00391443 -0.0102749 0.0114441 0.000160648  0 0 0 0 0 0 0 0 0 0 0 0 0 0 1 0 0 0
FAM2540 Y20070000050744 0.0207047 -0.0109057 0.00282663 -0.00111552 0.00313337 0.0121987 -0.00180622 -0.0117882 0.0106551 0.00468806  0 0 0 0 0 0 0 0 0 0 0 0 0 0 1 0 0 0
FAM2541 Y20070000050745 0.0143033 -0.00568797 -0.00149739 -0.000128742 -0.00283567 -0.00764877 0.000364185 0.00561305 -0.00130435 -0.00478759  0 0 0 0 0 0 0 0 0 0 0 0 0 0 1 0 0 0
FAM2542 Y20070000050746 0.0239988 -0.0118665 0.00350908 0.00394825 0.00479379 0.0111998 -0.00733684 -0.0144338 0.0208009 0.00354781  0 0 0 0 0 0 0 0 0 0 0 1 0 0 0 0 0 0
FAM2543 Y20070000050747 0.0155228 -0.00278442 0.00386566 0.00710851 0.00142904 -0.0108737 0.00162862 0.00183603 0.00253016 -0.010969  0 0 0 0 0 0 0 0 0 0 0 0 0 0 1 0 0 0
FAM2544 Y20070000050748 0.0210424 -0.00585853 -0.000611296 0.00418775 -0.00182178 -0.000421326 -0.00084768 0.0129534 -0.00724481 -0.0119202  0 0 0 0 0 0 0 0 0 0 0 0 0 0 0 1 0 0
FAM2545 Y20070000050749 0.017028 -0.00639227 0.00635173 0.00859939 0.00246152 -0.00898063 -0.000734778 0.00754223 -0.00324363 -0.0158769  0 0 0 0 0 0 0 0 0 0 0 0 0 0 1 0 0 0
FAM2546 Y20070000050750 0.0194848 -0.00710293 0.00589092 0.0045992 0.0020043 -0.00731303 0.00109758 0.00778926 -0.00465756 -0.0143424  0 0 0 0 0 0 0 0 0 0 0 0 0 0 1 0 0 0
FAM2547 Y20070000050751 0.0108078 -0.00603737 3.67255e-05 -0.00441891 -0.00208685 -0.00425272 0.00603845 0.00151467 -0.00174911 -0.00485281  0 0 0 0 0 0 0 0 0 0 0 0 0 0 1 0 0 0
FAM2548 Y20070000050752 0.0190426 -0.0110638 4.40351e-05 -0.0046683 0.00292827 0.0154176 -0.00358019 -0.0158582 0.0185547 0.00747681  0 0 0 0 0 0 0 0 0 0 0 0 0 0 1 0 0 0
FAM2549 Y20070000050753 0.0170746 -0.00651176 0.00517088 0.00200637 0.000903273 -0.00364131 0.00441113 0.00296051 -0.00302952 -0.0136228  0 0 0 0 0 0 0 0 0 0 0 0 0 0 1 0 0 0
FAM2550 Y20070000050754 0.0202701 -0.00493425 0.00474922 0.00465842 0.00268103 -0.00614317 -0.00158873 0.00690421 -0.00406069 -0.00746712  0 0 0 0 0 0 0 0 0 0 0 0 0 0 1 0 0 0
FAM2551 Y20070000050755 0.0209917 -0.0118255 0.0039283 -0.000291951 0.00536358 0.0153143 -0.00278445 -0.0191159 0.0262938 0.00670711  0 0 0 0 0 0 0 0 0 0 0 0 0 0 1 0 0 0
FAM2552 Y20070000050756 0.0235071 -0.0101705 -0.00036282 0.00161521 0.00177516 0.00106821 -0.00228213 0.00751312 -0.0033203 -0.0110347  0 0 0 0 0 0 0 0 0 0 0 0 0 0 1 0 0 0
FAM2553 Y20070000050757 0.0184351 -0.00870035 0.00363937 0.000720299 0.00120144 -0.0027205 -0.000409849 0.00908671 -0.00595606 -0.00998919  0 0 0 0 0 0 0 0 0 0 0 0 0 0 1 0 0 0
FAM2554 Y20070000050758 0.0135721 -0.0133712 -0.00801823 -0.00359854 0.00640143 0.0193354 -0.0110966 -0.024539 0.0298096 0.0188386  0 0 0 0 0 0 0 0 0 0 0 0 0 0 1 0 0 0
FAM2555 Y20070000050759 0.0246624 -0.0157683 0.00220726 -0.0043238 0.00807406 0.0302445 -0.00489711 -0.0303393 0.0367203 0.0133091  0 0 0 0 0 0 0 0 0 0 0 1 0 0 0 0 0 0
FAM2556 Y20070000050760 0.0145081 -0.00914628 0.00370206 -0.00202666 0.00233316 -0.00355374 0.00625152 0.00395928 0.000350194 -0.00876421  0 0 0 0 0 0 0 0 0 0 0 0 0 0 1 0 0 0
FAM2557 Y20070000050761 0.027033 -0.0138532 -0.0020274 -0.00152911 0.00449577 0.020333 -0.00790154 -0.0174099 0.0259629 0.0103468  0 0 0 0 0 0 0 0 0 0 0 1 0 0 0 0 0 0
FAM2558 Y20070000050763 0.0200217 -0.00930022 0.0004174 0.00117547 0.00145448 -0.00168073 -0.00452756 0.00942748 -0.00610518 -0.0111947  0 0 0 0 0 0 0 0 0 0 0 0 0 0 1 0 0 0
FAM2559 Y20070000050764 0.0207596 -0.00768509 0.00314229 0.00367817 0.00220908 -0.00642955 -0.0011814 0.00908368 -0.00457467 -0.0144239  0 0 0 0 0 0 0 0 0 0 0 0 0 0 1 0 0 0
FAM2560 Y20070000050765 0.0253394 -0.0144568 0.0016069 0.00231553 0.00628755 0.0250363 -0.0103632 -0.030576 0.0432379 0.0165321  0 0 0 0 0 0 0 0 0 0 0 1 0 0 0 0 0 0
FAM2561 Y20070000050766 0.0101698 -0.00365962 0.00359439 0.00408882 -0.00155715 -0.0108771 0.00289908 0.000118209 0.00396574 -0.00747544  0 0 0 0 0 0 0 0 0 0 0 0 0 0 1 0 0 0
FAM2562 Y20070000050767 0.0267059 -0.01338 0.00187021 0.000683782 0.00571048 0.020993 -0.00754183 -0.0228981 0.0288645 0.00546515  0 0 0 0 0 0 0 0 0 0 0 1 0 0 0 0 0 0
FAM2563 Y20070000050768 0.0193829 -0.0137799 -0.00304984 -0.00339256 0.00533906 0.0254525 -0.00755727 -0.0288255 0.0346215 0.0161594  0 0 0 0 0 0 0 0 0 0 0 0 0 0 1 0 0 0
FAM2564 Y20070000050769 0.0108799 -0.00654106 -0.000660815 -0.003187 -0.00224968 -0.00281859 0.00618691 -0.00039884 -0.00122361 -0.00353867  0 0 0 0 0 0 0 0 0 0 0 0 0 0 1 0 0 0
FAM2565 Y20070000050770 0.0252127 -0.0116912 -0.0025863 -0.00249784 0.00223848 0.00955681 -0.00358577 -0.00125992 0.000196843 -0.006982  0 0 0 0 0 0 0 0 0 0 0 0 0 0 1 0 0 0
FAM2566 Y20070000050771 0.0161281 -0.00471639 0.00102759 0.00203052 -6.21725e-05 -0.0070459 0.00367359 0.00389104 -0.00122808 -0.00878124  0 0 0 0 0 0 0 0 0 0 0 0 0 0 1 0 0 0
FAM2567 Y20070000050772 0.0277712 -0.015896 0.00251818 -0.00202228 0.00865333 0.0304323 -0.00766928 -0.0373058 0.0480825 0.0210302  0 0 0 0 0 0 0 0 0 0 0 1 0 0 0 0 0 0
FAM2568 Y20070000050773 0.0288278 -0.0160542 4.88077e-05 -0.00271305 0.00660184 0.0334628 -0.0102829 -0.0363593 0.0456253 0.0242508  0 0 0 0 0 0 0 0 0 0 0 1 0 0 0 0 0 0
FAM2569 Y20070000050774 0.022885 -0.0122691 -7.00983e-05 0.00112068 0.00566471 0.020192 -0.00804901 -0.0282359 0.0390722 0.0139349  0 0 0 0 0 0 0 0 0 0 0 1 0 0 0 0 0 0
FAM2570 Y20070000050775 0.0187436 -0.0071867 0.00381621 0.00283222 0.00175699 -0.00473013 0.00303663 0.00288776 -0.000675477 -0.00928886  0 0 0 0 0 0 0 0 0 0 0 0 0 0 1 0 0 0
FAM2571 Y20070000050776 0.0215894 -0.0088743 -0.0015957 0.00253474 0.00199151 0.00274957 -0.0041231 -0.00361677 0.0109051 -0.00153188  0 0 0 0 0 0 0 0 0 0 0 1 0 0 0 0 0 0
FAM2572 Y20070000050777 0.0159921 -0.00495522 -0.00274368 0.00279896 -0.00784162 -0.00185003 -0.00271307 0.0183696 -0.0042958 -0.0118037  0 0 0 0 0 0 0 0 0 0 0 0 0 0 0 1 0 0
FAM2573 Y20070000050778 0.0172465 -0.00726618 0.00308825 0.00291729 -0.000102597 -0.0064887 -0.00259728 0.0106904 -0.00728122 -0.0105975  0 0 0 0 0 0 0 0 0 0 0 0 0 0 1 0 0 0
FAM2574 Y20070000050779 0.0220282 -0.010898 -0.000443606 -0.00201907 0.00207209 0.0141631 -0.00561065 -0.0113819 0.0163531 0.00211619  0 0 0 0 0 0 0 0 0 0 0 0 0 0 1 0 0 0
FAM2575 Y20070000050781 0.015206 -0.0155304 -0.00667631 -0.00373825 0.00715324 0.0270386 -0.0147408 -0.0331709 0.036225 0.0234636  0 0 0 0 0 0 0 0 0 0 0 0 0 0 1 0 0 0
FAM2576 Y20070000050782 0.0209544 -0.00803277 -0.001964 0.000728937 0.000856618 -0.000203794 -0.00473743 0.0102032 -0.00983896 -0.00819946  0 0 0 0 0 0 0 0 0 0 0 0 0 0 1 0 0 0
FAM2577 Y20070000050783 0.0184456 -0.00530102 -0.00140298 0.00547332 -0.00594832 0.00078179 -0.00266574 0.0185073 -0.00385249 -0.0128255  0 0 0 0 0 0 0 0 0 0 0 0 0 0 0 1 0 0
FAM2578 Y20070000050784 0.0176442 -0.0108259 0.00220112 -0.00211834 0.00317628 0.00210288 0.0042459 0.00669519 -0.00160675 -0.00986952  0 0 0 0 0 0 0 0 0 0 0 0 0 0 1 0 0 0
FAM2579 Y20070000050785 0.0161369 -0.009957 0.00328657 -0.00153384 0.00123484 0.000352695 0.00138841 0.00548811 -0.00249506 -0.0125771  0 0 0 0 0 0 0 0 0 0 0 0 0 0 1 0 0 0
FAM2580 Y20070000050786 0.00878533 -0.00439142 0.00204257 0.0036375 -0.00187268 -0.0130495 0.00138651 0.00185143 0.00547065 -0.005931  0 0 0 0 0 0 0 0 0 0 0 0 0 0 1 0 0 0
FAM2581 Y20070000050787 0.0206396 -0.0147378 0.00343181 -0.00405921 0.00715056 0.025584 -0.00221435 -0.0258177 0.0303954 0.00782818  0 0 0 0 0 0 0 0 0 0 0 1 0 0 0 0 0 0
FAM2582 Y20070000050788 0.0195106 -0.00765404 0.00487218 0.00306004 0.00196976 -0.00491761 0.00120639 0.00700618 -0.00412155 -0.0126356  0 0 0 0 0 0 0 0 0 0 0 0 0 0 1 0 0 0
FAM2583 Y20070000050789 0.0135458 -0.00417234 0.0071333 0.00171567 0.00100001 -0.0116991 0.00788102 0.00511853 -0.00563491 -0.0105573  0 0 0 0 0 0 0 0 0 0 0 0 0 0 1 0 0 0
FAM2584 Y20070000050791 0.018543 -0.0153754 0.000636933 -0.00533033 0.00691766 0.0263761 -0.00985198 -0.0290472 0.0308385 0.0163332  0 0 0 0 0 0 0 0 0 0 0 1 0 0 0 0 0 0
FAM2585 Y20070000050792 0.0112601 -0.0026332 0.0025952 0.00326821 -0.00132599 -0.01102 0.00680075 -0.000770059 0.00434052 -0.00906636  0 0 0 0 0 0 0 0 0 0 0 0 0 0 1 0 0 0
FAM2586 Y20070000050793 0.0273338 -0.0149861 0.00219226 -0.000310445 0.0061502 0.0242109 -0.00863106 -0.0259875 0.0341775 0.0100271  0 0 0 0 0 0 0 0 0 0 0 1 0 0 0 0 0 0
FAM2587 Y20070000050794 0.0290168 -0.0163243 0.00149297 -0.0011915 0.00793026 0.0333131 -0.0111798 -0.0383937 0.0463497 0.0191139  0 0 0 0 0 0 0 0 0 0 0 1 0 0 0 0 0 0
FAM2588 Y20070000050795 0.024505 -0.013534 0.00560565 -0.00147839 0.00619506 0.0213053 -0.00426255 -0.0233737 0.0306132 0.0110224  0 0 0 0 0 0 0 0 0 0 0 0 0 0 1 0 0 0
FAM2589 Y20070000050796 0.0195859 -0.00566924 -0.00144281 0.00333681 -0.00411025 -0.000447189 -0.00300538 0.0146643 -0.00914203 -0.0144594  0 0 0 0 0 0 0 0 0 0 0 0 0 0 0 1 0 0
FAM2590 Y20070000050797 0.027731 -0.0151645 0.000444096 -0.00203412 0.00563232 0.0289408 -0.00845315 -0.0261283 0.0312863 0.0104546  0 0 0 0 0 0 0 0 0 0 0 1 0 0 0 0 0 0
FAM2591 Y20070000050798 0.0282612 -0.015522 -0.00273595 -0.00419859 0.00546697 0.0304731 -0.0101301 -0.0273914 0.0329393 0.0159632  0 0 0 0 0 0 0 0 0 0 0 1 0 0 0 0 0 0
FAM2592 Y20070000050799 0.027737 -0.0149206 -0.00348282 -0.00357858 0.00454607 0.0283884 -0.0120951 -0.0243842 0.0319337 0.015179  0 0 0 0 0 0 0 0 0 0 0 1 0 0 0 0 0 0
FAM2593 Y20070000050800 0.029056 -0.0162493 -0.00349386 -0.00379733 0.00544467 0.032282 -0.0127772 -0.029324 0.0373623 0.0179856  0 0 0 0 0 0 0 0 0 0 0 1 0 0 0 0 0 0
FAM2594 Y20070000050801 0.0278559 -0.013371 -0.000271277 -0.00456689 0.00518301 0.0281017 -0.00828547 -0.0269713 0.0347527 0.0171779  0 0 0 0 0 0 0 0 0 0 0 1 0 0 0 0 0 0
FAM2595 Y20070000050802 0.0275084 -0.0134382 -0.00421008 -0.00272673 0.00275646 0.031484 -0.00679104 -0.0271835 0.0347424 0.0192172  0 0 0 0 0 0 0 0 0 0 0 1 0 0 0 0 0 0
FAM2596 Y20070000050803 0.0314948 -0.0168021 -0.00118552 -0.00390818 0.00795486 0.035851 -0.010804 -0.036085 0.0432525 0.0246723  0 0 0 0 0 0 0 0 0 0 0 1 0 0 0 0 0 0
FAM2597 Y20070000050804 0.0284048 -0.0130205 -0.00254425 -0.00190241 0.00427664 0.0261801 -0.00637593 -0.0218953 0.0253964 0.0169454  0 0 0 0 0 0 0 0 0 0 0 1 0 0 0 0 0 0
FAM2598 Y20070000050806 0.028637 -0.0140066 -0.0040343 -0.00266969 0.00406036 0.0380427 -0.00963533 -0.0395687 0.0471966 0.0283276  0 0 0 0 0 0 0 0 0 0 0 1 0 0 0 0 0 0
FAM2599 Y20070000050807 0.0236723 -0.0143325 -0.00418731 -0.00587155 0.00380793 0.0324214 -0.0084144 -0.0390566 0.0412006 0.020266  0 0 0 0 0 0 0 0 0 0 0 1 0 0 0 0 0 0
FAM2600 Y20070000050808 0.0293751 -0.015221 -0.00264411 -0.0041052 0.0057259 0.0378208 -0.00991889 -0.0385489 0.0456927 0.0273889  0 0 0 0 0 0 0 0 0 0 0 1 0 0 0 0 0 0
FAM2601 Y20070000050810 0.0315767 -0.017949 -0.000252579 -0.00410149 0.00909504 0.0408153 -0.0121166 -0.0450204 0.0553758 0.0285952  0 0 0 0 0 0 0 0 0 0 0 1 0 0 0 0 0 0
FAM2602 Y20070000050811 0.0296654 -0.0159717 0.000447694 -0.00173794 0.00784527 0.0338808 -0.00903599 -0.0353529 0.0434408 0.0210938  0 0 0 0 0 0 0 0 0 0 0 1 0 0 0 0 0 0
FAM2603 Y20070000050812 0.0283042 -0.0144316 -0.000538508 -0.0033296 0.00646423 0.0270646 -0.00693716 -0.0268148 0.0314812 0.0162001  0 0 0 0 0 0 0 0 0 0 0 1 0 0 0 0 0 0
FAM2604 Y20070000050813 0.0245228 -0.011535 -0.00182819 -0.00364126 0.002037 0.0192028 -0.00471493 -0.0159522 0.0175287 0.0121202  0 0 0 0 0 0 0 0 0 0 0 0 0 0 0 0 1 0
FAM2605 Y20070000050814 0.0263496 -0.0123931 -0.00344299 -0.00211461 0.00229137 0.0217431 -0.00439832 -0.0195553 0.0225194 0.0162341  0 0 0 0 0 0 0 0 0 0 0 0 0 0 0 0 1 0
FAM2606 Y20070000050815 0.0185368 -0.00417679 -0.00114918 -0.00197289 0.00127251 -0.00293522 0.00430705 0.0070691 -0.00578222 -0.00402464  0 0 0 0 0 0 0 0 0 0 1 0 0 0 0 0 0 0
FAM2607 Y20070000050816 0.0198595 -0.00831996 0.00162549 -0.0014181 0.00125357 -0.00189086 0.00221424 0.00458091 -0.00497988 -0.00807129  0 0 0 0 0 0 0 0 0 0 0 0 0 0 1 0 0 0
FAM2608 Y20070000050817 0.0173348 -0.00783361 -0.00297862 0.000888245 0.000148709 0.000228142 -0.00136963 0.0069732 -0.0026481 -0.00228719  0 0 0 0 0 0 0 0 0 0 0 0 0 0 1 0 0 0
FAM2609 Y20070000050818 0.0233319 -0.012661 -0.00186645 -0.00122615 0.00377124 0.01623 -0.0041591 -0.0106832 0.0147114 0.00808989  0 0 0 0 0 0 0 0 0 0 0 0 0 0 1 0 0 0
FAM2610 Y20070000050820 0.0199265 -0.0109395 0.0013779 -0.000493708 0.00291269 0.00544819 -0.00199094 -0.00385794 0.00760474 -0.000223809  0 0 0 0 0 0 0 0 0 0 0 0 0 0 1 0 0 0
FAM2611 Y20070000050821 0.0235216 -0.0088915 0.00262794 0.00306203 0.00396106 0.00830877 -0.00556991 -0.00808238 0.0172476 0.00115445  0 0 0 0 0 0 0 0 0 0 0 0 0 0 1 0 0 0
FAM2612 Y20070000050824 0.0192698 -0.00643192 0.00335686 0.00140546 0.00168967 -0.0023885 -0.000702029 0.001693 0.000415733 -0.00921653  0 0 0 0 0 0 0 0 0 0 0 0 0 0 1 0 0 0
FAM2613 Y20070000050825 0.0201014 -0.00679772 0.00378907 0.000875235 0.00142842 -0.00377044 0.000476942 0.00395809 -0.00430921 -0.010045  0 0 0 0 0 0 0 0 0 0 0 0 0 0 1 0 0 0
FAM2614 Y20070000050827 0.0173107 -0.00666976 -0.00322451 0.0010511 -0.000397797 -0.003629 -0.00379511 0.0114615 -0.0065949 -0.00733885  0 0 0 0 0 0 0 0 0 0 0 0 0 0 1 0 0 0
FAM2615 Y20070000050828 0.0231845 -0.0118225 0.000103135 -0.00250029 0.00218427 0.0121803 -0.00538881 -0.00629298 0.0107717 -0.00108737  0 0 0 0 0 0 0 0 0 0 0 0 0 0 1 0 0 0
FAM2616 Y20070000050829 0.0185461 -0.0104591 -0.00199474 -0.0021263 0.000301477 0.00192445 -0.00785295 0.00127751 0.000433563 0.000163996  0 0 0 0 0 0 0 0 0 0 0 1 0 0 0 0 0 0
FAM2617 Y20070000050830 0.0235019 -0.0126205 0.000863127 -0.00501802 0.00324666 0.0133014 -0.00475051 -0.0127825 0.0143809 0.00853042  0 0 0 0 0 0 0 0 0 0 0 0 0 0 1 0 0 0
FAM2618 Y20070000050833 0.0170491 -0.00840816 -0.00139858 -0.000607667 -0.00128193 -0.00015447 -0.00176991 0.00889037 -0.00639524 -0.0110433  0 0 0 0 0 0 0 0 0 0 0 0 0 0 1 0 0 0
FAM2619 Y20070000050834 0.0227573 -0.0096294 0.000425156 -0.00176449 0.00253607 0.00200045 -0.000628675 0.00131389 -0.00132861 -0.004897  0 0 0 0 0 0 0 0 0 0 0 0 0 0 1 0 0 0
FAM2620 Y20070000050835 0.018141 -0.00707419 -0.000232815 -0.00289116 -0.00134947 -0.00190683 -0.000560029 0.00359142 -0.00433219 -0.00758739  0 0 0 0 0 0 0 0 0 0 1 0 0 0 0 0 0 0
FAM2621 Y20070000050836 0.0213849 -0.00896957 0.00350232 -0.000847184 0.00301409 0.00668573 -0.00331788 -0.00237391 0.00626936 -0.00292496  0 0 0 0 0 0 0 0 0 0 0 0 0 0 1 0 0 0
FAM2622 Y20070000050837 0.0193978 -0.00630037 0.00270113 0.000479839 0.00199045 -0.00286561 0.0018071 0.00308356 0.00100051 -0.00835923  0 0 0 0 0 0 0 0 0 0 0 1 0 0 0 0 0 0
FAM2623 Y20070000050838 0.0225083 -0.00528386 -0.00108022 -0.00276207 0.000882566 0.000524844 0.000756624 0.00685515 -0.00812717 -0.00463548  0 0 0 0 0 0 0 0 0 0 0 0 0 0 1 0 0 0
FAM2624 Y20070000050840 0.0200498 -0.00819282 0.00190427 0.00204512 0.00190937 -0.00105481 -0.00020149 0.00113258 0.00142635 -0.00760065  0 0 0 0 0 0 0 0 0 0 0 0 0 0 1 0 0 0
FAM2625 Y20070000050841 0.0213107 -0.0103003 -0.00623432 -0.00111721 0.00110664 0.0065562 -0.00319335 -0.00018825 0.00608625 0.00255914  0 0 0 0 0 0 0 0 0 0 0 0 0 0 1 0 0 0
FAM2626 Y20070000050842 0.0271417 -0.0114649 -0.00347638 -0.00506387 0.00628655 0.0242982 -0.00500032 -0.0202512 0.0270678 0.0143539  0 0 0 0 0 0 0 0 0 0 0 1 0 0 0 0 0 0
FAM2627 Y20070000050843 0.0250374 -0.0110604 -0.00505152 -0.000597305 0.00272951 0.0106449 -0.00897997 -0.00478015 0.00978788 0.00206516  0 0 0 0 0 0 0 0 0 0 0 1 0 0 0 0 0 0
FAM2628 Y20070000050844 0.028455 -0.0130188 -0.00214268 -0.00320806 0.00693406 0.0256951 -0.00744872 -0.0243133 0.0339784 0.016707  0 0 0 0 0 0 0 0 0 0 0 1 0 0 0 0 0 0
FAM2629 Y20070000050845 0.0173404 -0.0134811 -0.00620597 0.00113011 0.00831315 0.0200321 -0.00341665 -0.0200368 0.0192249 0.0207451  0 0 0 0 0 0 0 0 0 0 0 0 0 0 1 0 0 0
FAM2630 Y20070000050846 0.0178638 -0.0093665 -0.00426964 -0.00222799 -0.000467123 0.00694737 -0.000903441 -0.00726958 0.00757782 0.00678842  0 0 0 0 0 0 0 0 0 0 0 0 0 0 1 0 0 0
FAM2631 Y20070000050848 0.0222978 -0.0073925 0.00239891 0.000360601 0.00342677 0.00355324 -0.000134878 -0.00689231 0.010667 0.000120119  0 0 0 0 0 0 0 0 0 0 0 0 0 0 1 0 0 0
FAM2632 Y20070000050849 0.0244014 -0.0108801 -0.00180861 -0.00230771 0.00246328 0.0189221 -0.00519074 -0.0160258 0.0205887 0.0120487  0 0 0 0 0 0 0 0 0 0 0 0 0 0 1 0 0 0
FAM2633 Y20070000050850 0.0284747 -0.0145077 -0.00208956 -0.00416048 0.00853207 0.0397981 -0.0107607 -0.0418507 0.0486613 0.0317709  0 0 0 0 0 0 0 0 0 0 0 1 0 0 0 0 0 0
FAM2634 Y20070000050851 0.0277801 -0.0124546 -0.00494278 -0.00289981 0.00435581 0.0277559 -0.00602732 -0.0270345 0.0278047 0.0199877  0 0 0 0 0 0 0 0 0 0 0 1 0 0 0 0 0 0
FAM2635 Y20070000050852 0.0276039 -0.0137536 -0.00207546 -0.00220878 0.00678342 0.0346135 -0.00984988 -0.0339821 0.0378574 0.0272543  0 0 0 0 0 0 0 0 0 0 0 1 0 0 0 0 0 0
FAM2636 Y20070000050853 0.0226022 -0.00988379 0.000432758 0.00116159 0.00380058 0.0099666 -0.00358487 -0.00863674 0.0122001 0.00376831  0 0 0 0 0 0 0 0 0 0 0 0 0 0 1 0 0 0
FAM2637 Y20070000050854 0.0237328 -0.00507072 -0.000801383 0.00324276 0.00071064 -0.00240229 -0.000153259 0.00774378 -0.00558966 -0.0074717  0 0 0 0 0 0 0 0 0 0 0 0 0 0 1 0 0 0
FAM2638 Y20070000050856 0.0181542 -0.00661634 -0.00313084 -0.00283132 -0.00217876 0.000322175 0.00261825 0.00508931 -0.00339783 -0.00430735  0 0 0 0 0 0 0 0 0 0 1 0 0 0 0 0 0 0
FAM2639 Y20070000050858 0.019581 -0.00641434 -0.000473332 0.00123341 -0.000748233 -0.000429828 -0.00372529 0.0100457 -0.00678588 -0.0109108  0 0 0 0 0 0 0 0 0 0 0 0 0 0 1 0 0 0
FAM2640 Y20070000050859 0.0219095 -0.0104274 -0.0018825 0.00271101 -0.00118851 -0.000213727 -0.00436492 0.00752579 -0.00462274 -0.0168725  0 0 0 0 0 0 0 0 0 0 0 0 0 0 1 0 0 0
FAM2641 Y20070000050860 0.0224479 -0.00980294 -0.00194803 -0.000568171 -0.0025222 -0.00459162 -0.00131707 0.0128175 -0.0179386 -0.0245912  0 0 0 0 0 0 0 0 0 0 0 0 0 0 1 0 0 0
FAM2642 Y20070000050861 0.0232275 -0.00989999 0.00159263 -0.00195493 0.00357155 0.00930738 -0.00380769 -0.00461106 0.00668705 0.00166175  0 0 0 0 0 0 0 0 0 0 0 0 0 0 1 0 0 0
FAM2643 Y20070000050862 0.02461 -0.0106312 0.00228354 0.001616 0.00428021 0.0109078 -0.00458462 -0.0103186 0.0168759 0.00150161  0 0 0 0 0 0 0 0 0 0 0 0 0 0 0 1 0 0
FAM2644 Y20070000050863 0.0236467 -0.0108831 0.00071319 -0.00098733 0.00262308 0.00955975 -0.00405559 -0.00857827 0.010137 0.00161637  0 0 0 0 0 0 0 0 0 0 0 0 0 0 1 0 0 0
FAM2645 Y20070000050864 0.0265935 -0.0122986 -0.0038004 0.0020776 0.00418437 0.0473889 -0.0149933 -0.0627078 0.0550862 0.0276339  0 0 0 0 0 0 0 0 0 0 0 1 0 0 0 0 0 0
FAM2646 Y20070000050865 0.0213037 -0.0114243 0.00450217 0.00373992 0.0029385 0.0188896 -0.00602239 -0.0189117 0.0289557 0.00859257  0 0 0 0 0 0 0 0 0 0 0 0 0 0 1 0 0 0
FAM2647 Y20070000050866 0.0170058 -0.00398925 0.00726774 0.00956643 -0.00165335 -0.00235813 0.000922211 0.00684865 0.0099625 -0.0079677  0 0 0 0 0 0 0 0 0 0 0 0 0 0 1 0 0 0
FAM2648 Y20070000050867 0.0179688 -0.00585811 0.00497162 0.00314717 -0.000486271 -0.00401447 0.00167863 0.0108623 -0.00501421 -0.0119184  0 0 0 0 0 0 0 0 0 0 0 0 0 0 1 0 0 0
FAM2649 Y20070000050868 0.015657 -0.00495557 0.00351984 -0.00038615 0.000175663 -0.00544244 0.0015149 0.00709611 -0.00570036 -0.0109568  0 0 0 0 0 0 0 0 0 0 0 0 0 0 1 0 0 0
FAM2650 Y20070000050869 0.0154156 -0.00277437 0.00483991 0.00344897 0.00162354 -0.00426307 -0.000345876 0.00620411 -0.00806387 -0.012659  0 0 0 0 0 0 0 0 0 0 0 0 1 0 0 0 0 0
FAM2651 Y20070000050870 0.0202878 -0.00814751 0.000263367 -0.00120198 0.000673931 0.00421833 -0.0013394 -0.00116359 0.00523125 0.00478465  0 0 0 0 0 0 0 0 0 0 0 0 0 0 1 0 0 0
FAM2652 Y20070000050871 0.0224284 -0.00651797 -0.00130154 0.000725925 0.00310937 0.00982436 -0.00307093 0.000549667 0.00720532 0.000968007  0 0 0 0 0 0 0 0 0 0 0 0 0 0 1 0 0 0
FAM2653 Y20070000050872 0.0232464 -0.00692882 0.00314874 0.00373206 0.00359383 -0.00334126 -0.000411536 0.00785813 -0.00775511 -0.0108515  0 0 0 0 0 0 0 0 0 0 0 0 1 0 0 0 0 0
FAM2654 Y20070000050873 0.0173384 -0.00708503 -0.000999857 -0.000513845 -0.00215478 -0.00106761 0.000802767 0.00699094 -0.0110066 -0.00708601  0 0 0 0 0 0 0 0 0 0 0 0 0 0 0 0 1 0
FAM2655 Y20070000050875 0.0268957 -0.010797 0.000621018 -0.000991258 0.0055007 0.0181605 -0.00710865 -0.0224289 0.0301444 0.0150889  0 0 0 0 0 0 0 0 0 0 0 1 0 0 0 0 0 0
FAM2656 Y20070000050876 0.0226519 -0.0123428 0.00235096 -0.00331536 0.00370372 0.0168612 -0.00365472 -0.0135582 0.0162691 0.00469096  0 0 0 0 0 0 0 0 0 0 0 0 0 0 1 0 0 0
FAM2657 Y20070000050877 0.023785 -0.0125143 0.00180945 0.000404664 0.00472997 0.017256 -0.00579834 -0.018069 0.0249078 0.0107331  0 0 0 0 0 0 0 0 0 0 0 1 0 0 0 0 0 0
FAM2658 Y20070000050878 0.0304088 -0.0161565 -0.00202372 -0.00230306 0.00683319 0.0367273 -0.0102797 -0.039341 0.0477935 0.0268061  0 0 0 0 0 0 0 0 0 0 0 1 0 0 0 0 0 0
FAM2659 Y20070000050879 0.0189558 -0.00827453 0.000290798 -0.00254971 -0.0019951 0.000617216 0.0070781 0.00434349 -0.00420988 -0.0059188  0 0 0 0 0 0 0 0 0 0 1 0 0 0 0 0 0 0
FAM2660 Y20070000050880 0.0189362 -0.00607498 0.00027644 -0.000612863 0.000873066 -0.0012395 0.000572451 0.00503633 -0.00461609 -0.00639559  0 0 0 0 0 0 0 0 0 0 0 0 0 0 0 0 1 0
FAM2661 Y20070000050882 0.0182676 -0.00760554 0.00304265 -0.00108145 0.000194735 -0.00492695 0.00274694 0.0106637 -0.0108468 -0.0162072  0 0 0 0 0 0 0 0 0 0 0 0 0 0 1 0 0 0
FAM2662 Y20070000050883 0.0216399 -0.00941966 -0.000212954 0.000587474 -0.000217946 -0.00220636 -0.00148214 0.00800127 -0.0119924 -0.0186563  0 0 0 0 0 0 0 0 0 0 0 0 1 0 0 0 0 0
FAM2663 Y20070000050884 0.021179 -0.00959002 -0.00620051 0.0010576 -0.00263631 -0.00279629 -0.000481997 0.0102776 -0.0179625 -0.0253336  0 0 0 0 0 0 0 0 0 0 0 0 0 0 1 0 0 0
FAM2664 Y20070000050885 0.0236567 -0.005904 0.000147027 0.00110038 -6.46815e-05 -0.00171647 0.000509201 0.0105846 -0.0129193 -0.0161199  0 0 0 0 0 0 0 0 0 0 0 0 0 0 1 0 0 0
FAM2665 Y20070000050889 0.0230312 -0.00832985 0.00382953 0.000571534 0.00299731 0.000604062 -0.00308491 0.00776238 -0.00741282 -0.0170924  0 0 0 0 0 0 0 0 0 0 0 0 0 0 1 0 0 0
FAM2666 Y20070000050890 0.023828 -0.00796809 0.000198313 -0.000421502 0.00154102 0.00254088 -0.000881579 0.0054005 -0.0065192 -0.0122978  0 0 0 0 0 0 0 0 0 0 0 0 0 0 1 0 0 0
FAM2667 Y20070000050891 0.0235358 -0.00818992 0.00173325 0.000470596 0.00187378 0.00164588 -0.000494376 0.00684177 -0.00798398 -0.0138887  0 0 0 0 0 0 0 0 0 0 0 0 0 0 1 0 0 0
FAM2668 Y20070000050892 0.0227127 -0.00813095 0.0024762 0.000414007 0.00259984 0.00150183 -0.000835853 0.00646054 -0.00713853 -0.014001  0 0 0 0 0 0 0 0 0 0 0 0 0 0 1 0 0 0
FAM2669 Y20070000050894 0.0212094 -0.00692705 0.00134242 0.0012724 0.00138801 0.00085034 0.00230968 0.00629578 -0.00673796 -0.0101224  0 0 0 0 0 0 0 0 0 0 0 0 0 0 1 0 0 0
FAM2670 Y20070000050895 0.0228859 -0.00857123 0.00157021 -0.00193257 0.00279065 0.00220381 -0.00172226 0.00529332 -0.00399691 -0.00890761  0 0 0 0 0 0 0 0 0 0 0 0 0 0 1 0 0 0
FAM2671 Y20070000050896 0.0222235 -0.00862483 0.00357888 0.00154609 0.00336024 0.00531457 -0.00359715 -0.00207173 0.00190852 -0.00400472  0 0 0 0 0 0 0 0 0 0 0 0 0 0 1 0 0 0
FAM2672 Y20070000050897 0.0204776 -0.0061404 0.00871435 0.00893984 0.00398981 -0.00429537 -0.00334967 0.00796372 -0.00611805 -0.0105508  0 0 0 0 0 0 0 0 0 0 0 0 0 0 1 0 0 0
FAM2673 Y20070000050898 0.024866 -0.00832871 -0.000874617 -0.00112175 -0.000120154 0.00633529 -0.000861041 0.00797319 -0.0136123 -0.0113427  0 0 0 0 0 0 0 0 0 0 0 0 1 0 0 0 0 0
FAM2674 Y20070000050899 0.0229983 -0.0102225 -0.00204676 -0.00180278 -0.00171043 0.00362066 -0.00336977 0.00965222 -0.0150042 -0.016921  0 0 0 0 0 0 0 0 0 0 0 0 1 0 0 0 0 0
FAM2675 Y20070000050901 0.0186523 -0.00609421 0.00280881 0.000293258 0.000786419 -0.00560716 0.00266953 0.0108156 -0.0120949 -0.0102356  0 0 0 0 0 0 0 0 0 0 0 0 0 0 1 0 0 0
FAM2676 Y20070000050902 0.0221711 -0.00684601 0.0031028 0.00181252 0.00135096 -0.00601657 0.00161756 0.0111364 -0.0114437 -0.00958979  0 0 0 0 0 0 0 0 0 0 0 0 0 0 1 0 0 0
FAM2677 Y20070000050903 0.0150601 -0.00754647 0.00103791 -0.00175844 0.000164536 -0.00455565 0.00179195 0.0102691 -0.00639729 -0.00743199  0 0 0 0 0 0 0 0 0 0 0 0 0 0 1 0 0 0
FAM2678 Y20070000050904 0.0194349 -0.00705911 0.00354436 0.000698768 -0.000278325 -0.00540359 -0.000332607 0.00901515 -0.00834063 -0.00949128  0 0 0 0 0 0 0 0 0 0 0 0 0 0 1 0 0 0
FAM2679 Y20070000050907 0.01633 -0.00591139 0.00154384 0.00192612 -0.00189047 -0.00904186 0.00330679 0.0111063 -0.0140829 -0.0184851  0 0 0 0 0 0 0 0 0 0 0 0 0 0 1 0 0 0
FAM2680 Y20070000050908 0.0171071 -0.0065441 0.00247699 0.000608152 -0.00198902 -0.00756723 0.000387722 0.0127399 -0.0132744 -0.0178741  0 0 0 0 0 0 0 0 0 0 0 0 0 0 1 0 0 0
FAM2681 Y20070000050909 0.0189116 -0.00767482 0.00139739 0.000102994 -0.00151502 -0.00734242 0.00179975 0.0114355 -0.014559 -0.0187909  0 0 0 0 0 0 0 0 0 0 0 0 0 0 1 0 0 0
FAM2682 Y20070000050910 0.0166181 -0.00692221 0.00109178 -0.00370297 -0.000903572 -0.00438999 0.00152688 0.00696414 -0.00794438 -0.0064048  0 0 0 0 0 0 0 0 0 0 0 0 0 0 1 0 0 0
FAM2683 Y20070000050912 0.0238427 -0.00968684 -0.00611644 0.000943026 -0.00258496 -0.00341876 -0.00216794 0.0129624 -0.0178868 -0.0269848  0 0 0 0 0 0 0 0 0 0 0 0 0 0 1 0 0 0
FAM2684 Y20070000050913 0.0232378 -0.014957 -0.00228249 -0.00499888 0.00409088 0.0275109 -0.00754306 -0.0296475 0.0351747 0.017528  0 0 0 0 0 0 0 0 0 0 0 0 0 0 1 0 0 0
FAM2685 Y20070000050914 0.0185238 -0.00824519 0.00496157 0.00169414 0.00313917 -0.00323147 0.00344666 0.00544616 -0.00245107 -0.0118175  0 0 0 0 0 0 0 0 0 0 0 0 0 0 1 0 0 0
FAM2686 Y20070000050915 0.0171042 -0.0110183 -0.00339879 -0.00129197 0.00315785 0.0100757 -0.00889057 -0.0114969 0.0167141 0.00649625  0 0 0 0 0 0 0 0 0 0 0 0 0 0 1 0 0 0
FAM2687 Y20070000050916 0.0225947 -0.00779052 -0.00336101 -0.00244345 -0.00026206 0.00223019 0.00291871 0.00506841 -0.0121038 -0.0100216  0 0 0 0 0 0 0 0 0 0 0 0 0 1 0 0 0 0
FAM2688 Y20070000050918 0.0243087 -0.00837361 -0.000858161 -0.00160155 0.00304619 0.0104952 0.0013352 -0.00292008 -0.000276278 0.00242646  0 0 0 0 0 0 0 0 0 0 0 0 0 1 0 0 0 0
FAM2689 Y20070000050920 0.0238179 -0.00626237 -0.0012385 -0.00153904 0.00148376 0.00456699 0.00258562 0.00306493 -0.00954168 -0.00214236  0 0 0 0 0 0 0 0 0 0 0 0 0 1 0 0 0 0
FAM2690 Y20070000050924 0.023099 -0.00562733 1.5124e-05 -0.000902774 0.00198307 -0.00209891 0.00297689 0.00994009 -0.00998415 -0.00831189  0 0 0 0 0 0 0 0 0 0 1 0 0 0 0 0 0 0
FAM2691 Y20070000050926 0.021759 -0.00537046 -5.34807e-06 -0.00144757 0.000800013 -0.00603417 0.00169546 0.00981117 -0.00852633 -0.00453601  0 0 0 0 0 0 0 0 0 0 1 0 0 0 0 0 0 0
FAM2692 Y20070000050928 0.0152006 -0.00850648 -0.00257726 -0.00254844 0.00404643 0.00307106 0.00548779 -0.000693177 -0.00456396 -0.00453955  0 0 0 0 0 0 0 0 0 0 0 0 0 0 0 0 1 0
FAM2693 Y20070000050931 0.00527005 0.000457721 0.00886908 0.000757591 -0.00120602 -0.00407407 0.00364243 0.00575399 -0.000588398 -0.0105277  0 0 0 0 0 1 0 0 0 0 0 0 0 0 0 0 0 0
FAM2694 Y20070000050932 0.016451 -0.00446679 -0.0053017 -0.00257588 -0.0044484 -0.00248763 0.00526138 0.00678483 -0.0135668 -0.00619081  0 0 0 0 0 0 0 0 0 0 0 0 0 0 0 0 1 0
FAM2695 Y20070000050934 0.0228874 -0.00716322 -0.000145961 -0.000682154 0.00144094 -0.000229559 0.00216665 0.00600775 -0.0081267 -0.00505009  0 0 0 0 0 0 0 0 0 0 1 0 0 0 0 0 0 0
FAM2696 Y20070000050936 0.0209818 -0.00788636 0.00177093 0.00580173 0.000525592 -0.00783178 -0.0001345 0.014022 -0.00933233 -0.0199693  0 0 0 0 0 0 0 0 0 0 0 0 0 0 0 1 0 0
FAM2697 Y20070000050937 0.0246087 -0.00993952 -0.000864522 -0.00299485 0.0032295 0.0128887 -0.0021244 -0.00566341 0.00396502 0.00269646  0 0 0 0 0 0 0 0 0 0 0 0 0 1 0 0 0 0
FAM2698 Y20070000050939 0.00905482 0.00207517 0.00685815 -0.0088557 0.00960298 0.00109139 -0.00533524 0.00750129 -0.00706765 -0.0114539  0 0 0 0 0 0 0 0 0 0 0 0 0 0 0 0 1 0
FAM2699 Y20070000050940 0.0066854 0.0064965 0.000580948 -0.00542227 0.0132568 0.00524285 0.00575024 0.0087843 -0.00606788 -0.00880515  0 0 0 0 0 0 0 0 0 0 0 0 0 0 0 0 1 0
FAM2700 Y20070000050941 0.0121383 -0.0003355 -0.00563481 0.00608767 -0.018227 0.0176115 -0.00211684 0.0210976 -0.00165857 -0.00749046  0 0 0 0 0 0 0 0 0 0 0 0 0 1 0 0 0 0
FAM2701 Y20070000050944 0.00466503 0.005389 -0.0108338 0.0126125 -0.0357192 0.0309013 0.000128239 0.0428636 0.00882913 -0.00422122  0 0 0 0 0 1 0 0 0 0 0 0 0 0 0 0 0 0
FAM2702 Y20070000050946 0.0152574 -0.00417983 -0.00163934 -0.00120778 -0.00329785 -0.00119685 -0.000151643 0.00273001 -0.0136233 0.00616838  0 0 0 0 0 0 0 0 0 0 0 0 0 0 0 0 1 0
FAM2703 Y20070000050950 0.022349 -0.00704161 -0.00207015 -0.00193006 6.90632e-05 -5.47522e-05 0.00246962 0.00694039 -0.0144022 -0.00988789  0 0 0 0 0 0 0 0 0 0 0 0 0 1 0 0 0 0
FAM2704 Y20070000050952 0.0248111 -0.00665086 -0.00193466 5.54011e-05 -0.000329754 0.00201033 0.000303418 0.00896725 -0.0130526 -0.00684301  0 0 0 0 0 0 0 0 0 0 0 0 0 1 0 0 0 0
FAM2705 Y20070000050953 0.0242556 -0.00575662 -0.00383597 -0.00309609 0.000501278 0.00550403 0.00335783 0.00659799 -0.017249 -0.0134406  0 0 0 0 0 0 0 0 0 0 0 0 1 0 0 0 0 0
FAM2706 Y20070000050954 0.0225824 -0.00652562 -0.00203915 -0.00405858 0.000364452 0.00565235 0.00223165 0.00671933 -0.0165112 -0.01337  0 0 0 0 0 0 0 0 0 0 0 0 1 0 0 0 0 0
FAM2707 Y20070000050955 0.0213957 -0.00748524 -0.00503428 0.00053336 -0.00357217 0.00930471 -0.00369988 0.0075523 -0.00946479 -4.71357e-05  0 0 0 0 0 0 0 0 0 0 0 0 0 1 0 0 0 0
FAM2708 Y20070000050959 0.0241875 -0.00958957 -0.000880442 -0.00320401 0.00237411 0.0131887 -0.00074497 -0.00495653 0.00445066 0.00227226  0 0 0 0 0 0 0 0 0 0 0 0 0 1 0 0 0 0
FAM2709 Y20070000050960 0.0243404 -0.00782202 -0.00150223 0.000304758 0.00308303 0.00135791 -0.000646126 0.00411049 -0.00583551 -0.00449557  0 0 0 0 0 0 0 0 0 0 0 0 0 1 0 0 0 0
FAM2710 Y20070000050961 0.0221494 -0.0069035 -0.00167057 -0.00172298 0.00130096 0.00153382 0.0041498 0.00583366 -0.00595869 0.00156603  0 0 0 0 0 0 0 0 0 0 0 0 0 1 0 0 0 0
FAM2711 Y20070000050963 0.0229297 -0.00548162 -0.00314853 -0.000997555 0.00193311 -0.00169198 0.00490041 0.00345861 -0.00989351 -0.00458906  0 0 0 0 0 0 0 0 0 0 0 0 0 1 0 0 0 0
FAM2712 Y20070000050966 0.0186891 -0.00448406 -0.00233576 -0.000149927 0.000641331 -0.00349937 -0.00345735 0.0094155 -0.0115675 -0.00276221  0 0 0 0 0 0 0 0 0 0 0 0 0 0 0 0 1 0
FAM2713 Y20070000050967 0.0215317 -0.00769232 -0.00199139 -0.00219202 -3.94367e-05 0.00313118 -0.000953436 0.0104147 -0.0145249 -0.00743242  0 0 0 0 0 0 0 0 0 0 0 0 0 0 0 0 1 0
FAM2714 Y20070000050969 0.0133389 -0.00307823 0.00108548 -0.000209132 -0.000815473 -0.00708721 0.00409691 0.00529841 -0.00629522 -0.00330167  0 0 0 0 0 0 0 0 0 0 0 0 0 0 0 0 1 0
FAM2715 Y20070000050972 0.0245804 -0.0070008 -0.00349169 -0.00219135 0.00115578 0.00400684 0.00230202 0.00964656 -0.0155286 -0.0137663  0 0 0 0 0 0 0 0 0 0 0 0 1 0 0 0 0 0
FAM2716 Y20070000050977 0.00449705 -0.000702212 -0.00523513 0.018366 -0.0123142 0.0213734 -0.00908038 0.00726 0.0254184 -0.00486013  0 0 0 0 0 1 0 0 0 0 0 0 0 0 0 0 0 0
FAM2717 Y20070000050978 -0.000977346 0.00200681 -0.00478486 0.0132885 -0.0338019 0.0263031 -0.00121153 0.025316 0.00510794 -0.012914  0 0 0 0 0 0 0 0 0 0 0 0 0 0 0 0 1 0
FAM2718 Y20070000050984 0.0113186 -0.00476663 -0.00134196 -0.00212761 -0.00566241 -0.00596619 0.00392483 0.00674465 -0.0077226 -0.00990331  0 0 0 0 0 0 0 0 0 0 0 0 0 0 0 0 1 0
FAM2719 Y20070000050985 0.0127976 -0.000648119 -0.00605302 0.00995994 -0.0265804 0.0309685 -0.00205345 0.0341189 0.00229092 -0.00554059  0 0 0 0 0 0 0 0 0 0 0 0 1 0 0 0 0 0
FAM2720 Y20070000050986 -0.0140593 -0.0210128 0.01972 -0.0238066 0.00526216 0.0166787 -0.00235179 -0.00670066 0.00473056 -0.00367645  0 0 0 0 0 0 0 0 1 0 0 0 0 0 0 0 0 0
FAM2721 Y20070000050987 0.0166159 -0.00485853 -0.00210917 -0.000330545 -0.000658114 -0.00130771 0.00288744 0.00552497 -0.00723361 -0.00338461  0 0 0 0 0 0 0 0 0 0 0 0 0 0 0 0 1 0
FAM2722 Y20070000050988 0.0212174 -0.00638901 -0.00100085 -0.00254397 0.00015398 0.00157566 0.00500492 0.00376297 -0.00656866 0.000690395  0 0 0 0 0 0 0 0 0 0 0 0 0 1 0 0 0 0
FAM2723 Y20070000050989 0.0131581 -0.00441252 -0.00171572 -0.00182949 -0.00322062 -0.0055003 0.00331611 0.00304447 -0.00535448 -0.00457104  0 0 0 0 0 0 0 0 0 0 0 0 0 0 0 0 1 0
FAM2724 Y20070000050990 0.0186367 -0.00639363 -0.00289154 0.00276037 -0.00470437 0.00122713 -0.00165729 0.00588281 -0.0132772 -0.0137234  0 0 0 0 0 0 0 0 0 0 0 0 0 0 0 0 1 0
FAM2725 Y20070000050991 0.0187458 -0.00897311 0.00216513 -0.00334903 0.00183982 -0.00179843 -0.00123537 0.0122945 -0.0118372 -0.0117972  0 0 0 0 0 0 0 0 0 0 1 0 0 0 0 0 0 0
FAM2726 Y20070000050995 0.0188517 -0.00706055 -0.00183742 -0.00151068 -0.00160956 -0.00410244 0.0016072 0.00955238 -0.0131964 -0.00807141  0 0 0 0 0 0 0 0 0 0 0 0 0 0 0 0 1 0
FAM2727 Y20070000050999 0.0208576 -0.00541555 0.00210783 0.000276777 0.0032344 -0.00185843 0.00189396 0.00768693 -0.0188655 -0.00417862  0 0 0 0 0 0 0 0 0 0 1 0 0 0 0 0 0 0
FAM2728 Y20070000051002 0.0211859 -0.00701559 -0.000968165 -0.000897836 0.000477958 -0.00337179 0.000443729 0.0104905 -0.0103704 -0.00570894  0 0 0 0 0 0 0 0 0 0 1 0 0 0 0 0 0 0
FAM2729 Y20070000051005 0.0110889 -0.00197134 -0.00275095 0.00107724 -0.00511215 -0.00161285 0.00153622 0.00404116 -0.00250251 0.00419928  0 0 0 0 0 0 0 0 0 0 0 0 0 0 0 0 1 0
FAM2730 Y20070000051010 0.0190407 -0.00672444 -0.00122285 -0.00188173 0.00120636 -0.00348662 0.00330615 0.00797471 -0.00894316 -0.00141301  0 0 0 0 0 0 0 0 0 0 0 0 0 1 0 0 0 0
FAM2731 Y20070000051012 0.0228177 -0.00668664 -0.00298489 -0.00258695 0.000218384 0.00945834 -0.00211161 -0.00719556 -0.00607477 -0.00263838  0 0 0 0 0 0 0 0 0 0 0 0 0 1 0 0 0 0
FAM2732 Y20070000051013 0.0118015 -0.00895548 0.00231454 -0.00593318 -0.00115807 -0.00734904 -0.00138126 0.00752216 -0.00780149 -0.0154941  0 0 0 0 0 0 0 0 0 0 0 0 0 0 0 0 1 0
FAM2733 Y20070000051014 0.0230093 -0.00694547 -0.00297601 0.00178174 -0.00022482 0.000203008 -0.00358476 0.0102539 -0.00983459 -0.00649764  0 0 0 0 0 0 0 0 0 0 1 0 0 0 0 0 0 0
FAM2734 Y20070000051023 0.00180047 0.011399 0.0526661 0.0693575 0.0234984 -0.0442689 -0.016833 0.000656642 0.0354461 0.00401737  0 0 0 0 0 0 0 1 0 0 0 0 0 0 0 0 0 0
FAM2735 Y20070000051024 -0.00396231 0.0131598 0.0548226 0.0712656 0.0222322 -0.0416415 -0.019505 -0.00207425 0.0380694 0.00614225  0 0 0 0 0 0 0 1 0 0 0 0 0 0 0 0 0 0
FAM2736 Y20070000051025 0.021282 -0.00229485 0.00268078 0.00553624 0.00169581 -0.00742067 0.000589503 0.0135774 -0.00847058 -0.00960253  0 0 0 0 0 0 0 0 0 0 0 0 0 0 0 1 0 0
FAM2737 Y20070000051026 0.0197814 -0.00181583 -0.000385246 0.00229073 0.00338029 -0.00452403 0.00316037 0.00948881 -0.0107579 -0.00605253  0 0 0 0 0 0 0 0 0 0 0 0 0 0 0 1 0 0
FAM2738 Y20070000051027 0.0242264 -0.00781426 -0.00187582 -0.00151415 0.00327505 0.00447845 -0.000370326 0.00409997 -0.00418272 -0.00346339  0 0 0 0 0 0 0 0 0 0 0 0 0 1 0 0 0 0
FAM2739 Y20070000051029 0.0229988 -0.00560939 -0.00316923 -0.00141099 0.00255491 0.00109724 0.00219054 0.0070394 -0.0107176 -0.00764204  0 0 0 0 0 0 0 0 0 0 0 0 1 0 0 0 0 0
FAM2740 Y20070000051030 0.0162721 -0.00199604 -0.00332467 -0.000103417 -0.000991229 -0.00793463 0.00416925 0.0073874 -0.00744548 0.00107957  0 0 0 0 0 0 0 0 0 0 0 0 0 0 0 0 1 0
FAM2741 Y20070000051033 0.0225598 -0.00780169 0.00059932 -0.00085805 -0.000151176 0.00175307 0.00123145 0.00704741 -0.00991929 -0.00573219  0 0 0 0 0 0 0 0 0 0 0 0 0 0 0 0 1 0
FAM2742 Y20070000051034 0.0215094 -0.0132617 -0.00546807 -0.000218777 0.00472124 0.0366641 -0.0107318 -0.0447656 0.053939 0.0212965  0 0 0 0 0 0 0 0 0 0 0 1 0 0 0 0 0 0
FAM2743 Y20070000051035 -0.00402599 -0.0219769 0.0206172 -0.0263926 0.00804229 0.0196003 0.0097317 -0.0114784 0.0187231 -0.00335688  0 0 0 0 0 0 0 0 0 0 0 1 0 0 0 0 0 0
FAM2744 Y20070000051038 0.0152745 -0.00121739 -0.0015739 0.000666323 -0.0051543 -1.89984e-05 -0.00289024 0.000736882 -0.0145037 0.0143127  0 0 0 0 0 0 0 0 0 0 0 0 0 0 0 0 1 0
FAM2745 Y20070000051040 0.0163005 -0.00446686 -0.00254707 -0.00381113 -0.00227995 -0.0019455 0.00151067 0.00271851 -0.00832536 -0.0020158  0 0 0 0 0 0 0 0 0 0 0 0 0 0 0 0 1 0
FAM2746 Y20070000051041 0.0209952 -0.00306513 0.00256825 0.00502337 0.00159763 -0.0053921 0.00335477 0.0142166 -0.0135609 -0.013393  0 0 0 0 0 0 0 0 0 0 0 0 0 0 0 1 0 0
FAM2747 Y20070000051042 0.0211041 -0.00730718 0.00250173 0.00487865 0.00218349 -0.00513774 0.00176869 0.0107182 -0.00749712 -0.0110927  0 0 0 0 0 0 0 0 0 0 0 0 0 0 0 1 0 0
FAM2748 Y20070000051043 0.0219562 -0.00539758 0.00382781 0.00462991 0.00367754 -0.00810453 0.000621285 0.0106321 -0.00968608 -0.0119495  0 0 0 0 0 0 0 0 0 0 0 0 0 0 0 1 0 0
FAM2749 Y20070000051044 0.0168215 -0.00406697 -0.00220944 -0.00184649 0.000992281 -0.00335889 0.00497147 0.0059773 -0.00630733 -0.00273547  0 0 0 0 0 0 0 0 0 0 0 0 0 0 0 0 1 0
FAM2750 Y20070000051045 0.0136198 -0.00648608 0.00223858 -0.000880194 -0.00195767 -0.00563681 0.00565889 0.00853589 -0.00741777 -0.00451849  0 0 0 0 0 0 0 0 0 0 0 0 0 0 0 0 1 0
FAM2751 Y20070000051046 0.021631 -0.00681512 -0.00395528 -0.00194222 -0.00320923 0.00706729 0.000175539 0.00327949 -0.00954874 -0.00114593  0 0 0 0 0 0 0 0 0 0 0 0 0 1 0 0 0 0
FAM2752 Y20070000051047 0.0133003 -0.00431452 -0.00266706 0.000390224 -0.00436478 -0.00789658 0.00430543 0.00348126 -0.00266196 -3.05571e-05  0 0 0 0 0 0 0 0 0 0 0 0 0 0 0 0 1 0
FAM2753 Y20070000051048 0.0235375 -0.00637996 -0.00291667 -0.000727543 0.00109031 -0.000666242 -0.000244029 0.00925939 -0.0113559 -0.00562229  0 0 0 0 0 0 0 0 0 0 0 0 0 0 0 0 1 0
FAM2754 Y20070000051049 0.0187887 -0.00309194 -0.00400563 -0.00199003 -0.000986109 -0.003767 0.00497185 0.00239859 -0.00469742 0.000930437  0 0 0 0 0 0 0 0 0 0 1 0 0 0 0 0 0 0
FAM2755 Y20070000051050 0.0160911 -0.00431101 -0.000610233 0.00363079 -0.00135123 -0.00563195 0.00115187 0.00809898 -0.00261735 0.00134551  0 0 0 0 0 0 0 0 0 0 0 0 0 1 0 0 0 0
FAM2756 Y20070000051051 0.0245779 -0.00505169 0.00101198 0.00507831 0.00259174 -0.00575838 -0.000510382 0.0119349 -0.0104095 -0.0111296  0 0 0 0 0 0 0 0 0 0 0 0 0 0 0 0 1 0
FAM2757 Y20070000051052 0.0160299 -0.0030481 -0.00346984 -0.00165112 -0.00368918 -0.00209981 0.0030333 0.000832563 -0.0109576 -0.011448  0 0 0 0 0 0 0 0 0 0 0 0 0 1 0 0 0 0
FAM2758 Y20070000051056 0.0176501 -0.00555367 -0.00257806 -0.00180581 0.000640966 -0.00150867 0.00172995 0.00375206 -0.00565794 -0.00376627  0 0 0 0 0 0 0 0 0 0 1 0 0 0 0 0 0 0
FAM2759 Y20070000051058 0.0180868 -0.00425752 2.15186e-05 -0.00117467 -0.00103171 -0.00200113 -0.000112538 0.00710392 -0.0138637 -0.00403324  0 0 0 0 0 0 0 0 0 0 1 0 0 0 0 0 0 0
FAM2760 Y20070000051063 0.0156007 -0.00267822 0.00126894 0.00111465 -0.000290959 -0.00744397 0.00452481 0.0108424 -0.0145196 -0.00926737  0 0 0 0 0 0 0 0 0 0 0 0 0 0 1 0 0 0
FAM2761 Y20070000051066 0.0115192 -0.0048219 -0.00580794 -0.00471206 -0.00366442 -0.00413647 -0.00249198 0.00858766 -0.00836727 0.00257434  0 0 0 0 0 0 0 0 0 0 0 0 0 0 0 0 1 0
FAM2762 Y20070000051070 0.0195504 -0.00698485 -0.00231319 -0.0016374 0.00289027 -0.00277926 0.00557443 0.0085923 -0.00907106 -0.000379606  0 0 0 0 0 0 0 0 0 0 0 0 0 1 0 0 0 0
FAM2763 Y20070000051071 -0.0103467 0.0183795 -0.0126607 0.0146502 -0.0463388 0.0388175 0.00348566 0.0400792 0.0180524 -0.00451619  0 0 0 0 0 1 0 0 0 0 0 0 0 0 0 0 0 0
FAM2764 Y20070000051072 -0.00119796 0.00302406 0.0104657 0.0255234 0.00675167 -0.00424166 0.0257687 -0.000171335 -0.000383985 -0.00610182  0 0 0 0 0 0 0 0 0 0 0 0 0 0 0 0 0 0
FAM2765 Y20070000051074 -0.00147921 0.00392243 0.0125586 0.0270459 0.0100561 -0.00686511 0.0260919 -0.00127808 0.00142562 -0.00674126  0 0 0 0 0 0 0 0 0 0 0 0 0 0 0 0 0 0
FAM2766 Y20070000051075 -0.00780321 0.00636524 0.0188167 0.016062 -0.00995788 0.0151718 -0.0239824 -0.0149606 -0.0640253 0.0624301  0 0 0 0 0 0 0 0 0 1 0 0 0 0 0 0 0 0
FAM2767 Y20070000051076 -0.00761001 0.0178619 0.0265362 0.0370643 -0.0148151 -0.00147925 -0.0133116 -0.0433515 -0.0178321 -0.0138835  0 0 0 0 0 0 0 0 0 1 0 0 0 0 0 0 0 0
FAM2768 Y20070000051077 -0.0178552 0.0170467 0.0146991 0.00928174 -0.0347281 0.0289093 -0.0155995 -0.0593525 -0.0601282 0.00814813  0 0 0 0 0 0 0 0 0 1 0 0 0 0 0 0 0 0
FAM2769 Y20070000051080 -0.017748 0.0183567 0.0185083 0.0153426 -0.0353042 0.0325789 -0.0210224 -0.0593716 -0.063072 0.00957787  0 0 0 0 0 0 0 0 0 1 0 0 0 0 0 0 0 0
FAM2770 Y20070000051081 -0.0206391 -0.0114414 -0.00418367 0.013671 0.016036 0.0200675 0.0246636 -0.000861697 -0.00544413 -0.00775509  0 0 0 0 1 0 0 0 0 0 0 0 0 0 0 0 0 0
FAM2771 Y20070000051082 -0.000660122 0.0116539 0.0266822 0.0408277 0.002322 -0.0133096 -0.00650085 -0.0045558 0.0103271 -0.00749043  0 0 0 0 0 0 0 1 0 0 0 0 0 0 0 0 0 0
FAM2772 Y20070000051083 -0.0110743 0.0105391 0.0274612 0.0285321 -0.0104559 0.0137234 -0.0132519 0.0130616 0.00227627 0.00801483  0 0 0 0 0 0 0 0 0 1 0 0 0 0 0 0 0 0
FAM2773 Y20070000051084 -0.000561736 0.0126194 0.0532095 0.0709864 0.0225098 -0.0416743 -0.0172416 0.00256708 0.041907 0.00233416  0 0 0 0 0 0 0 1 0 0 0 0 0 0 0 0 0 0
FAM2774 Y20070000051085 -0.00988269 0.000409591 0.0343399 0.0147746 0.00042031 -0.00653501 -0.0221586 0.000212655 -0.000112016 0.0118586  0 0 0 0 0 0 0 0 0 1 0 0 0 0 0 0 0 0
FAM2775 Y20070000051089 -0.00585148 0.0275393 -0.00442129 -0.0123646 -0.00292581 0.00317024 -4.14995e-05 -0.0295512 -0.0155695 -0.0159947  0 0 0 0 0 0 0 0 0 1 0 0 0 0 0 0 0 0
FAM2776 Y20070000051091 -0.00763238 0.0065964 0.018568 0.0164399 -0.00995356 0.0150215 -0.0239355 -0.0148804 -0.0642462 0.0627141  0 0 0 0 0 0 0 0 0 1 0 0 0 0 0 0 0 0
FAM2777 Y20070000051092 -0.0276468 -0.0259714 0.0423192 -0.0413584 0.000973243 0.0126199 -0.00690465 -0.00284908 -0.000431034 -0.0241568  0 0 0 0 0 0 0 0 1 0 0 0 0 0 0 0 0 0
FAM2778 Y20070000051093 -0.0126628 0.00901163 -0.0136011 0.0114377 -0.0360634 0.015532 0.00319045 0.0235414 0.0167858 -0.00236576  0 0 0 0 0 1 0 0 0 0 0 0 0 0 0 0 0 0
FAM2779 Y20070000051094 -0.0295346 -0.0296544 0.0465355 -0.0486649 0.00118804 0.0162179 -0.0101008 0.00527928 -0.00330271 -0.0177884  0 0 0 0 0 0 0 0 1 0 0 0 0 0 0 0 0 0
FAM2780 Y20070000051095 -0.00504941 0.00229799 0.0224931 0.0171524 -0.00390866 -0.00174991 0.00304029 0.000626013 -0.00559465 -0.00133775  0 0 0 0 0 0 0 0 0 0 0 0 0 0 0 0 0 0
FAM2781 Y20070000051096 -0.0157239 -0.0125081 0.00652612 -0.00798998 0.00944185 1.68668e-05 0.0333136 0.0168096 0.0209222 -0.00959716  0 0 0 0 1 0 0 0 0 0 0 0 0 0 0 0 0 0
FAM2782 Y20070000051097 0.00640053 0.0119901 0.0544681 0.0702443 0.0233699 -0.0469485 -0.0149214 0.00648721 0.0389711 -0.00401794  0 0 0 0 0 0 0 1 0 0 0 0 0 0 0 0 0 0
FAM2783 Y20070000051098 -0.00756284 0.0052806 0.0309106 0.018796 -0.00332135 0.00711684 -0.0153529 -0.0149297 -0.0412577 0.0293217  0 0 0 0 0 0 0 0 0 1 0 0 0 0 0 0 0 0
FAM2784 Y20070000051099 0.0105373 0.0206817 -0.00620723 -0.0146228 0.00903478 -0.00621409 0.00127761 0.00914782 -0.00289887 0.00643135  0 0 0 0 0 0 0 0 0 0 0 0 0 0 0 0 0 0
FAM2785 Y20070000051101 0.000930635 0.0117876 -0.0122343 0.0031806 -0.0195985 -0.0108546 0.00901192 -0.0610184 -0.019409 -0.0606535  0 0 0 0 0 0 1 0 0 0 0 0 0 0 0 0 0 0
FAM2786 Y20070000051105 -0.0202055 -0.00494536 -0.00773577 0.00587435 -0.00836489 0.0010232 0.00854184 0.00309742 0.0116813 -0.0117329  0 0 0 0 0 0 0 0 0 0 0 0 0 0 0 0 0 0
FAM2787 Y20070000051106 -0.0207344 -0.0133201 0.00429678 -0.00593628 0.00795714 -0.00336419 0.0100925 -0.000337318 0.01248 -0.0171633  1 0 0 0 0 0 0 0 0 0 0 0 0 0 0 0 0 0
FAM2788 Y20070000051109 -0.00939001 0.00652382 0.0398159 0.0488514 0.00966693 -0.0128872 -0.0045811 0.00102862 0.0237331 -0.00717872  0 0 0 0 0 0 0 1 0 0 0 0 0 0 0 0 0 0
FAM2789 Y20070000051110 -0.0144175 0.00201655 0.042804 0.00930809 -0.0119791 0.0251541 -0.037381 -0.0168503 -0.0647384 0.0542083  0 0 0 0 0 0 0 0 0 1 0 0 0 0 0 0 0 0
FAM2790 Y20070000051112 0.00124808 0.0739732 -0.00755735 -0.0274633 0.0238958 0.0105927 -0.00721535 -0.0211265 -0.00593046 -0.0223917  0 0 0 0 0 0 0 0 0 0 0 0 0 0 0 0 0 1
FAM2791 Y20070000051116 -0.00130791 0.0129463 0.0554165 0.0704529 0.0228499 -0.0426635 -0.0158586 0.00171038 0.0401142 0.0055633  0 0 0 0 0 0 0 1 0 0 0 0 0 0 0 0 0 0
FAM2792 Y20070000051118 -0.0213105 -0.000717819 0.00330415 -0.00374373 -0.0261274 0.0213726 0.00679753 -0.0098602 0.0011193 -0.0343454  0 0 0 0 0 1 0 0 0 0 0 0 0 0 0 0 0 0
FAM2793 Y20070000051440 -0.0272766 -0.0100913 -0.0452362 0.0353558 0.0264992 0.0226379 0.00879442 -0.016521 -0.0145086 -0.0259019  0 0 0 1 0 0 0 0 0 0 0 0 0 0 0 0 0 0
FAM2794 Y20070000051441 -0.0216323 0.000420509 -0.0177416 0.00484098 0.0026209 0.0102132 -0.0223895 -0.0338278 -0.0103816 -0.0498252  0 0 0 1 0 0 0 0 0 0 0 0 0 0 0 0 0 0
FAM2795 Y20070000051442 -0.0264003 -0.00757165 -0.0406823 0.0395132 0.0287317 0.0295725 0.0276881 -0.0198947 -0.0230587 -0.0182828  0 0 0 1 0 0 0 0 0 0 0 0 0 0 0 0 0 0
FAM2796 Y20070000051443 -0.0251395 0.0041691 -0.0207391 0.0220356 0.0163029 0.0315109 0.00606109 -0.00966829 -0.0209115 -0.00507778  0 0 0 1 0 0 0 0 0 0 0 0 0 0 0 0 0 0
FAM2797 Y20070000051444 -0.0231699 -0.00273628 -0.0384175 0.0232145 -0.00348715 0.00832362 -0.024844 -0.0322116 -0.0093983 -0.0475303  0 0 0 1 0 0 0 0 0 0 0 0 0 0 0 0 0 0
FAM2798 Y20070000051445 -0.0233236 -0.00207712 -0.0401301 0.0272911 -0.00422261 0.0161965 -0.0200319 -0.0337894 -0.0125493 -0.0543317  0 0 0 1 0 0 0 0 0 0 0 0 0 0 0 0 0 0
FAM2799 Y20070000051446 -0.0236749 -0.00266313 -0.0396822 0.0307174 0.00340697 0.0202067 -0.000801033 -0.0344828 -0.0155678 -0.0483061  0 0 0 1 0 0 0 0 0 0 0 0 0 0 0 0 0 0
FAM2800 Y20070000051447 -0.021782 -0.00190226 -0.0189158 0.00612742 0.00311778 0.0110221 -0.022116 -0.0333784 -0.00966195 -0.0510536  0 0 0 1 0 0 0 0 0 0 0 0 0 0 0 0 0 0
FAM2801 Y20070000051449 -0.0282319 -0.00790739 -0.0437938 0.0349818 0.0187519 0.0251437 0.00195311 -0.0215631 -0.0148658 -0.0340801  0 0 0 1 0 0 0 0 0 0 0 0 0 0 0 0 0 0
FAM2802 Y20070000051450 -0.0237146 -0.00317235 -0.0385253 0.0274027 -0.000140224 0.0184027 -0.00724706 -0.0345468 -0.013126 -0.0496313  0 0 0 1 0 0 0 0 0 0 0 0 0 0 0 0 0 0
FAM2803 Y20070000051451 -0.0215882 0.00169331 -0.0307506 0.0125025 -0.00423553 0.0120076 -0.0283926 -0.0225672 -0.00317452 -0.0506297  0 0 0 1 0 0 0 0 0 0 0 0 0 0 0 0 0 0
FAM2804 Y20070000051452 -0.0201113 -0.00214438 -0.0153707 0.0289367 0.0184675 0.0290708 0.0292162 -0.0061143 -0.0314641 0.0227639  0 0 0 0 1 0 0 0 0 0 0 0 0 0 0 0 0 0
FAM2805 Y20070000051453 -0.0197507 0.0121641 -0.032861 0.0156099 -0.0144436 0.00989174 -0.0179482 -0.0553036 -0.012195 -0.0647473  0 0 0 1 0 0 0 0 0 0 0 0 0 0 0 0 0 0
FAM2806 Y20070000051454 0.000820247 0.059511 -0.00351408 -0.00775138 0.0145318 0.0263662 -0.0191241 0.0117056 0.00340765 -0.0199049  0 0 0 0 0 0 0 0 0 0 0 0 0 0 0 0 0 1
FAM2807 Y20070000051455 -0.0197529 0.0098717 -0.0206269 0.0136662 -0.00834905 0.0115527 -0.0250633 -0.0336567 -0.0136222 -0.0441387  0 0 0 1 0 0 0 0 0 0 0 0 0 0 0 0 0 0
FAM2808 Y20070000051456 -0.0198426 0.0035804 -0.0368616 0.0227586 -0.0133899 0.0110601 -0.0210754 -0.0404304 -0.0106896 -0.0577415  0 0 0 1 0 0 0 0 0 0 0 0 0 0 0 0 0 0
FAM2809 Y20070000051457 -0.015093 0.000374379 -0.00689772 0.0265757 0.0272866 0.0281154 0.0248135 -0.00376417 -0.0395291 0.0311434  0 0 0 0 1 0 0 0 0 0 0 0 0 0 0 0 0 0
FAM2810 Y20070000051458 -0.0218625 -0.0011551 -0.0386301 0.024131 -0.00532671 0.0121156 -0.00984808 -0.0390455 -0.013247 -0.0505236  0 0 0 1 0 0 0 0 0 0 0 0 0 0 0 0 0 0
FAM2811 Y20070000051460 -0.0166998 -0.00716741 0.0303257 0.00682218 0.0116214 -0.000283637 0.0257433 0.0052011 0.0208786 -0.0103806  0 0 0 0 1 0 0 0 0 0 0 0 0 0 0 0 0 0
FAM2812 Y20070000051461 -0.0234601 -0.0113721 -0.00505939 0.0175265 0.0195661 0.0160662 0.0233178 -0.00202889 0.0032657 -0.0150535  0 0 0 0 1 0 0 0 0 0 0 0 0 0 0 0 0 0
FAM2813 Y20070000051467 -0.00578059 0.0498712 0.0178801 -0.0201926 0.024583 0.0266916 -0.0200446 0.00707585 -0.0189681 0.0189449  0 0 0 0 0 0 0 0 0 0 0 0 0 0 0 0 0 1
FAM2814 Y20070000051469 -0.019419 -0.0185521 0.0140835 -0.00116217 0.022897 0.00302092 0.0199978 0.00959145 0.0107391 -0.013683  0 0 0 0 1 0 0 0 0 0 0 0 0 0 0 0 0 0
FAM2815 Y20070000051470 -0.0183746 0.0169029 -0.0274665 0.0158439 0.0186652 0.0138986 -0.0331976 -0.00930907 -0.00768548 -0.0202525  0 0 0 0 0 0 0 0 0 0 0 0 0 0 0 0 0 1
FAM2816 Y20070000051471 -0.0226666 -0.000412002 -0.039857 0.0232772 -0.0117996 0.0107629 -0.0270018 -0.0395863 -0.00980836 -0.059838  0 0 0 1 0 0 0 0 0 0 0 0 0 0 0 0 0 0
FAM2817 Y20070000051473 -0.0299331 -0.0204282 -0.0222036 0.0198324 0.0409175 0.0287831 0.030463 0.0107683 -0.0103095 0.00282833  0 0 0 0 1 0 0 0 0 0 0 0 0 0 0 0 0 0
FAM2818 Y20070000051474 -0.0270907 -0.0136677 -0.0244022 0.0126013 0.0186798 0.00749543 -0.0144976 0.0137262 0.00607253 -0.00324159  0 0 0 1 0 0 0 0 0 0 0 0 0 0 0 0 0 0
FAM2819 Y20070000051475 -0.0120239 0.0104369 0.00150889 -0.0111246 0.00317688 0.000108708 -0.0116759 0.00219239 -0.00246794 0.0112774  0 0 0 0 0 0 0 0 0 0 0 0 0 0 0 0 0 0
FAM2820 Y20070000051476 -0.0243785 -0.0185234 -0.0108648 -0.00161505 0.0272106 0.0103181 0.00680029 0.00610382 0.00756017 -0.0026302  0 0 0 1 0 0 0 0 0 0 0 0 0 0 0 0 0 0
FAM2821 Y20070000051477 -0.0292531 -0.0253111 0.0039797 -0.00735699 0.0327314 0.0248328 0.023491 -0.000736152 -0.013557 -0.0127396  0 0 0 0 1 0 0 0 0 0 0 0 0 0 0 0 0 0
FAM2822 Y20070000051478 -0.0274458 -0.020137 0.0253584 -0.0187851 0.0161351 0.0153688 0.049617 0.014085 0.0242626 -0.0200061  1 0 0 0 0 0 0 0 0 0 0 0 0 0 0 0 0 0
FAM2823 Y20070000051479 -0.00952331 -0.00260287 0.052808 0.0237028 0.00629114 -0.0137148 -0.0131619 0.00489526 0.00857364 0.00214058  0 0 0 0 0 0 0 1 0 0 0 0 0 0 0 0 0 0
FAM2824 Y20070000051480 -0.0307345 -0.0222303 -0.00709546 0.00427407 0.0443479 0.0199758 0.0588331 0.0030713 0.00367647 -0.0121132  0 0 0 0 1 0 0 0 0 0 0 0 0 0 0 0 0 0
FAM2825 Y20070000051481 -0.0279568 -0.00939735 -0.0144594 0.00750633 0.00219685 0.0151406 0.00253863 -0.00719492 0.0109545 -0.0421045  0 0 0 1 0 0 0 0 0 0 0 0 0 0 0 0 0 0
FAM2826 Y20070000051482 -0.0202683 0.00228455 -0.0333017 0.0219237 -0.0120962 0.0101409 -0.0154208 -0.0308902 -0.00414185 -0.0472265  0 0 0 1 0 0 0 0 0 0 0 0 0 0 0 0 0 0
FAM2827 Y20070000051483 -0.0161888 0.0185777 -0.0245047 0.0264402 0.0104498 0.00901788 -0.0208184 -0.0131291 0.00451013 -0.0406966  0 0 0 1 0 0 0 0 0 0 0 0 0 0 0 0 0 0
FAM2828 Y20070000051484 -0.0163638 0.0314654 -0.0112959 0.00180273 0.0103677 0.0203201 -0.0309957 -0.0135755 -0.00797894 -0.0227243  0 0 0 0 0 0 0 0 0 0 0 0 0 0 0 0 0 1
FAM2829 Y20070000051485 0.00400752 0.0760837 -0.00373989 -0.0339557 0.0375853 0.0120134 -0.00693658 0.0196095 0.0132707 0.00283745  0 0 0 0 0 0 0 0 0 0 0 0 0 0 0 0 0 1
FAM2830 Y20070000051486 -0.0145561 -0.00416981 0.0303089 0.0130811 0.00996673 -0.000552331 0.0215709 0.00572179 0.0167981 -0.00604036  0 0 0 0 1 0 0 0 0 0 0 0 0 0 0 0 0 0
FAM2831 Y20070000051490 -0.00335145 0.0155252 0.0102834 0.0126037 0.00338677 -0.00397824 -0.00126379 -0.00301891 0.00606098 -0.00504695  0 0 0 0 0 0 0 0 0 0 0 0 0 0 0 0 0 0
FAM2832 Y20070000051491 0.00302257 0.00751113 0.00828582 0.0159839 -0.00177956 -0.0126223 0.00537402 8.55505e-05 0.00512937 -0.016755  0 0 0 0 0 0 0 1 0 0 0 0 0 0 0 0 0 0
FAM2833 Y20070000051492 -0.0218324 -0.00833465 0.0274597 0.0123047 0.00557988 0.0121445 0.00233321 0.00909439 0.0134025 -0.0113273  0 0 0 0 1 0 0 0 0 0 0 0 0 0 0 0 0 0
FAM2834 Y20070000051493 0.00300952 0.092136 -0.00488489 -0.0405668 0.0490772 0.0261493 -0.0138637 0.0262839 0.0119293 -0.000528491  0 0 0 0 0 0 0 0 0 0 0 0 0 0 0 0 0 1
FAM2835 Y20070000051494 0.000384397 0.0722293 -0.00037924 -0.0368893 0.0381369 0.0147523 -0.00193869 0.0189696 0.0175191 -0.0035056  0 0 0 0 0 0 0 0 0 0 0 0 0 0 0 0 0 1
FAM2836 Y20070000051495 -0.024753 -0.00927718 -0.00636135 0.0214608 0.0297686 0.0329228 0.0119292 -0.0216077 -0.050659 0.0213626  0 0 0 0 1 0 0 0 0 0 0 0 0 0 0 0 0 0
FAM2837 Y20070000051496 -0.0309793 -0.0220306 -0.00601542 0.00758779 0.0463639 0.0244333 0.0610786 0.00524338 -0.000706091 -0.00730126  0 0 0 0 1 0 0 0 0 0 0 0 0 0 0 0 0 0
FAM2838 Y20070000051497 -0.0214154 0.00687982 -0.00472964 0.00909646 0.0468786 0.0360887 0.0260638 -0.00420347 -0.0404166 0.0229732  0 0 0 0 0 0 0 0 0 1 0 0 0 0 0 0 0 0
FAM2839 Y20070000051498 -0.0285582 -0.0221796 -0.00636176 0.00443905 0.0383536 0.0237918 0.038438 -0.0010274 -0.00906694 -0.00900142  0 0 0 0 1 0 0 0 0 0 0 0 0 0 0 0 0 0
FAM2840 Y20070000051502 -0.0172464 0.0110359 0.0169879 -0.00551644 0.0324307 0.0110183 0.027406 0.0105045 0.017315 -0.0115445  0 0 0 0 1 0 0 0 0 0 0 0 0 0 0 0 0 0
FAM2841 Y20070000051503 -0.0205824 -0.00909573 -0.0203944 0.0439046 0.0471378 0.0269505 0.0357767 0.00540104 -0.0290258 0.0287866  0 0 0 0 1 0 0 0 0 0 0 0 0 0 0 0 0 0
FAM2842 Y20070000051504 -0.0193494 -0.00762495 -0.0024368 0.0389588 0.0396887 0.020696 0.0312543 -0.00565227 -0.0319601 0.029909  0 0 0 0 1 0 0 0 0 0 0 0 0 0 0 0 0 0
FAM2843 Y20070000051505 -0.030482 -0.0212547 -0.00960212 0.0169434 0.0550366 0.0233992 0.0583288 0.00789739 -0.00486619 0.00310369  0 0 0 0 1 0 0 0 0 0 0 0 0 0 0 0 0 0
FAM2844 Y20070000051507 -0.0182451 -0.00965595 0.030726 0.0074164 0.0148829 0.000949051 0.0304964 0.00842932 0.0226863 -0.0101377  0 0 0 0 1 0 0 0 0 0 0 0 0 0 0 0 0 0
FAM2845 Y20070000051508 -0.0186241 -0.00524759 0.0336459 0.0146256 0.011147 0.00478563 0.0235379 0.00500116 0.0179109 -0.0125538  0 0 0 0 1 0 0 0 0 0 0 0 0 0 0 0 0 0
FAM2846 Y20070000051509 -0.00331875 5.32385e-05 0.0456989 0.0351245 0.0129478 -0.0230166 -0.00594814 0.0042248 0.0175004 -0.00545391  0 0 0 0 0 0 0 1 0 0 0 0 0 0 0 0 0 0
FAM2847 Y20070000051511 -0.0265989 -0.0226817 0.000692874 -7.83009e-05 0.0325375 0.0239069 0.0327165 0.00783323 -0.0104527 -0.000304188  0 0 0 0 1 0 0 0 0 0 0 0 0 0 0 0 0 0
FAM2848 Y20070000051513 -0.0291934 -0.0222337 0.0280246 -0.0226105 0.0155691 0.0142877 0.0460538 0.0130089 0.0237344 -0.0204849  1 0 0 0 0 0 0 0 0 0 0 0 0 0 0 0 0 0
FAM2849 Y20070000051515 0.00387883 0.0188562 0.0488722 0.0570124 0.0240596 -0.0383197 -0.0179913 0.000310631 0.0239707 0.00411909  0 0 0 0 0 0 0 1 0 0 0 0 0 0 0 0 0 0
FAM2850 Y20070000051516 0.00510233 0.0716371 0.000328227 -0.0233394 0.0376686 0.0112446 -0.00765094 0.0214977 0.019419 -0.00439682  0 0 0 0 0 0 0 0 0 0 0 0 0 0 0 0 0 1
FAM2851 Y20070000051518 -0.00108045 0.0577104 0.0167732 0.00835926 0.0383703 0.00517366 -0.00563831 0.0150211 0.0214168 0.00275688  0 0 0 0 0 0 0 0 0 0 0 0 0 0 0 0 0 1
FAM2852 Y20070000051519 -0.0283741 -0.0291545 0.0449538 -0.0462638 0.00297832 0.0116705 -0.0126122 0.00473063 0.000964185 -0.0237657  0 0 0 0 0 0 0 0 1 0 0 0 0 0 0 0 0 0
FAM2853 Y20070000051520 0.00399286 0.0916617 -0.00710656 -0.040266 0.0460898 0.0218848 -0.0107188 0.0218828 0.013515 -0.00480925  0 0 0 0 0 0 0 0 0 0 0 0 0 0 0 0 0 1
FAM2854 Y20070000051523 -0.0293271 -0.0230051 -0.00418417 0.0122304 0.0453977 0.0279117 0.0439981 0.0168395 -0.0106606 0.0108403  0 0 0 0 1 0 0 0 0 0 0 0 0 0 0 0 0 0
FAM2855 Y20070000051524 0.0059262 0.00461231 -0.0104958 0.00179952 -0.0133462 -0.00413777 0.0111851 -0.0280001 -0.0116323 -0.0247451  0 0 0 0 0 0 0 0 0 0 0 0 0 0 0 0 1 0
FAM2856 Y20070000051528 -0.0299005 -0.0194619 -0.0172995 0.0102304 0.0386256 0.0108422 0.0161387 -0.000138295 0.000637921 -0.0129349  0 0 0 0 1 0 0 0 0 0 0 0 0 0 0 0 0 0
FAM2857 Y20070000051529 -0.00482664 0.000555402 0.0222565 0.00747723 -0.00332624 -0.00725752 0.000997953 -0.0181698 -0.00109989 -0.0346891  0 0 0 0 0 0 0 0 0 0 0 0 0 0 0 0 0 0
FAM2858 Y20070000051530 0.0092906 0.01807 -0.0109836 -0.0104289 0.00243585 -0.0136484 0.00184876 0.00877357 -0.000194456 0.016112  0 0 0 0 0 0 0 0 0 0 0 0 0 0 0 0 1 0
FAM2859 Y20070000051531 -0.00167792 0.00290252 0.00788068 0.034942 0.0153714 -0.0144483 0.0217501 -0.000555074 0.00972179 -0.000660483  0 0 0 0 0 0 0 1 0 0 0 0 0 0 0 0 0 0
FAM2860 Y20070000051532 -0.0175989 0.00325604 -0.00519091 -0.00695688 0.018675 0.00914019 -0.0145784 0.00850084 -0.0101939 0.00210755  0 0 0 0 1 0 0 0 0 0 0 0 0 0 0 0 0 0
FAM2861 Y20070000051533 0.00625618 0.010804 -0.0109736 -0.00529884 -0.00277864 -0.0100407 0.00469453 -0.00258765 -0.00149179 0.00623302  0 0 0 0 0 0 0 0 0 0 0 0 0 0 0 0 1 0
FAM2862 Y20070000051534 0.00696115 0.0109419 -0.0118019 -0.00432563 -0.00340053 -0.00648888 0.00799569 -0.00901907 -0.0065285 -0.00141127  0 0 0 0 0 0 0 0 0 0 0 0 0 0 0 0 1 0
FAM2863 Y20070000051535 0.00597755 0.011047 -0.0108336 -0.0037428 -0.00799003 -0.00842627 0.00924148 -0.0198295 -0.00923224 -0.0129804  0 0 0 0 0 0 0 0 0 0 0 0 0 0 0 0 1 0
FAM2864 Y20070000051536 -0.0252459 -0.00777688 0.00911511 -0.00978215 -0.0171664 0.0188564 -0.00658874 -0.0157496 0.0010113 -0.0430201  0 0 0 0 0 1 0 0 0 0 0 0 0 0 0 0 0 0
FAM2865 Y20070000051540 -0.00433532 0.016834 0.0189813 0.0115025 0.0144004 -0.0208897 0.0046463 -0.00708529 0.0197782 -0.00179683  0 0 0 0 0 0 0 0 0 0 0 0 0 0 0 0 0 1
FAM2866 Y20070000051541 -0.0192699 0.00392496 0.0420165 0.00507885 -0.0131579 0.0291512 -0.0302337 -0.034816 -0.0788225 0.0544138  0 0 0 0 0 0 0 0 0 1 0 0 0 0 0 0 0 0
FAM2867 Y20070000051542 -0.00560247 0.0129851 -0.00843603 -0.00713264 -0.0183954 -0.00195999 0.00805831 -0.0096081 0.000513133 -0.00286077  0 0 0 0 0 1 0 0 0 0 0 0 0 0 0 0 0 0
FAM2868 Y20070000051543 0.0225851 -0.00616779 -0.00171292 0.000370044 0.00208832 -0.00190226 0.00165894 0.00513726 -0.0096335 -0.0017294  0 0 0 0 0 0 0 0 0 0 0 0 0 1 0 0 0 0
FAM2869 Y20070000051544 0.0294601 -0.0133252 -0.0039462 -0.00339497 0.0061488 0.0337694 -0.00637664 -0.0347679 0.0363353 0.0199311  0 0 0 0 0 0 0 0 0 0 0 1 0 0 0 0 0 0
FAM2870 Y20070000051545 0.0224522 -0.00477831 -0.00152932 0.000520198 0.0017201 -0.00285839 0.00150494 0.00455124 -0.00572496 -0.0010274  0 0 0 0 0 0 0 0 0 0 0 0 0 0 0 1 0 0
FAM2871 Y20070000051546 0.0100868 -0.0012707 -0.00730366 0.000475923 -0.00835714 -0.00307539 -0.00260847 0.0095587 -0.0054154 0.00078047  0 0 0 0 0 0 0 0 0 0 0 0 0 0 0 0 1 0
FAM2872 Y20070000051547 0.0260324 -0.00813095 -0.00278799 -0.00344588 0.00167159 0.00731242 0.000358391 0.0105772 -0.0149152 -0.0130552  0 0 0 0 0 0 0 0 0 0 0 0 1 0 0 0 0 0
FAM2873 Y20070000051548 0.0207703 -0.0013335 -0.00295118 -0.00264462 0.00149449 -0.000356683 0.00211563 0.00471298 -0.00396558 -0.00405646  0 0 0 0 0 0 0 0 0 0 0 0 0 0 0 0 1 0
FAM2874 Y20070000051549 0.0214069 -0.00713502 -0.00328177 -0.000787267 0.00119381 -0.00246279 0.00158823 0.00434731 -0.00701217 -0.00626458  0 0 0 0 0 0 0 0 0 0 0 0 0 1 0 0 0 0
FAM2875 Y20070000051550 0.0228004 -0.00670905 -0.00278932 -0.00149159 7.04433e-05 0.00299536 0.000822872 0.0125981 -0.0190562 -0.00582265  0 0 0 0 0 0 0 0 0 0 0 0 0 0 0 0 1 0
FAM2876 Y20070000051551 0.0229015 -0.00568021 -0.00491404 -0.000553603 0.00144991 0.00378654 0.00274598 0.0100366 -0.0157407 -0.0111932  0 0 0 0 0 0 0 0 0 0 0 0 1 0 0 0 0 0
FAM2877 Y20070000051552 0.0243107 -0.00856888 -0.0034864 0.00172019 -0.000785556 0.0040599 0.00109936 0.00896119 -0.0155824 -0.00760253  0 0 0 0 0 0 0 0 0 0 0 0 0 1 0 0 0 0
FAM2878 Y20070000051553 0.0153209 -0.00358509 -0.00740416 -0.000434556 -0.00641961 -0.00514563 -0.00320358 0.00680298 -0.0118778 -0.00730844  0 0 0 0 0 0 0 0 0 0 0 0 0 0 0 0 1 0
FAM2879 Y20070000051554 0.0197502 -0.00512845 -0.003524 -0.00300782 -0.00269793 -0.00427776 0.00207239 0.0133147 -0.01565 -0.00451258  0 0 0 0 0 0 0 0 0 0 0 0 0 0 0 0 1 0
FAM2880 Y20070000051555 0.0111073 -0.00809864 -1.31923e-05 -0.00617074 -0.000798154 -0.00659408 0.000623708 0.00875627 -0.00718389 -0.0132537  0 0 0 0 0 0 0 0 0 0 0 0 0 0 0 0 1 0
FAM2881 Y20070000051556 0.0052613 0.0481897 -0.0053602 -0.0283318 0.0280161 0.0103579 -0.00214713 0.0173188 0.00652834 0.00332224  0 0 0 0 0 0 0 0 0 0 0 0 0 0 0 0 0 1
FAM2882 Y20070000051557 0.0223492 -0.00652701 -0.00381198 -0.00144491 0.000806099 0.00441721 0.00216451 0.00625676 -0.011943 -0.00800219  0 0 0 0 0 0 0 0 0 0 0 0 0 1 0 0 0 0
FAM2883 Y20070000051558 0.0217944 -0.00584682 -0.000909406 -0.00171356 0.000566517 -0.00252184 0.00235802 0.00974634 -0.0110399 -0.00631828  0 0 0 0 0 0 0 0 0 0 1 0 0 0 0 0 0 0
FAM2884 Y20070000051559 0.0172761 -0.0060694 -0.00309922 -0.00252783 -0.00323769 -0.000719181 -0.0029588 0.00627652 -0.0106782 -0.00668122  0 0 0 0 0 0 0 0 0 0 0 0 0 0 0 0 1 0
FAM2885 Y20070000051560 0.0222618 -0.00722036 0.00242901 0.001006 0.00360606 -0.00280553 0.000329802 0.00713919 -0.00788589 -0.0066631  0 0 0 0 0 0 0 0 0 0 1 0 0 0 0 0 0 0
FAM2886 Y20070000051561 0.0210182 -0.00639517 0.00243266 0.00111703 0.00201774 -0.00481304 0.000308645 0.00992962 -0.0106243 -0.0070773  0 0 0 0 0 0 0 0 0 0 1 0 0 0 0 0 0 0
FAM2887 Y20070000051562 0.0196973 -0.00731862 0.00178882 0.00176851 0.00293794 -0.00411626 0.000310889 0.00713085 -0.00973398 -0.00676991  0 0 0 0 0 0 0 0 0 0 1 0 0 0 0 0 0 0
FAM2888 Y20070000051563 0.0141144 -0.00256729 -0.00218126 -0.000138088 -0.00456525 -0.00712082 0.00073565 0.00243601 -0.00881401 0.00728031  0 0 0 0 0 0 0 0 0 0 0 0 0 0 0 0 1 0
FAM2889 Y20070000051564 0.0142636 -0.00511355 -0.00626874 0.00221824 -0.00366912 -0.00426805 0.00372465 0.00931847 -0.00886504 0.00181396  0 0 0 0 0 0 0 0 0 0 0 0 0 0 0 0 1 0
FAM2890 Y20070000051565 0.0160101 -0.00547309 -0.00132076 -0.00172844 -0.00257141 -0.00300569 -0.000648272 0.00566377 -0.0106169 -0.0017101  0 0 0 0 0 0 0 0 0 0 0 0 0 0 0 0 0 0
FAM2891 Y20070000051566 0.0229454 -0.00603504 -0.0030968 -0.00389847 0.00177224 0.00532441 0.00331408 0.00547709 -0.00620285 -0.000702505  0 0 0 0 0 0 0 0 0 0 0 0 0 1 0 0 0 0
FAM2892 Y20070000051567 0.0274266 -0.0118088 -0.00262006 -0.0028366 0.00298535 0.0217942 -0.00344223 -0.0146225 0.0158145 0.00895197  0 0 0 0 0 0 0 0 0 0 0 0 0 1 0 0 0 0
FAM2893 Y20070000051568 0.0194641 -0.00626824 -0.00199886 -0.00218714 0.00139068 -0.00257636 0.00412447 0.00806683 -0.00958772 -0.00199037  0 0 0 0 0 0 0 0 0 0 0 0 0 1 0 0 0 0
FAM2894 Y20070000051569 0.0179816 -0.00385223 -0.00137673 -0.000303886 0.00180939 -0.00226567 -0.00194729 0.00523946 -0.0088315 0.00103653  0 0 0 0 0 0 0 0 0 0 0 0 0 0 0 0 1 0
FAM2895 Y20070000051570 0.0178552 -0.00367365 0.00446608 0.00557634 0.00297406 -0.00878315 0.00132305 0.0119474 -0.00908389 -0.0152175  0 0 0 0 0 0 0 0 0 0 0 0 0 0 1 0 0 0
FAM2896 Y20070000051571 0.0149343 -0.00264366 -0.00268826 -0.00211345 -0.00374751 -0.00409166 0.00174147 0.00560693 -0.00996824 0.00329642  0 0 0 0 0 0 0 0 0 0 0 0 0 0 0 0 1 0
FAM2897 Y20070000051572 0.0148168 -0.0045136 -0.00502707 -0.000846177 -0.00118282 -0.00772293 0.00462059 0.00458361 -0.00926681 0.00295408  0 0 0 0 0 0 0 0 0 0 1 0 0 0 0 0 0 0
FAM2898 Y20070000051574 -0.0215803 -0.00750745 -0.00193265 0.00780801 0.00517691 0.0115193 0.0158735 0.00286614 0.0141326 -0.0175046  0 0 0 0 1 0 0 0 0 0 0 0 0 0 0 0 0 0
FAM2899 Y20070000051575 -0.0101386 0.00853903 0.0360819 0.0171505 -0.00960967 0.0126269 -0.0229128 -0.0133066 -0.0398852 0.0330681  0 0 0 0 0 0 0 0 0 0 0 0 0 0 0 0 0 0
FAM2900 Y20070000051576 0.00237953 0.0817498 -0.00546476 -0.0370489 0.0435629 0.0157187 -0.00927261 0.0206136 0.0118 0.000720842  0 0 0 0 0 0 0 0 0 0 0 0 0 0 0 0 0 1
FAM2901 Y20070000051577 0.002632 0.0591556 0.00752737 -0.0111913 0.0395187 -0.00258394 -0.00748077 0.0108644 0.0200852 -0.00103247  0 0 0 0 0 0 0 0 0 0 0 0 0 0 0 0 0 1
FAM2902 Y20070000051578 0.000185144 0.0860104 -0.00432612 -0.0330118 0.0366903 0.0236362 -0.0165917 -0.0020185 3.56468e-05 -0.0139624  0 0 0 0 0 0 0 0 0 0 0 0 0 0 0 0 0 1
FAM2903 Y20070000051580 0.00326841 0.0914433 -0.00166843 -0.0339781 0.0508944 0.0182688 -0.0133611 0.0275906 0.0208994 -0.00266569  0 0 0 0 0 0 0 0 0 0 0 0 0 0 0 0 0 1
FAM2904 Y20070000051581 0.00286856 0.0845917 -0.00107974 -0.0299532 0.0489851 0.0155288 -0.0109738 0.025842 0.0244322 -0.00145026  0 0 0 0 0 0 0 0 0 0 0 0 0 0 0 0 0 1
FAM2905 Y20070000051582 0.00309596 0.0845367 -0.000877173 -0.0385835 0.0438518 0.0248654 -0.014984 0.0269452 0.0159077 -0.00395375  0 0 0 0 0 0 0 0 0 0 0 0 0 0 0 0 0 1
FAM2906 Y20070000051583 0.00373208 0.0847337 0.00167622 -0.0345564 0.0461924 0.0202261 -0.0162234 0.0260459 0.017677 -0.00727376  0 0 0 0 0 0 0 0 0 0 0 0 0 0 0 0 0 1
FAM2907 Y20070000051584 0.00314143 0.0814048 -0.00346012 -0.0379284 0.0439062 0.020833 -0.00967881 0.0236427 0.0139409 -0.0030236  0 0 0 0 0 0 0 0 0 0 0 0 0 0 0 0 0 1
FAM2908 Y20070000051585 0.000903601 0.0943211 -0.00741459 -0.0406776 0.0507552 0.0229138 -0.00969015 0.0192233 0.017037 -0.0116132  0 0 0 0 0 0 0 0 0 0 0 0 0 0 0 0 0 1
FAM2909 Y20070000051586 0.0022138 0.066748 -0.00696811 -0.029726 0.0306953 0.00867267 -0.00358519 -0.00713092 0.00417931 -0.0139813  0 0 0 0 0 0 0 0 0 0 0 0 0 0 0 0 0 1
FAM2910 Y20070000051587 0.00200406 0.0830319 -0.00524166 -0.0388543 0.0418475 0.0227183 -0.0115014 0.0244399 0.0111599 0.00157423  0 0 0 0 0 0 0 0 0 0 0 0 0 0 0 0 0 1
FAM2911 Y20070000051588 -0.0226683 -0.0167098 -0.0062192 -0.0113546 0.00715263 -0.00337252 -0.0168855 -0.000753279 0.00549935 -0.017193  0 0 0 1 0 0 0 0 0 0 0 0 0 0 0 0 0 0
FAM2912 Y20070000051589 -0.000642649 0.0354016 0.00196716 -0.000640017 0.0180637 0.0150123 0.0067168 0.0054492 -0.00818291 0.00605157  0 0 0 0 0 0 0 0 0 0 0 0 0 0 0 0 0 1
FAM2913 Y20070000051590 -0.00691802 0.0523934 0.00226676 -0.0252384 0.042738 0.0269141 0.000221892 0.0162449 0.00118898 0.00248255  0 0 0 0 0 0 0 0 0 0 0 0 0 0 0 0 0 1
FAM2914 Y20070000051591 -0.0217857 0.011574 -0.0120011 0.0114337 0.0397322 0.0363029 0.0278078 0.0149906 -0.0148091 0.0112747  0 0 0 0 1 0 0 0 0 0 0 0 0 0 0 0 0 0
FAM2915 Y20070000051592 -0.0254452 -0.00506392 0.00238951 0.0223231 0.0255971 0.0314064 0.0302562 -0.0220548 -0.0376523 0.011053  0 0 0 0 1 0 0 0 0 0 0 0 0 0 0 0 0 0
FAM2916 Y20070000051593 -0.0139503 -0.00033357 0.0107327 0.0137931 0.00590078 0.0202507 0.0091979 -0.0115797 -0.0349052 0.0288158  0 0 0 0 0 0 0 0 0 1 0 0 0 0 0 0 0 0
FAM2917 Y20070000051594 -0.028862 -0.0210042 -0.0196343 0.0101566 0.0441013 0.0181121 0.0436073 0.00904315 0.00120601 -0.00516062  0 0 0 0 1 0 0 0 0 0 0 0 0 0 0 0 0 0
FAM2918 Y20070000051595 -0.0197335 0.00214331 -0.0102104 0.0222614 0.0344715 0.0351489 0.0274694 -0.00379041 -0.0392058 0.0236195  0 0 0 0 1 0 0 0 0 0 0 0 0 0 0 0 0 0
FAM2919 Y20070000051596 -0.0206091 -0.00914864 0.022763 0.0102675 0.0236904 0.00671914 0.00634837 -0.0026017 -0.00766114 0.00900018  0 0 0 0 1 0 0 0 0 0 0 0 0 0 0 0 0 0
FAM2920 Y20070000051597 0.000145268 0.0519268 -0.00390289 -0.0214983 0.0121293 0.0128017 -0.00903217 -0.0225176 -0.0201056 -0.00657646  0 0 0 0 0 0 0 0 0 0 0 0 0 0 0 0 0 1
FAM2921 Y20070000051598 -0.00813262 0.0073411 0.00480523 0.0113241 -0.0223635 0.00782067 0.00135988 0.0012157 -0.00250597 0.00977577  0 0 0 0 0 0 0 0 0 1 0 0 0 0 0 0 0 0
FAM2922 Y20070000051599 -0.0183673 -0.00362317 0.0260239 -0.00396906 -0.0242859 0.0328442 -0.0188843 0.00976526 -0.0278141 0.0208693  0 0 0 0 0 0 0 0 0 1 0 0 0 0 0 0 0 0
FAM2923 Y20070000051600 -0.0112233 0.0109641 0.0281977 -0.00181982 -0.0021753 0.0130295 -0.0183031 -0.0103118 -0.0343213 0.0298983  0 0 0 0 0 0 0 1 0 0 0 0 0 0 0 0 0 0
FAM2924 Y20070000051601 -0.00160419 0.0134884 0.0537082 0.0687114 0.0205748 -0.0423917 -0.016287 -0.00211802 0.0377984 0.00454377  0 0 0 0 0 0 0 1 0 0 0 0 0 0 0 0 0 0
FAM2925 Y20070000051602 -0.00164509 0.0124874 0.0520114 0.0633865 0.0166464 -0.0407781 -0.0155259 0.00432763 0.0396558 0.00478173  0 0 0 0 0 0 0 1 0 0 0 0 0 0 0 0 0 0
FAM2926 Y20070000051604 -0.00313206 0.019322 0.0210472 0.0374627 -0.00923503 -0.021361 -0.00516176 -0.0191613 0.0197615 -0.0255645  0 0 0 0 0 0 0 1 0 0 0 0 0 0 0 0 0 0
FAM2927 Y20070000051605 0.000327679 0.00789214 0.0460312 0.0502308 0.0130955 -0.0311322 -0.0166544 0.000294087 0.030442 -0.0100441  0 0 0 0 0 0 0 1 0 0 0 0 0 0 0 0 0 0
FAM2928 Y20070000051607 0.00381102 0.0944973 -0.00761322 -0.0427793 0.0507259 0.0266723 -0.0123137 0.0312831 0.0166065 -0.00179388  0 0 0 0 0 0 0 0 0 0 0 0 0 0 0 0 0 1
FAM2929 Y20070000051608 -0.00162873 0.0769611 -0.00307574 -0.0360631 0.0355263 0.0189677 -0.00352285 0.0234749 0.0166432 -0.000954028  0 0 0 0 0 0 0 0 0 0 0 0 0 0 0 0 0 1
FAM2930 Y20070000051609 0.00474439 0.0878239 -0.00632076 -0.040714 0.0463264 0.0179987 -0.010508 0.023707 0.01225 0.00128576  0 0 0 0 0 0 0 0 0 0 0 0 0 0 0 0 0 1
FAM2931 Y20070000051610 0.00372465 0.0921925 -0.00633692 -0.0419728 0.0485028 0.0206956 -0.0113091 0.0250197 0.0136542 0.000817545  0 0 0 0 0 0 0 0 0 0 0 0 0 0 0 0 0 1
FAM2932 Y20070000051612 -0.0206591 -0.00333675 0.047744 -0.00210799 -0.0126383 0.0312612 -0.0340738 -0.0155783 -0.0689448 0.0519403  0 0 0 0 0 0 0 0 0 1 0 0 0 0 0 0 0 0
FAM2933 Y20070000051613 -0.0104662 0.0108198 0.0207098 0.00278501 -0.0142761 0.0181274 -0.0226778 -0.0348874 -0.0591649 0.0287923  0 0 0 0 0 0 0 0 0 1 0 0 0 0 0 0 0 0
FAM2934 Y20070000051615 -0.00415609 0.00678518 0.0204528 0.0299688 0.00251361 0.00278576 0.00678145 -0.00646022 -0.0223665 0.0208827  0 0 0 0 0 0 0 0 0 0 0 0 0 0 0 0 0 0
FAM2935 Y20070000051617 -0.019066 -0.000340493 -0.0124602 0.0302578 0.0257902 0.0167093 0.0449027 -0.0265812 -0.0214811 -0.00328814  0 0 0 0 1 0 0 0 0 0 0 0 0 0 0 0 0 0
FAM2936 Y20070000051618 -0.00414566 0.00880489 0.0329216 0.0182716 -0.0082305 0.0135766 -0.0161569 -0.0155505 -0.042797 0.0241736  0 0 0 0 0 0 0 0 0 0 0 0 0 0 0 0 0 0
FAM2937 Y20070000051619 -0.0103045 0.0217092 -0.00771121 -0.00932872 0.018667 0.00468004 0.0279474 -0.0149263 0.00217074 -0.0116888  0 0 0 0 0 0 0 0 0 0 0 0 0 0 0 0 0 1
FAM2938 Y20070000051621 -0.00257495 0.0101093 0.0453617 0.0558171 0.0166598 -0.0356245 -0.0134086 -0.00734897 0.03679 -0.0132643  0 0 0 0 0 0 0 1 0 0 0 0 0 0 0 0 0 0
FAM2939 Y20070000051623 0.000121733 0.0536744 -0.00177352 -0.0269213 0.0239129 0.0110333 -0.00520113 0.009887 0.00182018 0.00559772  0 0 0 0 0 0 0 0 0 0 0 0 0 0 0 0 0 1
FAM2940 Y20070000051625 0.00168208 0.0863901 -0.00409642 -0.0349384 0.0441303 0.027701 -0.0121409 0.0208903 0.00583181 0.00385221  0 0 0 0 0 0 0 0 0 0 0 0 0 0 0 0 0 1
FAM2941 Y20070000051626 -0.0065529 0.0276215 0.0154547 -0.0233779 0.0137286 0.00854321 -0.00793087 0.000635697 -0.0158198 0.0177383  0 0 0 0 0 0 0 0 0 0 0 0 0 0 0 0 0 1
FAM2942 Y20070000051628 -0.000951313 -0.00299085 0.00661363 9.47936e-05 -0.0101916 0.00102764 -0.00179619 0.0175413 0.00542392 -0.0111057  0 0 0 0 0 0 0 0 0 0 0 0 0 0 0 0 0 1
FAM2943 Y20070000051629 0.00344043 0.0753577 0.00133941 -0.0372716 0.0445587 0.0112664 -0.00570671 0.0120038 0.0108155 -0.00983766  0 0 0 0 0 0 0 0 0 0 0 0 0 0 0 0 0 1
FAM2944 Y20070000051630 -0.00273164 0.0123931 0.00593935 -0.00722906 -0.00818073 0.00615062 -0.00241259 0.00346147 0.000496451 -0.018598  0 0 0 0 0 0 0 0 0 0 0 0 0 0 0 0 0 1
FAM2945 Y20070000051631 -0.00445559 0.0130029 0.00848928 -0.00566891 -0.00806806 0.0080171 -0.00525857 0.00105347 -0.00310215 -0.0152047  0 0 0 0 0 0 0 0 0 0 0 0 0 0 0 0 0 1
FAM2946 Y20070000051632 -0.00455663 0.0118952 0.00650801 -0.00215257 -0.0101441 0.00683983 -0.00613736 -0.00013468 -0.00403536 -0.0139221  0 0 0 0 0 0 0 0 0 0 0 0 0 0 0 0 0 1
FAM2947 Y20070000051633 -0.0010343 0.0314227 0.00348026 -0.0175349 0.013891 0.0100994 -0.00381185 0.0137597 0.0072702 -0.0144015  0 0 0 0 0 0 0 0 0 0 0 0 0 0 0 0 0 1
FAM2948 Y20070000051634 -0.00150403 0.0329841 0.00720611 -0.0169513 0.0176148 0.00432009 -0.00572535 0.0136873 0.0116891 -0.0113662  0 0 0 0 0 0 0 0 0 0 0 0 0 0 0 0 0 1
FAM2949 Y20070000051635 -0.00455553 0.0306573 0.00669092 -0.0163624 0.0119324 0.00825511 -0.00242507 0.0177498 0.0145205 -0.00982527  0 0 0 0 0 0 0 0 0 0 0 0 0 0 0 0 0 1
FAM2950 Y20070000051636 -0.00834175 0.0211305 -0.010409 -0.00359304 -0.0246951 -0.00064112 0.00775657 -0.0422659 -0.00636166 -0.0283264  0 0 0 0 0 0 1 0 0 0 0 0 0 0 0 0 0 0
FAM2951 Y20070000051638 -0.00749153 0.0104391 0.0122114 0.0143853 -0.000331626 -0.00881441 0.0106939 -0.0212362 0.00313283 -0.0221959  0 0 0 0 0 0 0 0 0 0 0 0 0 0 0 0 0 0
FAM2952 Y20070000051639 -0.00914675 0.0038335 0.018468 0.0196739 0.000304413 -0.0132179 0.00860615 -0.0160348 0.00643503 -0.0139921  0 0 0 0 0 0 0 0 0 0 0 0 0 0 0 0 0 0
FAM2953 Y20070000051640 -0.00825394 0.01689 -0.00676437 0.00480711 -0.0139547 -0.000248525 0.0162932 -0.026356 9.44493e-05 -0.0135939  0 0 0 0 0 0 1 0 0 0 0 0 0 0 0 0 0 0
FAM2954 Y20070000051641 -0.0120583 0.0425073 0.00572061 -0.0133603 -0.00046398 0.0277246 -0.0153763 -0.0384457 -0.036084 -0.00304132  0 0 0 0 0 0 0 0 0 1 0 0 0 0 0 0 0 0
FAM2955 Y20070000051642 -0.0135251 0.0380714 0.0089563 -0.0086704 -0.00590845 0.0285014 -0.0176874 -0.0419005 -0.0461164 0.00660815  0 0 0 0 0 0 0 0 0 1 0 0 0 0 0 0 0 0
FAM2956 Y20070000051644 -0.0181224 0.022647 -0.00945975 0.0401753 -0.0738929 0.0653872 -0.00583714 0.0749459 0.0374441 -7.03941e-05  0 0 0 0 0 1 0 0 0 0 0 0 0 0 0 0 0 0
FAM2957 Y20070000051645 -0.0189389 0.0195497 -0.0161944 0.0377605 -0.0770615 0.0706467 -0.00934131 0.0782295 0.0341351 -0.00117594  0 0 0 0 0 1 0 0 0 0 0 0 0 0 0 0 0 0
FAM2958 Y20070000051646 -0.0178289 0.0218694 -0.00926674 0.0389609 -0.0742351 0.0653991 -0.00687354 0.0748594 0.0367836 -0.000245826  0 0 0 0 0 1 0 0 0 0 0 0 0 0 0 0 0 0
FAM2959 Y20070000051676 -0.00505205 0.0210335 0.00854474 -0.0103068 0.0057262 0.00557651 -0.00381262 0.0189463 0.0143731 -0.00924233  0 0 0 0 0 0 0 0 0 0 0 0 0 0 0 0 0 1
FAM2960 Y20070000051677 -0.000533117 0.0385942 0.00564756 -0.0198423 0.0225817 0.00369677 -0.00762123 0.0113077 0.0116862 -0.0103595  0 0 0 0 0 0 0 0 0 0 0 0 0 0 0 0 0 1
FAM2961 Y20070000051678 0.00110226 0.0293904 0.00670384 -0.0191941 0.0176738 0.00353784 -0.00992161 0.0141764 0.0036057 -0.00919145  0 0 0 0 0 0 0 0 0 0 0 0 0 0 0 0 0 1
FAM2962 Y20070000051679 -0.0262179 -0.0120379 -0.011366 0.0128868 0.0148524 0.0184357 0.00445387 0.0147595 0.0100962 -0.00814343  0 0 0 0 1 0 0 0 0 0 0 0 0 0 0 0 0 0
FAM2963 Y20070000051680 -0.0207366 -0.0013879 0.0104414 -0.00255047 0.0156892 0.00873998 0.0249649 -0.0113922 -0.00156723 -0.0100249  0 0 0 0 1 0 0 0 0 0 0 0 0 0 0 0 0 0
FAM2964 Y20070000051682 -0.0278771 -0.0200699 -0.0173536 0.0181403 0.0517192 0.0262886 0.060337 0.00338085 -0.0120018 0.00498594  0 0 0 0 1 0 0 0 0 0 0 0 0 0 0 0 0 0
FAM2965 Y20070000051683 -0.0306593 -0.0208051 -0.0116717 0.0212596 0.0528116 0.0323494 0.0586641 0.00592508 -0.0147811 0.00593132  0 0 0 0 1 0 0 0 0 0 0 0 0 0 0 0 0 0
FAM2966 Y20070000051684 -0.00774958 -0.00229668 0.0280095 0.025517 0.0120779 -0.0164214 0.0200341 0.00605516 0.0322231 -0.0126229  0 0 0 0 1 0 0 0 0 0 0 0 0 0 0 0 0 0
FAM2967 Y20070000051687 -0.00103841 0.0130937 0.0513392 0.0646144 0.0165536 -0.0420853 -0.0157088 0.00228569 0.0401548 0.00340556  0 0 0 0 0 0 0 1 0 0 0 0 0 0 0 0 0 0
FAM2968 Y20070000051688 -0.00478012 0.00947745 0.00919613 0.0231474 -0.00717481 -0.0136088 -0.00121237 -0.00550419 0.0102234 -0.00540938  0 0 0 0 0 0 1 0 0 0 0 0 0 0 0 0 0 0
FAM2969 Y20070000051689 0.00196246 0.0104311 0.049538 0.0658989 0.0248498 -0.0423911 -0.0131836 0.00345504 0.0372467 0.000958298  0 0 0 0 0 0 0 1 0 0 0 0 0 0 0 0 0 0
FAM2970 Y20070000051691 -0.0152869 -0.011528 0.0161949 -0.0115234 0.00321463 -0.000991787 0.0164737 -0.0039256 0.00274539 -0.00665239  1 0 0 0 0 0 0 0 0 0 0 0 0 0 0 0 0 0
FAM2971 Y20070000051692 -0.0085197 0.00169808 0.026812 0.0138481 0.00891872 -0.0180024 0.000171644 -0.00477683 0.018377 -0.00770136  1 0 0 0 0 0 0 0 0 0 0 0 0 0 0 0 0 0
FAM2972 Y20070000051693 -0.0037851 0.00880381 0.0496742 0.0553982 0.0200253 -0.0340136 -0.016991 -0.000517163 0.0246372 0.0132331  0 0 0 0 0 0 0 1 0 0 0 0 0 0 0 0 0 0
FAM2973 Y20070000051694 -0.00176566 0.00663641 0.0250433 0.0211888 0.00649431 -0.020096 -0.00779202 -0.0140658 0.0117543 -0.0222121  0 0 0 0 0 0 0 0 0 0 0 0 0 0 0 0 0 0
FAM2974 Y20070000051695 -0.00845028 0.0201172 0.0222581 0.00551314 0.00388843 -0.00676559 -0.00608979 -0.0167476 0.00444372 -0.00646047  0 0 0 0 0 0 0 0 0 0 0 0 0 0 0 0 0 0
FAM2975 Y20070000051696 -0.0209227 -0.024561 0.0367274 -0.0432537 0.00575558 0.0104271 -0.000119545 0.00760217 0.00930699 -0.0200714  0 0 0 0 0 0 0 0 1 0 0 0 0 0 0 0 0 0
FAM2976 Y20070000051697 -0.0283771 -0.0126249 -0.0328645 0.0406769 0.0645106 0.0380187 0.0623768 0.00551517 -0.0276775 0.0187851  0 0 0 0 1 0 0 0 0 0 0 0 0 0 0 0 0 0
FAM2977 Y20070000051698 -0.0277908 -0.0221909 -0.0110292 -0.0063165 0.0248016 -0.00119113 -0.012013 0.0152459 0.0136382 -0.0104015  0 0 0 1 0 0 0 0 0 0 0 0 0 0 0 0 0 0
FAM2978 Y20070000051699 -0.0278399 -0.0232797 -0.00899599 -0.00807999 0.0354069 0.000149788 0.00531133 0.00820762 0.0130211 -0.0159647  0 0 0 1 0 0 0 0 0 0 0 0 0 0 0 0 0 0
FAM2979 Y20070000051700 -0.0281759 -0.0235881 -0.0183675 -0.0068768 0.0258517 -0.00654129 -0.0175618 0.0070358 0.0109989 -0.012398  0 0 0 1 0 0 0 0 0 0 0 0 0 0 0 0 0 0
FAM2980 Y20070000051701 -0.024691 -0.0224238 -0.0166918 -0.00760004 0.0235788 -0.00695592 -0.035185 0.0136761 0.00991966 -0.00987049  0 0 0 1 0 0 0 0 0 0 0 0 0 0 0 0 0 0
FAM2981 Y20070000051702 -0.0245178 -0.0196316 0.00344754 -0.0169181 0.0148288 0.00152929 0.0129163 0.00848709 0.0135427 -0.0100431  1 0 0 0 0 0 0 0 0 0 0 0 0 0 0 0 0 0
FAM2982 Y20070000051703 -0.00883403 0.0121258 -0.0272179 0.00776599 0.000930874 0.0139855 -0.0216219 -0.0276976 -0.0177868 -0.0363213  0 0 0 1 0 0 0 0 0 0 0 0 0 0 0 0 0 0
FAM2983 Y20070000051704 0.00715856 0.0735583 -0.00212212 -0.0327208 0.0399877 0.0212621 -0.0133343 0.016975 -0.00116644 0.00259936  0 0 0 0 0 0 0 0 0 0 0 0 0 0 0 0 0 1
FAM2984 Y20070000051705 0.000850142 0.0805372 -0.00227152 -0.0405099 0.045077 0.0219147 -0.0117443 0.0233853 0.0118109 0.00126589  0 0 0 0 0 0 0 0 0 0 0 0 0 0 0 0 0 1
FAM2985 Y20070000051706 -0.023586 -0.000644162 -0.0409544 0.0259803 -0.00752268 0.0141587 -0.0205726 -0.0382153 -0.0121663 -0.0565542  0 0 0 1 0 0 0 0 0 0 0 0 0 0 0 0 0 0
FAM2986 Y20070000051707 -0.0269469 -0.0152834 -0.0355148 0.0472956 0.0609683 0.0337664 0.0543829 0.0033872 -0.0305969 0.0247899  0 0 0 0 1 0 0 0 0 0 0 0 0 0 0 0 0 0
FAM2987 Y20070000051708 -0.0298445 -0.0187372 -0.0295438 0.0393819 0.0632599 0.038718 0.0647055 0.00733003 -0.0268512 0.0188403  0 0 0 0 1 0 0 0 0 0 0 0 0 0 0 0 0 0
FAM2988 Y20070000051709 -0.0289998 -0.0172465 0.00892816 0.00314322 0.0281851 0.0295273 0.063646 0.00982415 0.00664019 -0.0105021  0 0 0 0 1 0 0 0 0 0 0 0 0 0 0 0 0 0
FAM2989 Y20070000051710 -0.0250317 -0.00833578 -0.0391804 0.0358469 0.0270211 0.024088 0.0276537 -0.0188649 -0.016586 -0.0241035  0 0 0 1 0 0 0 0 0 0 0 0 0 0 0 0 0 0
FAM2990 Y20070000051711 -0.0284281 -0.00774628 -0.0456625 0.0399735 0.0253145 0.0295599 0.0123187 -0.0215932 -0.0219756 -0.0231281  0 0 0 1 0 0 0 0 0 0 0 0 0 0 0 0 0 0
FAM2991 Y20070000051712 -0.029097 -0.0110204 -0.0463794 0.0432842 0.0385542 0.0317346 0.0227139 -0.00811865 -0.021513 -0.0106722  0 0 0 1 0 0 0 0 0 0 0 0 0 0 0 0 0 0
FAM2992 Y20070000051713 -0.0258361 -0.0136339 -0.0399612 0.0385402 0.0470108 0.0266187 0.0380262 -0.0104246 -0.0250377 0.00102972  0 0 0 1 0 0 0 0 0 0 0 0 0 0 0 0 0 0
FAM2993 Y20070000051714 -0.026177 -0.00584846 -0.0418265 0.0383723 0.0212512 0.0281902 0.0214035 -0.022894 -0.0228203 -0.0203271  0 0 0 1 0 0 0 0 0 0 0 0 0 0 0 0 0 0
FAM2994 Y20070000051715 -0.0209149 -0.00975987 0.021046 0.00784994 0.0232544 0.0113672 0.0350596 0.00709266 0.0106161 -0.00376524  0 0 0 0 1 0 0 0 0 0 0 0 0 0 0 0 0 0
FAM2995 Y20070000051717 -0.00838142 0.0339119 -0.0221381 -0.00322009 0.0114473 0.0184158 -0.0159844 -0.0136617 -0.0106892 -0.0270395  0 0 0 1 0 0 0 0 0 0 0 0 0 0 0 0 0 0
FAM2996 Y20070000051718 -0.0275039 -0.0133333 -0.0271884 0.0345928 0.0417281 0.0342672 0.0451388 -0.00260579 -0.0211222 0.00242618  0 0 0 0 1 0 0 0 0 0 0 0 0 0 0 0 0 0
FAM2997 Y20070000051719 -0.0285795 -0.0159433 -0.0339639 0.0384265 0.0579207 0.0368851 0.0548442 0.00260423 -0.0303053 0.019467  0 0 0 0 1 0 0 0 0 0 0 0 0 0 0 0 0 0
FAM2998 Y20070000051720 -0.0271264 -0.00910604 -0.0185512 0.0270847 0.0286424 0.018207 0.00701285 -0.0130946 -0.0223999 0.00600208  0 0 0 0 1 0 0 0 0 0 0 0 0 0 0 0 0 0
FAM2999 Y20070000051721 -0.0213261 -0.000667558 -0.035436 0.0199606 -0.022684 0.0216724 -0.0427288 0.0503699 0.0239711 0.00567929  0 0 0 0 0 1 0 0 0 0 0 0 0 0 0 0 0 0
FAM3000 Y20070000051722 -0.0129621 0.0140233 -0.00834843 -0.000945271 0.0170628 0.016636 0.00726718 -0.000496238 -0.0046974 -0.0103659  0 0 0 0 1 0 0 0 0 0 0 0 0 0 0 0 0 0
FAM3001 Y20070000051723 -0.0106761 0.0174171 -0.00445273 -0.0114574 0.0280429 0.0166705 0.010408 -0.00101617 -0.00541686 -0.00999468  0 0 0 0 1 0 0 0 0 0 0 0 0 0 0 0 0 0
FAM3002 Y20070000051724 -0.000477043 0.0061507 0.031457 0.0375558 0.00984534 -0.0296793 -0.00984316 0.00236882 0.0272345 -0.00422272  0 0 0 0 0 0 0 1 0 0 0 0 0 0 0 0 0 0
FAM3003 Y20070000051725 0.00192113 0.0223416 -0.00942727 -0.00474262 -0.00447971 -0.00442766 0.0156366 -0.0238384 -0.0082733 -0.00872722  0 0 0 0 0 0 0 0 0 0 0 0 0 0 0 0 0 0
FAM3004 Y20070000051726 -0.00620804 -0.000548686 -0.0111435 -0.0060354 -0.00419008 -0.0222849 0.0128716 -0.0017468 0.0026841 0.0289473  0 1 0 0 0 0 0 0 0 0 0 0 0 0 0 0 0 0
FAM3005 Y20070000051727 0.000571723 0.0176264 -0.00285674 0.00839203 -0.020872 0.0139602 0.00192591 0.0337377 0.0129199 0.0143202  0 0 0 0 0 1 0 0 0 0 0 0 0 0 0 0 0 0
FAM3006 Y20070000051729 0.0045562 0.0187096 0.0130218 0.0108482 0.00460003 -0.00729379 -0.00415566 0.00710302 -0.00289609 0.00604069  0 0 0 0 0 0 0 0 0 0 0 0 0 0 0 0 0 0
FAM3007 Y20070000051730 0.00677663 0.0183515 0.00935298 0.0116811 0.00109146 -0.0141824 -0.00243764 0.0114941 0.00994773 0.00590325  0 0 0 0 0 0 0 0 0 0 0 0 0 0 0 0 0 0
FAM3008 Y20070000051732 0.0112727 0.0283489 -0.00810107 -0.0144278 0.0121935 -0.00413963 0.00749899 0.0102715 -0.00515929 0.0113603  0 0 0 0 0 0 0 0 0 0 0 0 0 0 0 0 0 0
FAM3009 Y20070000051733 0.00983171 0.0272167 -0.00356836 -0.0130209 0.00822172 -0.00431902 0.00507315 0.00937177 -0.00288301 0.0111697  0 0 0 0 0 0 0 0 0 0 0 0 0 0 0 0 0 0
FAM3010 Y20070000051734 0.00631014 0.0183359 -0.000336132 -0.0146529 0.00238368 -0.00276503 0.0095072 0.0093832 -0.0034734 0.0127483  0 0 0 0 0 0 0 0 0 0 0 0 0 0 0 0 0 0
FAM3011 Y20070000051735 -0.00320308 0.0178258 0.0194831 -0.00640723 -0.000839654 0.01474 -0.0153275 -0.005452 -0.0348404 0.030354  0 0 0 0 0 0 0 0 0 1 0 0 0 0 0 0 0 0
FAM3012 Y20070000051736 0.0053023 0.0228457 -0.00326946 -0.0163104 0.00683491 -0.00744359 0.00317651 0.00553241 0.000675727 0.00591734  0 0 0 0 0 0 0 0 0 0 0 0 0 0 0 0 0 0
FAM3013 Y20070000051737 0.0103734 0.0161633 -0.0054475 -0.0120901 0.00495914 -0.00544008 0.00237453 0.0128818 -0.00780566 0.0112852  0 0 0 0 0 0 0 0 0 0 0 0 0 0 0 0 0 0
FAM3014 Y20070000051738 0.00943321 0.0237834 -0.00556577 -0.0128712 0.0111379 -0.00608345 0.00955738 0.0066529 -0.001918 0.00864629  0 0 0 0 0 0 0 0 0 0 0 0 0 0 0 0 0 0
FAM3015 Y20070000051739 0.000345459 0.0104999 0.0483383 0.0635752 0.0211554 -0.0407323 -0.0187814 0.0026888 0.039508 4.71673e-05  0 0 0 0 0 0 0 1 0 0 0 0 0 0 0 0 0 0
FAM3016 Y20070000051740 -0.0146321 0.0144532 -0.0148264 0.0166905 -0.0523951 0.0377088 0.00165906 0.0487659 0.0260511 0.00251437  0 0 0 0 0 1 0 0 0 0 0 0 0 0 0 0 0 0
FAM3017 Y20070000051741 -0.00198714 0.00228639 -0.00886867 -0.00519572 -0.0122923 -0.0223728 0.0137348 0.000203914 -0.000131049 0.0357031  0 1 0 0 0 0 0 0 0 0 0 0 0 0 0 0 0 0
FAM3018 Y20070000051742 0.00774883 0.0258944 -0.00820317 -0.00853205 0.0101487 -0.00943864 0.014787 0.00159053 0.000208697 0.0107983  0 0 0 0 0 0 0 0 0 0 0 0 0 0 0 0 0 0
FAM3019 Y20070000051744 0.0215798 -0.00381094 0.00218423 0.000219165 0.000326247 -0.00063795 0.000185492 0.00906613 -0.00851553 -0.00488148  0 0 0 0 0 0 0 0 0 0 0 0 0 0 0 0 1 0
FAM3020 Y20070000051745 -0.00804159 -0.0186811 0.0265055 -0.0257543 0.00317734 0.00602052 -0.00447923 0.00474446 -0.00235451 -0.0234678  0 0 0 0 0 0 0 0 1 0 0 0 0 0 0 0 0 0
FAM3021 Y20070000051746 -0.00230627 0.00257527 -0.0093229 -0.00645279 -0.00961846 -0.0241081 0.013146 0.00133196 0.00121673 0.0384898  0 1 0 0 0 0 0 0 0 0 0 0 0 0 0 0 0 0
FAM3022 Y20070000051748 0.00624533 0.0288817 -0.00490818 -0.0102254 0.0129196 -0.00757174 0.0125885 0.00699992 -0.00129737 0.0157162  0 0 0 0 0 0 0 0 0 0 0 0 0 0 0 0 0 0
FAM3023 Y20070000051749 0.00330163 0.0196706 -0.00225795 -0.00805132 -0.00384507 -0.00102807 -0.00383162 0.015014 -0.00340917 0.019185  0 0 0 0 0 0 0 0 0 0 0 0 0 0 0 0 0 0
FAM3024 Y20070000051750 0.00703358 0.0082977 -0.00235721 -0.0084944 0.00273377 -0.00510059 0.00566534 0.00308724 -0.00654638 0.00843546  0 0 0 0 0 0 0 0 0 0 0 0 0 0 0 0 0 0
FAM3025 Y20070000051751 -0.000499273 0.0162801 0.00737996 -0.023741 0.00754642 0.000984936 -0.00398705 0.011256 -0.00726816 0.0103301  0 0 0 0 0 0 0 0 0 0 0 0 0 0 0 0 0 0
FAM3026 Y20070000051752 -0.0023869 0.0119713 -0.00277274 -0.00362475 -0.00562063 -0.00471339 0.00213535 -0.0161553 -0.0110151 -0.00752736  0 0 0 0 0 1 0 0 0 0 0 0 0 0 0 0 0 0
FAM3027 Y20070000051753 0.00779675 0.022093 -0.00459623 -0.0122366 0.00490202 -0.00340821 0.00801623 0.0110332 -0.00409643 0.0126494  0 0 0 0 0 0 0 0 0 0 0 0 0 0 0 0 0 0
FAM3028 Y20070000051754 0.00468993 0.0291333 -0.00164381 -0.0148937 0.0103837 -0.00594089 0.00381044 0.0054343 -0.00241039 0.0107334  0 0 0 0 0 0 0 0 0 0 0 0 0 0 0 0 0 0
FAM3029 Y20070000051755 0.00733416 0.0221209 -0.00560226 -0.0109569 0.00902832 -0.00315056 0.00831024 0.0043118 -0.00406527 0.00914967  0 0 0 0 0 0 0 0 0 0 0 0 0 0 0 0 0 0
FAM3030 Y20070000051756 0.0090653 0.0237583 -0.00536563 -0.0141949 0.00791955 -0.00531745 -0.000992608 0.0120199 -0.00705115 0.00822423  0 0 0 0 0 0 0 0 0 0 0 0 0 0 0 0 0 0
FAM3031 Y20070000051758 -0.0171166 0.0126613 -0.0226157 0.0056384 -0.0327679 -0.0123768 0.0151097 -0.0830893 -0.00803343 -0.0623625  0 0 0 0 0 0 1 0 0 0 0 0 0 0 0 0 0 0
FAM3032 Y20070000051759 0.00101577 0.0789873 -0.000240539 -0.039649 0.0421308 0.0228247 -0.0153903 0.0223658 0.00228812 0.00895355  0 0 0 0 0 0 0 0 0 0 0 0 0 0 0 0 0 1
FAM3033 Y20070000051760 -0.0193277 0.0117856 -0.00506795 0.0175785 -0.0333416 0.0168748 -0.00125311 -0.0158608 0.00985713 -0.038686  0 0 0 0 0 1 0 0 0 0 0 0 0 0 0 0 0 0
FAM3034 Y20070000051761 -0.0214043 -0.00214011 0.0039305 0.00839057 0.0101443 0.0168679 0.0274635 -0.000531362 0.00441569 -0.0093199  0 0 0 0 1 0 0 0 0 0 0 0 0 0 0 0 0 0
FAM3035 Y20070000051762 0.00103705 0.040752 -0.00157157 -0.0264477 0.0149769 -0.000967949 -0.0029468 0.0148025 0.00745958 0.0109942  0 0 0 0 0 0 0 0 0 0 0 0 0 0 0 0 0 1
FAM3036 Y20070000051763 0.0128178 0.0175041 -0.00708499 -0.0126866 0.00431725 -0.00769313 0.00203407 0.00960143 -0.00387427 0.00955854  0 0 0 0 0 0 0 0 0 0 0 0 0 0 0 0 0 0
FAM3037 Y20070000051764 -0.00398061 0.00298787 -0.00127716 -0.00332828 -0.013991 -0.0143093 0.000266219 -0.0045964 -0.0154349 0.0341109  0 1 0 0 0 0 0 0 0 0 0 0 0 0 0 0 0 0
FAM3038 Y20070000051765 -0.00402433 0.00635463 -0.00332909 -0.00126523 -0.0117061 -0.0149608 0.0111254 -0.0122172 -0.0158885 0.0413069  0 1 0 0 0 0 0 0 0 0 0 0 0 0 0 0 0 0
FAM3039 Y20070000051766 -0.028424 -0.0195206 -0.0298392 0.0339633 0.060044 0.0346241 0.062773 0.00260082 -0.0236105 0.0128986  0 0 0 0 1 0 0 0 0 0 0 0 0 0 0 0 0 0
FAM3040 Y20070000051767 -0.00122734 0.0103305 0.00595757 0.0176078 0.00311108 -0.00231254 0.00820008 -0.00818548 -0.00924545 0.00016778  0 0 0 0 0 0 0 1 0 0 0 0 0 0 0 0 0 0
FAM3041 Y20070000051768 -0.0116403 0.00116247 0.00151839 0.000634881 -0.0177606 0.00582619 0.0110513 0.0137922 0.00349215 0.024859  0 1 0 0 0 0 0 0 0 0 0 0 0 0 0 0 0 0
FAM3042 Y20070000051769 -0.0112739 -0.00214839 0.00691777 -0.00612751 -0.0160906 -0.0021328 -0.00172041 0.0173517 0.00434784 0.0266573  0 1 0 0 0 0 0 0 0 0 0 0 0 0 0 0 0 0
FAM3043 Y20070000051770 -0.00657023 0.00171757 -0.00482217 -0.00531765 -0.0198289 -0.0108863 0.00692005 0.0174705 0.0104217 0.0288073  0 1 0 0 0 0 0 0 0 0 0 0 0 0 0 0 0 0
FAM3044 Y20070000051771 -0.0105682 0.015719 0.0172897 0.0371757 0.0332099 -0.00221775 0.00990137 -0.00147888 0.00646421 0.00880838  0 0 0 0 0 0 0 1 0 0 0 0 0 0 0 0 0 0
FAM3045 Y20070000051772 -0.00204887 0.011608 -0.00746136 -0.00661793 -0.00274658 -0.0196764 0.0133967 -0.00293156 0.000195394 0.0262055  0 1 0 0 0 0 0 0 0 0 0 0 0 0 0 0 0 0
FAM3046 Y20070000051773 0.000253466 0.00411598 -0.0114454 -0.00171369 -0.00975712 -0.0138229 0.0178547 -0.013305 -0.002047 0.0108141  0 1 0 0 0 0 0 0 0 0 0 0 0 0 0 0 0 0
FAM3047 Y20070000051775 -0.0220062 -0.00179517 -0.0245129 -0.00113898 0.0398482 0.000310441 -0.0333323 0.00725716 -0.000464349 -0.00499837  0 0 0 1 0 0 0 0 0 0 0 0 0 0 0 0 0 0
FAM3048 Y20070000051776 -0.00401633 0.00371741 -0.0114413 -0.00678596 -0.0101901 -0.0248714 0.0105336 -0.00215385 0.00148686 0.0326597  0 1 0 0 0 0 0 0 0 0 0 0 0 0 0 0 0 0
FAM3049 Y20070000051777 -5.04951e-06 0.00632238 -0.0110271 -0.0051435 -0.0121442 -0.0234295 0.0199997 -0.000626025 0.00264726 0.0356212  0 1 0 0 0 0 0 0 0 0 0 0 0 0 0 0 0 0
FAM3050 Y20070000051778 -0.00235202 0.00531397 -0.0123504 -0.00672627 -0.0112574 -0.0272459 0.0184219 -0.000367517 0.00576587 0.0353203  0 1 0 0 0 0 0 0 0 0 0 0 0 0 0 0 0 0
FAM3051 Y20070000051779 -0.00503228 0.0045908 -0.00854218 -0.00202378 -0.0118411 -0.019195 0.0129968 0.000203968 0.000694274 0.0389788  0 1 0 0 0 0 0 0 0 0 0 0 0 0 0 0 0 0
FAM3052 Y20070000051780 -0.00553695 -0.00274022 -0.00409696 -0.0148871 -0.0112812 -0.0234075 0.00601398 0.00464999 0.00425114 0.0271085  0 1 0 0 0 0 0 0 0 0 0 0 0 0 0 0 0 0
FAM3053 Y20070000051781 -0.00746834 0.000659256 -0.00547438 -0.00464116 -0.00985989 -0.0140004 0.0170459 -0.00101658 -0.000807123 0.033374  0 1 0 0 0 0 0 0 0 0 0 0 0 0 0 0 0 0
FAM3054 Y20070000051782 -0.00241122 0.00314577 -0.00555495 -0.00728547 -0.0131412 -0.020649 0.0109537 -0.000376506 -0.00107229 0.0283259  0 1 0 0 0 0 0 0 0 0 0 0 0 0 0 0 0 0
FAM3055 Y20070000051783 -0.00567317 -0.00280671 -0.00207015 -0.0124718 -0.0067228 -0.0110244 0.0136412 0.000701759 -0.00217571 0.0193976  0 1 0 0 0 0 0 0 0 0 0 0 0 0 0 0 0 0
FAM3056 Y20070000051784 -0.0029671 0.00145822 -0.00960695 -0.00606451 -0.00998629 -0.025182 0.0139847 0.00174337 0.00113214 0.0381158  0 1 0 0 0 0 0 0 0 0 0 0 0 0 0 0 0 0
FAM3057 Y20070000051785 -0.00310465 0.00199282 -0.00968156 -0.00491066 -0.00771356 -0.0192121 0.0175369 -0.0015875 -0.00266618 0.032434  0 1 0 0 0 0 0 0 0 0 0 0 0 0 0 0 0 0
FAM3058 Y20070000051786 -0.00781313 0.0389328 -0.012329 -0.00479284 -0.011815 0.00196095 0.00567859 -0.0605788 -0.014591 -0.0454386  0 0 0 0 0 0 1 0 0 0 0 0 0 0 0 0 0 0
FAM3059 Y20070000051787 0.0110188 0.028206 -0.00540726 -0.013756 0.00431006 -0.00186476 0.00359046 0.0165692 -0.00144925 0.0102355  0 0 0 0 0 0 0 0 0 0 0 0 0 0 0 0 0 0
FAM3060 Y20070000051788 -0.00199146 0.0443061 0.00921372 0.00263631 0.0141818 -0.00439236 -0.0116359 -0.0202394 -0.00775863 -0.00137524  0 0 0 0 0 0 0 0 0 0 0 0 0 0 0 0 0 1
FAM3061 Y20070000051789 0.0159665 0.0283756 -0.00584335 -0.0157939 0.0117254 -0.00680292 0.00744938 0.00810321 -0.00364173 0.0100364  0 0 0 0 0 0 0 0 0 0 0 0 0 0 0 0 0 0
FAM3062 Y20070000051790 -0.000919379 0.0128132 0.0534514 0.068214 0.0229727 -0.0418484 -0.016792 -0.000471565 0.0371245 0.00259798  0 0 0 0 0 0 0 1 0 0 0 0 0 0 0 0 0 0
FAM3063 Y20070000051791 -0.00460946 0.00300423 -0.00896434 -0.0083879 -0.010933 -0.0227622 0.0093244 -0.00220929 0.00149901 0.0287706  0 1 0 0 0 0 0 0 0 0 0 0 0 0 0 0 0 0
FAM3064 Y20070000051792 -0.0180711 0.0170723 0.0204743 0.0136625 -0.0338053 0.0323331 -0.0214127 -0.0568565 -0.0618143 0.00997452  0 0 0 0 0 0 0 0 0 1 0 0 0 0 0 0 0 0
FAM3065 Y20070000051793 0.011372 0.0271794 -0.00318489 -0.0128407 0.00872069 -0.00455769 0.00214207 0.0103919 -0.0059995 0.0139204  0 0 0 0 0 0 0 0 0 0 0 0 0 0 0 0 0 0
FAM3066 Y20070000051794 0.00605418 0.015517 -0.000120205 -0.00967843 -0.000329454 -0.00649407 0.00361155 0.00890991 -0.0043843 0.0175905  0 0 0 0 0 0 0 0 0 0 0 0 0 0 0 0 0 0
FAM3067 Y20070000051795 0.00448262 0.0183939 0.0023605 -0.0108328 0.00486835 -0.00656764 -0.00149226 0.00245891 -0.0129907 0.022633  0 0 0 0 0 0 0 0 0 0 0 0 0 0 0 0 0 0
FAM3068 Y20070000051797 0.00429285 0.0577281 -0.00545603 -0.0289041 0.02744 -0.0021662 0.00249116 0.0074766 0.0091245 0.00464256  0 0 0 0 0 0 0 0 0 0 0 0 0 0 0 0 0 1
FAM3069 Y20070000051798 -0.000165051 0.0695659 -0.00344283 -0.0317555 0.0361299 0.0115429 -0.0105203 0.0100999 0.0137512 -0.0117822  0 0 0 0 0 0 0 0 0 0 0 0 0 0 0 0 0 1
FAM3070 Y20070000051799 -0.0181739 0.00340069 0.0258824 0.00142979 -0.00896613 0.0233057 -0.0129518 -0.00987421 -0.0281765 0.0176712  0 0 0 0 0 0 0 0 0 1 0 0 0 0 0 0 0 0
FAM3071 Y20070000051800 -0.018778 0.000558043 0.00108622 0.000277969 -0.00665214 0.00204722 0.0295448 -0.0200369 0.00710439 -0.0193286  0 0 0 0 0 0 1 0 0 0 0 0 0 0 0 0 0 0
FAM3072 Y20070000051801 -0.025044 -0.0121854 0.0410216 -0.0144649 -0.0109272 0.0261727 -0.0196443 0.00269088 -0.0265158 0.0167995  0 0 0 0 0 0 0 0 0 1 0 0 0 0 0 0 0 0
FAM3073 Y20070000051802 0.0126034 0.02426 -0.00502674 -0.0182246 0.010585 -0.00596391 0.00150176 0.0107273 -0.00375738 0.00863813  0 0 0 0 0 0 0 0 0 0 0 0 0 0 0 0 0 0
FAM3074 Y20070000051803 2.59241e-05 0.0210492 0.00957723 -0.000674217 0.00115391 0.00852165 -0.00781572 -0.00212283 -0.031353 0.0300379  0 0 0 0 0 0 0 0 0 1 0 0 0 0 0 0 0 0
FAM3075 Y20070000051804 -0.0135173 0.00498902 0.0310814 0.0269067 -0.000864671 0.00357215 -0.00755669 -0.0216223 -0.0216903 0.0199722  0 0 0 0 0 0 0 0 0 1 0 0 0 0 0 0 0 0
FAM3076 Y20070000051814 0.00530613 -0.00414069 -0.00180787 -0.00700882 -0.00254408 -0.00921174 0.0112561 0.00203109 -0.00335141 0.0112013  0 0 0 0 0 0 0 0 0 0 0 0 0 0 0 0 1 0
FAM3077 Y20070000051815 0.00531935 -0.00783642 9.05222e-05 -0.00910861 0.000713735 -0.00757107 0.00951346 0.00528736 -0.00324882 0.00810442  0 0 0 0 0 0 0 0 0 0 0 0 0 0 0 0 1 0
FAM3078 Y20070000051816 0.00965522 0.000747181 -0.00483061 -0.00604823 -0.00291264 -0.0135773 0.00940657 0.00527312 -0.00330801 0.0103555  0 0 0 0 0 0 0 0 0 0 0 0 0 0 0 0 1 0
FAM3079 Y20070000051817 0.00999941 0.000660627 -0.00792257 -0.00462664 -0.00487058 -0.00984925 0.0100357 0.00367223 -0.00342815 0.0142854  0 0 0 0 0 0 0 0 0 0 0 0 0 0 0 0 1 0
FAM3080 Y20070000051818 0.00865436 -0.0029322 -0.00514091 -0.00391985 -0.0021201 -0.0119439 0.0122784 0.0026744 -0.00584641 0.0122755  0 0 0 0 0 0 0 0 0 0 0 0 0 0 0 0 1 0
FAM3081 Y20070000051820 0.00744345 -0.00554528 -0.00347825 -0.00549624 -0.00263185 -0.00640708 0.00448506 0.0035053 -0.00624209 0.00931068  0 0 0 0 0 0 0 0 0 0 0 0 0 0 0 0 1 0
FAM3082 Y20070000051821 0.00526611 -0.00384354 -0.00216201 -0.0069811 -0.00231986 -0.010851 0.0104406 0.00266273 -0.00349465 0.0114909  0 0 0 0 0 0 0 0 0 0 0 0 0 0 0 0 1 0
FAM3083 Y20070000051822 0.00865786 -0.00109556 -0.00544743 -0.00354295 -0.000738955 -0.0107399 0.0128252 0.00280234 -0.00155649 0.01022  0 0 0 0 0 0 0 0 0 0 0 0 0 0 0 0 1 0
FAM3084 Y20070000051823 0.0116005 -0.00113274 -0.0068534 -0.00456387 -0.00365208 -0.00923573 0.00450863 0.00805298 -0.00514891 0.00154459  0 0 0 0 0 0 0 0 0 0 0 0 0 0 0 0 1 0
FAM3085 Y20070000051824 0.00883967 -0.00376867 -0.00178933 -0.00543964 -0.00777764 -0.00847145 0.00260835 -0.0037103 -0.00910961 -0.00413557  0 0 0 0 0 0 0 0 0 0 0 0 0 0 0 0 1 0
FAM3086 Y20070000051825 0.0113741 -0.00325677 -0.00643028 -0.00441605 -0.0058124 -0.0104994 0.0021166 0.00942169 -0.0068757 0.00359693  0 0 0 0 0 0 0 0 0 0 0 0 0 0 0 0 1 0
FAM3087 Y20070000051826 0.0124175 -0.00704889 0.000666871 -0.00450461 0.000391666 -0.00257046 0.00328122 0.00768114 -0.00496822 -0.00178109  0 0 0 0 0 0 0 0 0 0 0 0 0 0 0 0 1 0
FAM3088 Y20070000051827 0.0116889 -0.00656675 0.000768543 -0.0066622 8.05687e-05 -0.00324645 0.00531942 0.00753832 -0.00582232 -0.000209768  0 0 0 0 0 0 0 0 0 0 0 0 0 0 0 0 1 0
FAM3089 Y20070000051828 0.00771285 -0.00619297 -0.00194488 -0.00629662 -0.00227907 -0.00508187 0.00386993 0.00417112 -0.00714378 0.00845518  0 0 0 0 0 0 0 0 0 0 0 0 0 0 0 0 1 0
FAM3090 Y20070000051830 0.00919439 -0.00295333 -0.00338281 -0.00645705 -0.00639585 -0.0130548 0.00728725 0.00528003 -0.00203154 0.000218306  0 0 0 0 0 0 0 0 0 0 0 0 0 0 0 0 1 0
FAM3091 Y20070000051831 0.0112109 -0.00341519 -0.000574526 -0.00580612 -0.00582927 -0.0110783 0.00745792 0.00648694 -0.00785044 0.00921979  0 0 0 0 0 0 0 0 0 0 0 0 0 0 0 0 1 0
FAM3092 Y20070000051832 0.00459888 0.00599384 0.0128328 0.0147657 0.000402587 -0.0160235 0.000834348 -0.00310239 0.00889807 -0.0120228  0 0 0 0 0 0 0 0 0 0 0 0 0 0 0 0 1 0
FAM3093 Y20070000051833 -0.0059099 -0.00132557 -0.0193753 0.0117549 -0.0111813 0.0039764 -0.0101917 -0.0169286 -0.00630472 -0.0298576  0 0 0 0 0 1 0 0 0 0 0 0 0 0 0 0 0 0
FAM3094 Y20070000051834 0.0148327 -0.00499565 -0.000673723 0.000337789 -0.00235534 -0.00462138 0.00152657 0.00804471 -0.00980608 -0.0100326  0 0 0 0 0 0 0 0 0 0 0 0 0 0 0 0 1 0
FAM3095 Y20070000051835 0.00496755 0.0305375 -0.00494028 -0.0139441 0.0116978 -0.00355563 -0.000447388 0.0115876 0.0035183 0.00737522  0 0 0 0 0 0 0 0 0 0 0 0 0 0 0 0 0 1
FAM3096 Y20070000051836 -0.0230584 -0.0193809 0.0197745 -0.0342377 7.82666e-05 -0.0162485 0.021119 0.00993186 0.0271807 -0.00314767  1 0 0 0 0 0 0 0 0 0 0 0 0 0 0 0 0 0
FAM3097 Y20070000051837 -0.00392267 0.00199979 -0.00871601 -0.00847765 -0.0145911 -0.0126983 0.00212869 -0.0198903 -0.00656959 0.00347849  0 0 1 0 0 0 0 0 0 0 0 0 0 0 0 0 0 0
FAM3098 Y20070000051839 -0.00878432 0.00505533 -0.0119257 0.0134637 -0.017618 0.00806547 -0.00380473 -0.00789868 -0.000644531 -0.0190523  0 0 0 0 0 1 0 0 0 0 0 0 0 0 0 0 0 0
FAM3099 Y20070000051840 -0.00615434 0.000270828 -0.00157163 -0.00284469 -0.0066053 -0.00931953 0.0108824 -0.00288955 0.000809144 0.0115976  0 0 1 0 0 0 0 0 0 0 0 0 0 0 0 0 0 0
FAM3100 Y20070000051841 -0.0108393 0.0259911 -0.0189803 0.0043766 -0.0312219 -0.00676177 0.0121713 -0.0987764 -0.0183384 -0.0790751  0 0 0 0 0 0 1 0 0 0 0 0 0 0 0 0 0 0
FAM3101 Y20070000051842 -0.00907423 0.0202072 -0.0148263 0.00235356 -0.0167372 -0.00611109 0.0102058 -0.0651916 -0.0143853 -0.0486877  0 0 0 0 0 0 1 0 0 0 0 0 0 0 0 0 0 0
FAM3102 Y20070000051843 -0.00289792 0.000109461 -0.00451108 -0.00465422 -0.00397007 -0.0119644 0.00650632 -0.00181166 -0.00345375 0.0162457  0 0 1 0 0 0 0 0 0 0 0 0 0 0 0 0 0 0
FAM3103 Y20070000051844 0.00853092 0.0884546 -0.0044837 -0.0405542 0.049225 0.0103613 -0.00862744 0.0155926 0.00869187 -0.000473332  0 0 0 0 0 0 0 0 0 0 0 0 0 0 0 0 0 1
FAM3104 Y20070000051847 -0.00484004 0.0039552 -0.0109981 -0.00526187 -0.0161371 -0.020272 0.0153061 -0.000185018 0.00527716 0.0227442  0 1 0 0 0 0 0 0 0 0 0 0 0 0 0 0 0 0
FAM3105 Y20070000051848 -0.0280847 -0.0305001 0.0450498 -0.0508575 -0.000437492 0.0135162 -0.0177875 0.00899955 -0.00306205 -0.0162569  0 0 0 0 0 0 0 0 1 0 0 0 0 0 0 0 0 0
FAM3106 Y20070000051849 -0.00612074 -0.000992141 -0.00908039 -0.00659912 -0.0118364 -0.0190552 0.00689914 -0.00348004 0.00620752 0.0171711  0 0 1 0 0 0 0 0 0 0 0 0 0 0 0 0 0 0
FAM3107 Y20070000051850 -0.0099179 -0.0033156 0.00357765 -0.0105328 -0.00549522 -0.0187707 0.000376713 -0.00323453 0.0104123 0.000580779  0 0 0 0 0 0 0 0 0 0 0 0 0 0 0 0 0 0
FAM3108 Y20070000051851 -0.00255255 9.59739e-05 -0.00817654 2.00895e-05 -0.0101191 -0.0109289 0.00340645 0.00259802 0.00147966 0.0095853  0 0 1 0 0 0 0 0 0 0 0 0 0 0 0 0 0 0
FAM3109 Y20070000051852 0.00250831 -0.00106285 -0.00902846 -0.00133676 -0.00762669 -0.0130511 0.00653036 0.00109113 -0.00384668 0.021817  0 0 1 0 0 0 0 0 0 0 0 0 0 0 0 0 0 0
FAM3110 Y20070000051853 0.0199607 -0.00435203 0.00133127 -0.00197654 0.00110218 -0.00142018 0.000338766 0.00703456 -0.0119581 -0.00174645  0 0 0 0 0 0 0 0 0 0 0 0 0 0 1 0 0 0
FAM3111 Y20070000051854 0.0230494 -0.00479406 0.000949752 0.00246788 0.00161741 -0.00428866 0.00210099 0.00907481 -0.00948268 -0.00383015  0 0 0 0 0 0 0 0 0 0 0 0 0 1 0 0 0 0
FAM3112 Y20070000051855 0.0238857 -0.0070767 -0.00168503 -0.00102402 0.00169472 0.00553505 0.000157911 0.00150227 -0.00251483 0.00155487  0 0 0 0 0 0 0 0 0 0 0 0 0 1 0 0 0 0
FAM3113 Y20070000051856 0.021457 -0.00532486 -0.0019403 -0.00295135 0.00091074 0.00755277 -0.00163539 -0.00574342 -0.00307838 -0.00488835  0 0 0 0 0 0 0 0 0 0 0 0 0 1 0 0 0 0
FAM3114 Y20070000051857 0.0231225 -0.00589521 -0.00312125 0.00087769 0.00264335 0.0015088 0.000301004 0.00709783 -0.009557 -0.00829252  0 0 0 0 0 0 0 0 0 0 0 0 1 0 0 0 0 0
FAM3115 Y20070000051858 0.0240235 -0.00493143 -0.0020568 -0.00150886 0.00194875 0.00181224 0.00297119 0.0071367 -0.0127435 -0.00565743  0 0 0 0 0 0 0 0 0 0 0 0 1 0 0 0 0 0
FAM3116 Y20070000051859 0.0233882 -0.00890681 0.000491793 -0.00235209 0.00387517 0.00738983 -0.00310876 -0.0020576 -0.000749443 0.000511769  0 0 0 0 0 0 0 0 0 0 0 0 0 1 0 0 0 0
FAM3117 Y20070000051860 -0.0185312 -0.0099174 0.0239788 -0.0116998 -0.00796082 0.0118356 0.00960477 0.0129566 0.00446866 0.00347232  1 0 0 0 0 0 0 0 0 0 0 0 0 0 0 0 0 0
FAM3118 Y20070000051861 0.000700113 -0.000875388 -0.00848843 -0.00439955 -0.00905496 -0.0129221 0.00571822 0.00103834 -0.000679594 0.0124996  0 0 1 0 0 0 0 0 0 0 0 0 0 0 0 0 0 0
FAM3119 Y20070000051862 0.00221767 0.0102272 -0.0152746 -0.0107738 -0.0113364 -0.0353472 0.0237762 -0.00315913 0.00406327 0.043481  0 1 0 0 0 0 0 0 0 0 0 0 0 0 0 0 0 0
FAM3120 Y20070000051863 0.00866875 -0.00292862 -0.00462867 -0.00471136 -0.00322145 -0.00803382 0.00414252 0.0011506 -0.00355706 0.00827765  0 0 0 0 0 0 0 0 0 0 0 0 0 0 0 0 1 0
FAM3121 Y20070000051864 4.17798e-06 0.00935242 -0.01581 -0.0126751 -0.0114153 -0.0351613 0.0230613 -0.00452947 0.00468438 0.0478039  0 1 0 0 0 0 0 0 0 0 0 0 0 0 0 0 0 0
FAM3122 Y20070000051865 -0.0245589 -0.0253776 0.0283727 -0.0432275 0.00102864 -0.0107518 0.0145006 0.0114986 0.0241785 -0.00715585  1 0 0 0 0 0 0 0 0 0 0 0 0 0 0 0 0 0
FAM3123 Y20070000051866 -0.00336512 0.00249083 -0.0109458 -0.00663322 -0.0101187 -0.0253029 0.0131227 0.000671291 0.00195902 0.0372179  0 1 0 0 0 0 0 0 0 0 0 0 0 0 0 0 0 0
FAM3124 Y20070000051867 -0.00501679 0.000304376 -0.0184038 -0.00489494 -0.0130365 -0.0257091 0.00655101 0.00369805 0.0021767 0.030366  0 1 0 0 0 0 0 0 0 0 0 0 0 0 0 0 0 0
FAM3125 Y20070000051869 -0.00929125 0.0095611 -0.0165279 -0.0103026 -0.0190026 -0.0369545 0.0283182 -0.00490392 0.0099656 0.0469965  0 1 0 0 0 0 0 0 0 0 0 0 0 0 0 0 0 0
FAM3126 Y20070000051872 -0.00517914 -0.000336649 0.0027436 0.00769589 0.000679775 -0.0107948 0.0126794 0.0102998 0.0123089 0.0080441  0 0 0 0 0 0 0 0 0 0 0 0 0 0 0 0 0 0
FAM3127 Y20070000051876 -0.0120806 -0.00575364 0.00192569 -0.012948 -0.00941028 -0.00929108 -0.000496937 0.010158 0.0150033 0.00284221  0 0 0 0 0 0 0 0 0 0 0 0 0 0 0 0 0 0
FAM3128 Y20070000051879 -0.010068 -0.00658007 0.0144841 0.0032275 0.00343154 -0.00559106 0.021871 -0.00616278 0.0132129 -0.0156973  1 0 0 0 0 0 0 0 0 0 0 0 0 0 0 0 0 0
FAM3129 Y20070000051880 0.00612265 -0.000485096 -0.00486664 8.89527e-05 -0.00914122 -0.00683682 0.00543008 -0.000177978 -0.00871428 0.0119996  0 0 0 0 0 0 0 0 0 0 0 0 0 0 0 0 1 0
FAM3130 Y20070000051881 -0.0216252 -0.0188937 0.0346227 -0.0278019 0.00348642 0.00860202 0.00414282 -0.00128077 0.00467022 -0.0272329  0 0 0 0 0 0 0 0 1 0 0 0 0 0 0 0 0 0
FAM3131 Y20070000051882 0.0196366 -0.00661523 -0.000297541 0.000247577 0.000949294 -0.00401189 0.000620866 0.00827159 -0.00989225 -0.00970823  0 0 0 0 0 0 0 0 0 0 1 0 0 0 0 0 0 0
FAM3132 Y20070000051883 0.0195148 -0.00490288 -0.0021555 0.00223268 0.000463058 -0.00292985 0.000587996 0.00675919 -0.00982845 -0.00478106  0 0 0 0 0 0 0 0 0 0 1 0 0 0 0 0 0 0
FAM3133 Y20070000051884 0.0196927 -0.00578755 -5.54919e-05 0.00168824 0.000485026 -0.00560355 0.00111415 0.00732625 -0.0100448 -0.00826174  0 0 0 0 0 0 0 0 0 0 1 0 0 0 0 0 0 0
FAM3134 Y20070000051885 0.0190513 -0.00402214 -0.00183701 0.00159819 -0.00140605 -0.00496417 0.00119706 0.00401588 -0.0111204 -0.013957  0 0 0 0 0 0 0 0 0 0 1 0 0 0 0 0 0 0
FAM3135 Y20070000051886 -0.0207521 -0.0221653 0.0325343 -0.0340126 0.00116842 0.00588634 -0.00730453 0.0108001 0.00535869 -0.0184207  0 0 0 0 0 0 0 0 1 0 0 0 0 0 0 0 0 0
FAM3136 Y20070000051887 -0.0243878 -0.0262396 0.040257 -0.0393106 0.00141612 0.00604869 -0.0171618 0.0041087 0.00371607 -0.0281795  0 0 0 0 0 0 0 0 1 0 0 0 0 0 0 0 0 0
FAM3137 Y20070000051888 -0.0184267 -0.0162635 0.0280089 -0.02025 0.00501835 -0.00330968 0.00861281 0.00246006 0.0129135 -0.0110394  0 0 0 0 0 0 0 0 1 0 0 0 0 0 0 0 0 0
FAM3138 Y20070000051889 0.00376549 -0.00220279 -0.00446722 -0.00295403 -0.00727377 -0.00676097 0.00479589 -0.000752125 -0.00817654 0.0120229  0 0 0 0 0 0 0 0 0 0 0 0 0 0 0 0 1 0
FAM3139 Y20070000051890 0.004166 -0.00245275 -0.00256075 -0.00275328 -0.00541771 -0.0062996 0.00396044 0.000952809 -0.00988162 0.00728803  0 0 0 0 0 0 0 0 0 0 0 0 0 0 0 0 1 0
FAM3140 Y20070000051891 -0.028542 -0.0307265 0.0465056 -0.0512634 0.0012844 0.0119091 -0.0174813 0.0107186 -0.000954151 -0.0164529  0 0 0 0 0 0 0 0 1 0 0 0 0 0 0 0 0 0
FAM3141 Y20070000051892 -0.0249261 -0.0269928 0.0405425 -0.0425763 -0.000799253 0.0124193 -0.018699 0.00322764 -0.00330689 -0.0299156  0 0 0 0 0 0 0 0 1 0 0 0 0 0 0 0 0 0
FAM3142 Y20070000051893 0.0198158 -0.0063223 -0.000693494 0.00139364 0.000829833 -0.00530108 0.00166727 0.0100572 -0.0117461 -0.0131996  0 0 0 0 0 0 0 0 0 0 1 0 0 0 0 0 0 0
FAM3143 Y20070000051894 0.0198896 -0.00643931 0.000503191 0.000348933 -0.000114 -0.0041049 0.00125094 0.0095583 -0.011503 -0.00934071  0 0 0 0 0 0 0 0 0 0 1 0 0 0 0 0 0 0
FAM3144 Y20070000051895 0.0196157 -0.00489519 -0.00123451 -0.000394542 0.000958982 -0.00203575 0.000157084 0.00750778 -0.011674 -0.00456888  0 0 0 0 0 0 0 0 0 0 1 0 0 0 0 0 0 0
FAM3145 Y20070000051896 -0.012306 0.00735313 -0.00782684 0.0182368 -0.0280795 0.0191838 0.00475577 0.0119791 2.39353e-05 0.00630137  0 0 0 0 0 1 0 0 0 0 0 0 0 0 0 0 0 0
FAM3146 Y20070000051897 -0.0122434 0.00750989 -0.00814011 0.0184002 -0.0272152 0.0164917 0.00912676 0.011244 0.00134958 0.00912798  0 0 0 0 0 1 0 0 0 0 0 0 0 0 0 0 0 0
FAM3147 Y20070000051898 0.0194086 -0.00490658 -0.00262356 0.00202976 -0.00109605 -0.00549973 0.00142254 0.00507458 -0.01402 -0.0132583  0 0 0 0 0 0 0 0 0 0 1 0 0 0 0 0 0 0
FAM3148 Y20070000051961 0.018889 -0.00474636 -0.0033666 0.0011596 -0.000796678 -0.00531206 0.00054664 0.00390156 -0.0130491 -0.0119859  0 0 0 0 0 0 0 0 0 0 1 0 0 0 0 0 0 0
FAM3149 Y20070000051962 0.0204012 -0.00643648 -0.00119072 0.00183574 0.00125941 -0.00540391 0.00217311 0.0107276 -0.0115304 -0.0115934  0 0 0 0 0 0 0 0 0 0 1 0 0 0 0 0 0 0
FAM3150 Y20070000051963 0.0192606 -0.00512459 -0.00153884 0.00226087 0.000845066 -0.00471876 0.001858 0.00469569 -0.013087 -0.0144932  0 0 0 0 0 0 0 0 0 0 1 0 0 0 0 0 0 0
FAM3151 Y20070000051964 0.0180943 -0.00382538 -0.00324927 0.00245119 -0.00321188 -0.00499347 0.00275951 0.00615595 -0.00811728 -0.00715826  0 0 0 0 0 0 0 0 0 0 1 0 0 0 0 0 0 0
FAM3152 Y20070000051965 0.0144542 -0.00387404 0.00177695 0.00348786 -0.00349359 -0.00308885 -0.000707108 0.00756117 -0.00691923 -0.00453971  0 0 0 0 0 0 0 0 0 0 1 0 0 0 0 0 0 0
FAM3153 Y20070000051966 -0.000213779 0.0048607 -0.00579376 0.00945339 -0.0181556 0.0077607 0.00950896 0.00917606 -0.00236945 0.00492371  0 0 0 0 0 1 0 0 0 0 0 0 0 0 0 0 0 0
FAM3154 Y20070000051967 -0.0121284 0.00754696 -0.00817317 0.0184645 -0.0281265 0.0190972 0.00491169 0.0120657 2.9957e-05 0.00657933  0 0 0 0 0 1 0 0 0 0 0 0 0 0 0 0 0 0
FAM3155 Y20070000051968 0.00905485 -0.00184942 -0.00112451 -0.000353403 -0.00810971 0.004236 0.00282345 0.00257852 -0.00576306 -0.000257876  0 0 0 0 0 0 0 0 0 0 0 0 0 0 0 0 1 0
FAM3156 Y20070000051969 -0.0195553 -0.0195312 0.032651 -0.0272579 0.00369263 0.00662237 -0.00340914 0.00424423 0.00400209 -0.0204092  0 0 0 0 0 0 0 0 1 0 0 0 0 0 0 0 0 0
FAM3157 Y20070000051970 -0.0175983 0.0154384 -0.0259127 0.00594544 -0.0361303 -0.0112862 0.0116247 -0.0950076 -0.0126684 -0.0732587  0 0 0 0 0 0 1 0 0 0 0 0 0 0 0 0 0 0
FAM3158 Y20070000051971 0.000947843 0.000810976 0.00129616 0.00496788 -0.00702262 -0.00657712 0.00132669 0.00544288 0.00260214 0.00924317  0 0 1 0 0 0 0 0 0 0 0 0 0 0 0 0 0 0
FAM3159 Y20070000051972 -0.00127355 0.000322048 -0.00636085 -0.000621841 -0.0118381 -0.0106992 0.00864482 0.00498887 0.00267003 0.0122415  0 0 1 0 0 0 0 0 0 0 0 0 0 0 0 0 0 0
FAM3160 Y20070000051973 -0.0056495 -0.00295901 -0.0088408 0.00129335 -0.00622995 -0.0106334 -0.00459125 0.0022911 -0.00417315 0.0123239  0 0 1 0 0 0 0 0 0 0 0 0 0 0 0 0 0 0
FAM3161 Y20070000051974 -0.00654078 -0.00314669 -0.00661754 -0.00623809 -0.00801539 -0.0180332 0.00509678 -0.00180493 0.00318424 0.00761454  0 0 1 0 0 0 0 0 0 0 0 0 0 0 0 0 0 0
FAM3162 Y20070000051975 -0.000704488 0.00464889 -0.0126402 -0.00227444 -0.00823516 -0.0234393 0.0157056 0.000897766 -0.00096188 0.0375636  0 1 0 0 0 0 0 0 0 0 0 0 0 0 0 0 0 0
FAM3163 Y20070000051976 0.00166976 0.00221695 -0.00638333 0.00255822 -0.00500867 -0.0133989 0.0133619 -0.00555244 0.00162079 0.00373627  0 0 1 0 0 0 0 0 0 0 0 0 0 0 0 0 0 0
FAM3164 Y20070000051977 0.00232923 -0.00136883 -0.00173279 -0.00565405 -0.00721639 -0.0106934 0.00394657 0.00336578 0.000207409 0.00822401  0 0 1 0 0 0 0 0 0 0 0 0 0 0 0 0 0 0
FAM3165 Y20070000051978 -0.0120577 -0.00253415 -0.0152497 0.00318396 0.00319101 -0.0151662 -0.00319942 0.000865449 0.00827176 0.00818694  0 0 1 0 0 0 0 0 0 0 0 0 0 0 0 0 0 0
FAM3166 Y20070000051979 -0.00306213 0.00115023 -0.0112077 -0.00681848 -0.0107479 -0.0263718 0.00860506 0.00126933 0.0027631 0.0363444  0 1 0 0 0 0 0 0 0 0 0 0 0 0 0 0 0 0
FAM3167 Y20070000051980 -0.0029685 -0.00200925 -0.00984015 -0.00234831 -0.00943113 -0.0142371 0.00594716 -0.0039297 -0.00319796 0.0126993  0 0 1 0 0 0 0 0 0 0 0 0 0 0 0 0 0 0
FAM3168 Y20070000051981 0.0185563 -0.00364819 -0.00148385 -0.000736128 0.000474746 -0.00150525 0.00125662 0.00309767 -0.00752797 -0.00207792  0 0 0 0 0 0 0 0 0 0 0 0 0 0 0 0 1 0
FAM3169 Y20070000051983 0.00874623 -0.00571726 -0.00263209 6.94419e-05 -0.00180939 -0.00121562 -0.00357236 0.00886786 -0.00272727 -0.000209372  0 0 0 0 0 0 0 0 0 0 0 0 0 0 0 0 0 0
FAM3170 Y20070000051984 0.022333 -0.00564069 -0.00117222 -0.00139401 -0.00193812 -0.00213944 0.00058346 0.0110853 -0.0168006 -0.00955759  0 0 0 0 0 0 0 0 0 0 0 0 0 0 0 0 1 0
FAM3171 Y20070000051985 0.0186473 -0.00521617 -0.00241861 -0.000927107 -0.000563335 -0.00322739 -0.0012107 0.00879341 -0.00938033 -0.00469043  0 0 0 0 0 0 0 0 0 0 0 0 0 0 0 0 1 0
FAM3172 Y20070000051986 -0.0056026 0.00480463 -0.00493855 0.00920953 -0.0189607 -0.00531838 0.00481336 0.00014607 0.00262491 0.00241856  0 0 0 0 0 1 0 0 0 0 0 0 0 0 0 0 0 0
FAM3173 Y20070000051987 -0.00276084 -0.000117486 -0.00839342 0.00190201 -0.013272 -0.00793652 0.00803155 -0.0176155 0.00290681 -0.0145459  0 0 0 0 0 0 1 0 0 0 0 0 0 0 0 0 0 0
FAM3174 Y20070000051988 -0.00821557 0.00610282 -0.00477462 0.00839753 -0.019996 0.000377771 0.00872505 0.00970535 0.0028032 0.0219159  0 0 1 0 0 0 0 0 0 0 0 0 0 0 0 0 0 0
FAM3175 Y20070000051989 -0.0230305 -0.0163508 0.028931 -0.0237489 -0.000131558 0.0145274 0.0128529 0.00453537 -0.00354096 0.000875622  0 0 0 0 0 0 0 0 0 1 0 0 0 0 0 0 0 0
FAM3176 Y20070000051990 -0.00124174 0.0218962 0.0159595 0.00872014 0.00391943 -0.00745454 -0.00154998 0.0144167 0.017326 -0.00380471  0 0 0 0 0 0 0 0 0 0 0 0 0 0 0 0 1 0
FAM3177 Y20070000051991 0.00131514 0.00928343 0.045096 0.0589302 0.0216372 -0.0430126 -0.014592 0.00105244 0.0379416 7.96536e-05  0 0 0 0 0 0 0 1 0 0 0 0 0 0 0 0 0 0
FAM3178 Y20070000051992 -0.00256896 0.0053731 0.0253834 0.0375621 0.00579856 -0.0126703 -0.00354159 -0.00460817 -7.95568e-05 0.00178628  0 0 0 0 0 0 0 1 0 0 0 0 0 0 0 0 0 0
FAM3179 Y20070000051993 -0.00518003 0.0109011 0.0304654 0.0442521 -0.00322197 -0.0146861 -0.00700639 0.00116656 0.0176034 -0.0110642  0 0 0 0 0 0 0 1 0 0 0 0 0 0 0 0 0 0
FAM3180 Y20070000051994 0.00763139 0.0543017 -0.00562396 -0.0256969 0.0277892 0.00399625 -0.00645785 0.0115881 -0.0048204 0.00469671  0 0 0 0 0 0 0 0 0 0 0 0 0 0 0 0 0 1
FAM3181 Y20070000051995 0.00302967 0.068435 -0.00359783 -0.0204512 0.0400699 0.0112109 0.00192822 0.0116972 0.00631576 -0.00362532  0 0 0 0 0 0 0 0 0 0 0 0 0 0 0 0 0 1
FAM3182 Y20070000051996 -0.00893291 0.00161514 -0.00306809 -0.00893833 -0.00571253 -0.00842774 0.00933889 -0.00275322 0.00868993 0.002177  0 0 0 0 0 0 0 0 0 0 0 0 0 0 0 0 0 0
FAM3183 Y20070000051997 0.00524078 0.0212396 -0.00676586 -0.0078297 -0.00339768 -0.010006 0.00613142 -0.0165485 -0.00723025 -0.0119057  0 0 0 0 0 0 0 0 0 0 0 0 0 0 0 0 0 0
FAM3184 Y20070000052000 -0.0288537 -0.0312821 0.0434945 -0.0529923 0.00112387 0.0103054 -0.0139375 0.0120432 0.00186754 -0.0160343  0 0 0 0 0 0 0 0 1 0 0 0 0 0 0 0 0 0
FAM3185 Y20070000052001 -0.00863559 0.00301491 -0.0112819 -0.00161013 -0.0178391 -0.0148215 0.0120418 -0.0157784 0.00309989 0.00614078  0 0 1 0 0 0 0 0 0 0 0 0 0 0 0 0 0 0
FAM3186 Y20070000052003 -0.016027 -0.0205696 0.0213691 -0.0339273 0.0110144 -0.00390913 0.0320458 0.0114875 0.0277245 -0.0138162  1 0 0 0 0 0 0 0 0 0 0 0 0 0 0 0 0 0
FAM3187 Y20070000052008 0.00110106 0.00864834 -0.0147802 -0.00772974 -0.00944452 -0.0134917 -0.00070426 0.0081304 0.00149643 0.0128432  0 0 0 0 0 0 0 0 0 0 0 0 0 0 0 0 0 0
FAM3188 Y20070000052009 -0.0172729 0.00294691 0.0457765 0.0070175 -0.0137496 0.0307565 -0.0379721 -0.0254823 -0.0854204 0.0689505  0 0 0 0 0 0 0 0 0 1 0 0 0 0 0 0 0 0
FAM3189 Y20070000052011 -0.00798024 -0.00266696 -0.00161585 -0.00905351 -0.0119367 -0.00935457 -0.00237059 0.00632057 0.00179522 0.0150225  0 0 0 0 0 0 0 0 0 0 0 0 0 0 0 0 0 0
FAM3190 Y20070000052012 -0.0242539 -0.0205499 0.0283618 -0.0321804 0.00208029 0.0031919 0.00411211 -0.00116937 0.00563462 -0.0140041  0 0 0 0 0 0 0 0 1 0 0 0 0 0 0 0 0 0
FAM3191 Y20070000052013 -0.0200155 -0.0102678 0.0163889 -0.012392 -0.000639816 -0.010915 0.0291041 0.00493151 0.0233211 0.00350247  1 0 0 0 0 0 0 0 0 0 0 0 0 0 0 0 0 0
FAM3192 Y20070000052014 -0.0274259 -0.0244652 -0.0357287 0.00790921 0.0394863 -0.0156236 -0.0555745 0.0170064 0.00588307 0.0033286  0 0 0 1 0 0 0 0 0 0 0 0 0 0 0 0 0 0
FAM3193 Y20070000052015 -0.0203195 0.000791825 -0.0275858 0.0193541 -0.00514453 0.00834512 -0.0456206 0.0275387 0.0134236 0.00305667  0 0 0 1 0 0 0 0 0 0 0 0 0 0 0 0 0 0
FAM3194 Y20080000052152 0.0322859 -0.0160054 -0.0038507 -0.00314805 0.00796038 0.0371666 -0.00857001 -0.0377563 0.0437912 0.0243415  0 0 0 0 0 0 0 0 0 0 0 1 0 0 0 0 0 0
FAM3195 Y20080000052153 0.0287777 -0.0151003 -0.00419707 -0.00336544 0.00521865 0.0307883 -0.0123988 -0.0271917 0.0356405 0.0172273  0 0 0 0 0 0 0 0 0 0 0 1 0 0 0 0 0 0
FAM3196 Y20080000052155 0.0232809 -0.0133508 -0.00473915 -0.00526351 0.00328876 0.0314287 -0.00653773 -0.0365596 0.0382408 0.0196076  0 0 0 0 0 0 0 0 0 0 0 1 0 0 0 0 0 0
FAM3197 Y20080000052156 0.0321326 -0.0155721 -0.0043756 -0.00245121 0.0073992 0.0352075 -0.00918252 -0.0361728 0.0405188 0.0236329  0 0 0 0 0 0 0 0 0 0 0 1 0 0 0 0 0 0
FAM3198 Y20080000052157 0.0307736 -0.0143175 -0.00358223 -0.0022244 0.00643497 0.0302492 -0.00732857 -0.0298446 0.0343593 0.0189086  0 0 0 0 0 0 0 0 0 0 0 1 0 0 0 0 0 0
FAM3199 Y20080000052158 0.0301392 -0.0137702 -0.00377536 -0.00216204 0.00598462 0.0258605 -0.00544151 -0.0241432 0.0278547 0.0148253  0 0 0 0 0 0 0 0 0 0 0 1 0 0 0 0 0 0
FAM3200 Y20080000052159 0.0174879 -0.00470173 0.000406406 -0.00293632 -0.00110911 -0.00535046 0.00318923 0.00593421 -0.00494613 -0.0041184  0 0 0 0 0 0 0 0 0 0 1 0 0 0 0 0 0 0
FAM3201 Y20080000052160 0.0202352 -0.00665678 0.00100201 0.000423668 0.00274975 0.00504895 0.0036439 -0.0096012 0.0119376 0.00610383  0 0 0 0 0 0 0 0 0 0 1 0 0 0 0 0 0 0
FAM3202 Y20080000052161 0.0289919 -0.0128796 -0.00173693 -0.00287977 0.00758625 0.0244478 -0.00719583 -0.0262883 0.0352944 0.0167322  0 0 0 0 0 0 0 0 0 0 0 1 0 0 0 0 0 0
FAM3203 Y20080000052162 0.0228888 -0.00764633 -0.00447538 0.00289061 -0.00160083 -0.00274387 0.000526589 0.00917798 -0.0131735 -0.0192071  0 0 0 0 0 0 0 0 0 0 0 0 0 0 1 0 0 0
FAM3204 Y20080000052163 0.0182677 -0.0028063 0.00239994 0.00418676 0.00109669 -0.00778599 0.000409399 0.00945385 -0.00673523 -0.0030971  0 0 0 0 0 0 0 0 0 0 0 0 0 0 1 0 0 0
FAM3205 Y20080000052164 0.01661 -0.00698716 -0.00415585 0.00275519 -0.000902247 -0.000480045 0.00259975 0.00992249 -0.00820771 -0.00148358  0 0 0 0 0 0 0 0 0 0 0 0 0 0 1 0 0 0
FAM3206 Y20080000052165 0.0157581 -0.00495878 0.00139848 0.0030799 -0.000332946 -0.00522969 0.00240834 0.00893962 -0.00337399 -0.00293037  0 0 0 0 0 0 0 0 0 0 0 0 0 0 1 0 0 0
FAM3207 Y20080000052166 0.0181986 -0.00803818 -0.00141915 -0.00318683 0.00291832 0.0177017 -0.00511139 -0.022022 0.0229659 0.0149064  0 0 0 0 0 0 0 0 0 0 0 1 0 0 0 0 0 0
FAM3208 Y20080000052167 0.0154379 -0.00620416 0.00309761 0.0033237 0.00140945 -0.00587952 0.0018853 0.00647613 -0.00469338 -0.00975709  0 0 0 0 0 0 0 0 0 0 0 0 0 0 1 0 0 0
FAM3209 Y20080000052168 0.0236859 -0.0105452 -0.0064962 -0.00136538 0.000308227 0.0134643 -0.00574379 -0.0134232 0.0191169 0.00513428  0 0 0 0 0 0 0 0 0 0 0 1 0 0 0 0 0 0
FAM3210 Y20080000052170 0.0218296 -0.00795688 0.000443966 0.00315999 0.00110626 0.00368473 0.00107834 0.00272556 0.000145315 -0.00842742  0 0 0 0 0 0 0 0 0 0 0 0 0 0 0 1 0 0
FAM3211 Y20080000052171 0.0210102 -0.00572549 -0.00104459 0.00383301 8.6299e-05 -0.00279049 0.000780659 0.0134454 -0.0107083 -0.0108375  0 0 0 0 0 0 0 0 0 0 0 0 0 0 0 1 0 0
FAM3212 Y20080000052172 0.0311865 -0.0215154 -0.00251373 -0.00389364 0.0128776 0.0579122 -0.0153743 -0.0632763 0.0741324 0.045348  0 0 0 0 0 0 0 0 0 0 0 1 0 0 0 0 0 0
FAM3213 Y20080000052173 0.0268653 -0.0168841 -0.00422939 -0.00229296 0.0100536 0.0333049 -0.0146661 -0.0307308 0.0373306 0.0225851  0 0 0 0 0 0 0 0 0 0 0 1 0 0 0 0 0 0
FAM3214 Y20080000052174 0.0256393 -0.0173591 -0.00189894 -0.00383924 0.00990209 0.0344104 -0.0153781 -0.0330949 0.039407 0.0242059  0 0 0 0 0 0 0 0 0 0 0 1 0 0 0 0 0 0
FAM3215 Y20080000052175 0.031609 -0.0169591 -0.00271174 -0.00323515 0.00817191 0.0350303 -0.00915606 -0.0338766 0.0399681 0.0219469  0 0 0 0 0 0 0 0 0 0 0 1 0 0 0 0 0 0
FAM3216 Y20080000052176 0.0237352 -0.00718853 -0.000637054 -0.000701236 0.00187682 0.000396972 -0.00187182 0.00504614 -0.00409085 -0.00844008  0 0 0 0 0 0 0 0 0 0 0 0 0 0 1 0 0 0
FAM3217 Y20080000052177 0.0236222 -0.00663174 -0.00108224 0.000288247 0.00242409 0.00213883 0.00117731 0.00272368 -0.00164848 -0.00636399  0 0 0 0 0 0 0 0 0 0 0 0 0 0 1 0 0 0
FAM3218 Y20080000052178 0.0240043 -0.00682586 0.00235519 0.00331858 0.00341934 0.000206725 5.72125e-05 0.000589857 0.00317254 -0.0048867  0 0 0 0 0 0 0 0 0 0 0 0 0 0 1 0 0 0
FAM3219 Y20080000052179 0.0193115 -0.00479116 -0.000938217 -0.00072231 0.000222855 -0.00851801 0.00303072 0.0109229 -0.0140064 -0.00951363  0 0 0 0 0 0 0 0 0 0 0 0 0 0 1 0 0 0
FAM3220 Y20080000052180 0.0203986 -0.00460939 -0.00126692 0.0029076 -0.00260461 -0.00464553 0.00318135 0.00933417 -0.0106418 -0.0102779  0 0 0 0 0 0 0 0 0 0 0 0 0 0 1 0 0 0
FAM3221 Y20080000052181 0.0197654 -0.00812163 -0.00161656 -0.000744718 -0.000947404 0.000724833 -0.00242635 0.00784846 -0.00574985 -0.0072521  0 0 0 0 0 0 0 0 0 0 0 0 0 0 1 0 0 0
FAM3222 Y20080000052182 0.0292171 -0.0117976 -0.00208368 -0.0031042 0.00480439 0.0209745 -0.00382059 -0.0163296 0.0200111 0.0091621  0 0 0 0 0 0 0 0 0 0 0 0 0 0 1 0 0 0
FAM3223 Y20080000052183 0.026604 -0.0130844 0.000644373 -0.00430783 0.00547927 0.0222018 -0.00611285 -0.0185409 0.0195493 0.00697133  0 0 0 0 0 0 0 0 0 0 0 0 0 0 1 0 0 0
FAM3224 Y20080000052184 0.0284906 -0.0111042 -0.00181082 0.000452617 0.00500749 0.0196144 -0.00703268 -0.0174107 0.0195084 0.00412889  0 0 0 0 0 0 0 0 0 0 0 0 0 0 1 0 0 0
FAM3225 Y20080000052185 0.0255983 -0.0133811 0.000902512 -0.00270209 0.00517442 0.0254879 -0.00786746 -0.0241785 0.0272838 0.0169763  0 0 0 0 0 0 0 0 0 0 0 1 0 0 0 0 0 0
FAM3226 Y20080000052187 0.0229935 -0.0145727 -0.000873845 -0.00586291 0.00571691 0.0278412 -0.0032577 -0.0277486 0.0337359 0.00478289  0 0 0 0 0 0 0 0 0 0 0 0 0 0 1 0 0 0
FAM3227 Y20080000052188 0.0226962 -0.00919477 -0.00794532 -0.000228287 -0.00281598 -0.000273557 -0.00209249 0.00820254 -0.0151857 -0.0239536  0 0 0 0 0 0 0 0 0 0 0 0 0 0 1 0 0 0
FAM3228 Y20080000052189 0.0184682 -0.00778444 -0.00465619 0.0035906 0.00639446 0.000232635 -0.00319783 0.00348456 -0.0037691 -0.00342713  0 0 0 0 0 0 0 0 0 0 0 0 0 0 1 0 0 0
FAM3229 Y20080000052190 0.0220291 -0.0131827 -0.000433733 -0.00320811 0.00373141 0.0146613 -0.00863343 -0.00779816 0.0124041 0.0019561  0 0 0 0 0 0 0 0 0 0 0 1 0 0 0 0 0 0
FAM3230 Y20080000052191 0.0159282 -0.00739717 0.00192674 -0.00609366 -0.000848045 -0.00817577 -0.000291814 0.00739961 -0.0109067 -0.0030014  0 0 0 0 0 0 0 0 0 0 0 0 0 0 1 0 0 0
FAM3231 Y20080000052192 0.0190539 -0.00917328 -0.00301829 -0.000867006 -0.00317337 0.00464965 -0.00464186 -0.0028937 0.0041487 -0.00398231  0 0 0 0 0 0 0 0 0 0 0 0 0 0 1 0 0 0
FAM3232 Y20080000052193 0.0171989 0.00194928 0.00238344 0.0022284 0.00299857 -0.00907735 0.00387088 0.00806132 -0.00610909 -0.00720321  0 0 0 0 0 0 0 0 0 0 0 0 0 0 0 1 0 0
FAM3233 Y20080000052194 0.0175787 -0.00402287 0.00663475 0.01199 0.00367688 -0.012234 -8.24008e-05 0.00628141 -6.59051e-05 -0.00642988  0 0 0 0 0 0 0 0 0 0 0 0 0 0 1 0 0 0
FAM3234 Y20080000052196 0.0130141 -0.00334196 0.00438755 0.00824134 -0.000151365 -0.013039 0.00190774 0.00361389 0.0052527 -0.011854  0 0 0 0 0 0 0 0 0 0 0 0 0 0 1 0 0 0
FAM3235 Y20080000052199 0.0244478 -0.0107505 -0.00290261 -0.000293822 0.000684463 0.00259903 -0.00364561 0.0103602 -0.00971011 -0.0157515  0 0 0 0 0 0 0 0 0 0 0 0 0 0 1 0 0 0
FAM3236 Y20080000052200 0.0247974 -0.0119831 -0.00362789 0.000572902 0.00362496 0.014708 -0.00897559 -0.00866122 0.0131614 0.00172515  0 0 0 0 0 0 0 0 0 0 0 0 0 0 1 0 0 0
FAM3237 Y20080000052201 0.0232772 -0.00749155 0.000944572 0.000137086 0.00137516 -0.00424573 0.00243208 0.00831718 -0.00961794 -0.0106501  0 0 0 0 0 0 0 0 0 0 0 0 0 0 1 0 0 0
FAM3238 Y20080000052202 0.0245269 -0.0108303 -0.00201813 -0.00209134 0.00330301 0.00616347 -0.00110061 0.00732617 -0.0102443 -0.0144768  0 0 0 0 0 0 0 0 0 0 0 0 0 0 1 0 0 0
FAM3239 Y20080000052203 0.0234055 -0.00432353 -0.00271713 -0.000862468 0.000539064 0.000600586 0.00258773 0.00385842 -0.00388669 -0.00338241  0 0 0 0 0 0 0 0 0 0 0 1 0 0 0 0 0 0
FAM3240 Y20080000052204 0.0221931 -0.00495514 -0.00201825 -0.00131566 0.00130807 -0.000865224 0.00159406 0.00516682 -0.00112855 -0.00495372  0 0 0 0 0 0 0 0 0 0 0 1 0 0 0 0 0 0
FAM3241 Y20080000052205 0.0265198 -0.0131037 -0.00178699 -0.00354477 0.00590095 0.0285927 -0.00797443 -0.0333291 0.0374175 0.0219723  0 0 0 0 0 0 0 0 0 0 0 1 0 0 0 0 0 0
FAM3242 Y20080000052206 0.0237307 -0.00816085 -0.00118205 -0.00207312 0.00160901 0.00859713 -0.00138175 -0.00160041 0.00515335 0.00314893  0 0 0 0 0 0 0 0 0 0 0 1 0 0 0 0 0 0
FAM3243 Y20080000052207 0.0210581 -0.00801201 -0.00423367 0.000185791 5.23629e-05 0.00132902 -0.00543911 0.00879749 -0.00934608 -0.00573041  0 0 0 0 0 0 0 0 0 0 0 0 0 0 1 0 0 0
FAM3244 Y20080000052208 0.026508 -0.00868509 -0.0020153 -0.000125062 0.00520189 0.0145925 -0.00328408 -0.0142791 0.0197617 0.0123868  0 0 0 0 0 0 0 0 0 0 0 1 0 0 0 0 0 0
FAM3245 Y20080000052209 0.0268384 -0.0118149 -0.00192718 -0.00194357 0.00473174 0.0202129 -0.00330299 -0.0186987 0.0214842 0.00975041  0 0 0 0 0 0 0 0 0 0 0 0 0 0 1 0 0 0
FAM3246 Y20080000052210 0.0263589 -0.0117236 -0.00607884 0.000554734 0.00183208 0.0153001 -0.00736437 -0.0103652 0.016808 0.00742428  0 0 0 0 0 0 0 0 0 0 0 1 0 0 0 0 0 0
FAM3247 Y20080000052211 0.0266567 -0.0134494 -0.000566207 -0.00204457 0.00603647 0.0210146 -0.00672079 -0.0197624 0.0281395 0.0130456  0 0 0 0 0 0 0 0 0 0 0 1 0 0 0 0 0 0
FAM3248 Y20080000052212 0.0206175 -0.0060276 -0.00117296 0.000535206 -0.00231211 -0.00479934 0.00188679 0.0104617 -0.00816186 -0.00738319  0 0 0 0 0 0 0 0 0 0 0 0 0 0 1 0 0 0
FAM3249 Y20080000052213 0.0200187 -0.00703696 -0.00247098 -0.000837844 -0.000466709 0.000866556 0.00336744 0.00193347 -0.00176807 -0.0019605  0 0 0 0 0 0 0 0 0 0 0 0 0 0 1 0 0 0
FAM3250 Y20080000052214 0.0292703 -0.0145028 -0.00318831 -0.00457798 0.00919242 0.0395708 -0.00951827 -0.0396942 0.0476278 0.029717  0 0 0 0 0 0 0 0 0 0 0 1 0 0 0 0 0 0
FAM3251 Y20080000052215 0.0229919 -0.00818973 -0.0029933 -0.000362833 -0.000551759 -0.00284027 0.000135563 0.00428085 -0.00630654 -0.0154726  0 0 0 0 0 0 0 0 0 0 0 0 0 0 0 1 0 0
FAM3252 Y20080000052216 0.020058 -0.000877764 -0.00161727 0.000265631 -0.000824862 -0.0102483 0.00331887 0.00826513 -0.0101003 -0.0074644  0 0 0 0 0 0 0 0 0 0 0 0 0 0 1 0 0 0
FAM3253 Y20080000052217 0.0205959 -0.00591842 -0.00108757 -0.000881471 -0.000433052 -0.00303617 -0.000525343 0.0101359 -0.0109584 -0.00646021  0 0 0 0 0 0 0 0 0 0 0 0 0 0 1 0 0 0
FAM3254 Y20080000052218 0.0242381 -0.00888916 -0.00417042 0.00234434 -0.00219993 -0.00493177 -0.00252063 0.0108755 -0.0153608 -0.0251833  0 0 0 0 0 0 0 0 0 0 0 0 0 0 1 0 0 0
FAM3255 Y20080000052219 0.0189933 -0.00366828 -0.00144563 0.00216883 -0.000920513 -0.00632759 0.0004276 0.00966512 -0.00911793 -0.00595504  0 0 0 0 0 0 0 0 0 0 0 0 0 0 0 1 0 0
FAM3256 Y20080000052220 0.0331359 -0.0175528 -0.00214541 -0.00452737 0.00761547 0.039926 -0.0120389 -0.0381058 0.0433173 0.0159646  0 0 0 0 0 0 0 0 0 0 0 1 0 0 0 0 0 0
FAM3257 Y20080000052221 0.032051 -0.0139258 -0.00124515 -0.00144661 0.00628177 0.0282075 -0.00712478 -0.0262104 0.0293234 0.0110312  0 0 0 0 0 0 0 0 0 0 0 1 0 0 0 0 0 0
FAM3258 Y20080000052222 0.0352606 -0.0188019 -0.00306583 -0.00491625 0.0097463 0.046012 -0.0116025 -0.0475577 0.0546041 0.0294137  0 0 0 0 0 0 0 0 0 0 0 1 0 0 0 0 0 0
FAM3259 Y20080000052223 0.0349547 -0.0196611 -0.00232918 -0.00563243 0.00844022 0.0431067 -0.0118923 -0.0393615 0.0454742 0.0178018  0 0 0 0 0 0 0 0 0 0 0 1 0 0 0 0 0 0
FAM3260 Y20080000052224 0.0335742 -0.0168303 -0.00294981 -0.00416249 0.00788999 0.0382704 -0.0105319 -0.0358735 0.040207 0.0157197  0 0 0 0 0 0 0 0 0 0 0 1 0 0 0 0 0 0
FAM3261 Y20080000052225 0.0290406 -0.0167153 0.00253487 0.00084855 0.0116574 0.0361349 -0.0147819 -0.0413913 0.0531916 0.025622  0 0 0 0 0 0 0 0 0 0 0 1 0 0 0 0 0 0
FAM3262 Y20080000052226 0.0309371 -0.0144289 -0.00322801 -0.00433521 0.00679442 0.0298347 -0.00567916 -0.0243646 0.0262738 0.011131  0 0 0 0 0 0 0 0 0 0 0 1 0 0 0 0 0 0
FAM3263 Y20080000052227 0.0340586 -0.0209009 -0.00272105 -0.0054657 0.00991011 0.0531287 -0.0167435 -0.0528376 0.06191 0.0288157  0 0 0 0 0 0 0 0 0 0 0 1 0 0 0 0 0 0
FAM3264 Y20080000052228 0.0245213 -0.0107475 -0.00224613 -0.000154249 0.00142327 0.0124563 -0.00610408 -0.00693998 0.0101553 -0.00174074  0 0 0 0 0 0 0 0 0 0 0 0 0 0 1 0 0 0
FAM3265 Y20080000052229 0.0297111 -0.0219358 -0.00529016 -0.00279868 0.0131368 0.0577502 -0.0181043 -0.0643159 0.0793138 0.0499148  0 0 0 0 0 0 0 0 0 0 0 1 0 0 0 0 0 0
FAM3266 Y20080000052230 0.0343658 -0.0208056 -0.00189561 -0.00552313 0.0114183 0.0536899 -0.0159357 -0.0553999 0.0669946 0.0356829  0 0 0 0 0 0 0 0 0 0 0 1 0 0 0 0 0 0
FAM3267 Y20080000052231 0.0344884 -0.0215586 -0.00260597 -0.0038985 0.0124926 0.0610497 -0.0186457 -0.0681921 0.0800167 0.0470279  0 0 0 0 0 0 0 0 0 0 0 1 0 0 0 0 0 0
FAM3268 Y20080000052232 0.029753 -0.0155515 -0.00144727 -0.00333038 0.00703263 0.0348237 -0.0112935 -0.0318588 0.036527 0.0197295  0 0 0 0 0 0 0 0 0 0 0 1 0 0 0 0 0 0
FAM3269 Y20080000052233 0.027416 -0.0152591 0.000480204 -0.00271779 0.00385285 0.0342328 -0.009866 -0.0296597 0.032338 0.0188164  0 0 0 0 0 0 0 0 0 0 0 1 0 0 0 0 0 0
FAM3270 Y20080000052234 0.0313401 -0.0191422 -0.00172096 -0.00359827 0.0103924 0.0467447 -0.0150739 -0.0498066 0.0595477 0.0351748  0 0 0 0 0 0 0 0 0 0 0 1 0 0 0 0 0 0
FAM3271 Y20080000052235 0.0308514 -0.0176962 -0.00239839 -0.0033962 0.0087395 0.0454972 -0.0125558 -0.0500523 0.0597893 0.0350379  0 0 0 0 0 0 0 0 0 0 0 1 0 0 0 0 0 0
FAM3272 Y20080000052237 0.0253749 -0.0157634 -0.00338518 -0.00483998 0.00818415 0.0368188 -0.00798646 -0.0411483 0.0535007 0.0323016  0 0 0 0 0 0 0 0 0 0 0 1 0 0 0 0 0 0
FAM3273 Y20080000052238 0.0310217 -0.0226397 -0.00710865 -0.00417428 0.0161157 0.0573761 -0.0181638 -0.0598774 0.073715 0.0422248  0 0 0 0 0 0 0 0 0 0 0 1 0 0 0 0 0 0
FAM3274 Y20080000052239 0.0219587 -0.0107078 -0.000962837 0.00112349 0.00489023 0.0174833 -0.0054973 -0.0178592 0.0236166 0.0156423  0 0 0 0 0 0 0 0 0 0 0 0 0 0 1 0 0 0
FAM3275 Y20080000052240 0.0224642 -0.00464709 0.000384518 0.00348918 0.00112686 -0.00612364 -0.000143364 0.0117285 -0.00868501 -0.011925  0 0 0 0 0 0 0 0 0 0 0 0 0 0 1 0 0 0
FAM3276 Y20080000052241 0.0232918 -0.00702124 -0.00102367 -0.0024603 0.000940968 0.00295857 0.00235754 0.00215289 -0.00433576 -0.0119515  0 0 0 0 0 0 0 0 0 0 0 0 0 0 1 0 0 0
FAM3277 Y20080000052242 0.0236488 -0.00872361 -0.00239733 -0.00192173 0.00202936 0.00343123 0.0013812 0.00322397 -0.00531011 -0.00429049  0 0 0 0 0 0 0 0 0 0 0 0 0 0 1 0 0 0
FAM3278 Y20080000052243 0.0175912 -0.00632951 -0.00424881 -0.00232374 -0.00210875 0.0029988 -0.000180627 -0.00441535 0.00618559 -0.00124079  0 0 0 0 0 0 0 0 0 0 1 0 0 0 0 0 0 0
FAM3279 Y20080000052244 0.0223364 -0.00591431 -0.00180403 0.00534697 -0.00243178 -0.00645921 -0.00174775 0.0185158 -0.0160893 -0.0248615  0 0 0 0 0 0 0 0 0 0 0 0 0 0 1 0 0 0
FAM3280 Y20080000052245 0.0242917 -0.00983765 -0.001628 0.00226821 -0.00245367 -0.00527717 -0.00116157 0.0107095 -0.0172742 -0.0271295  0 0 0 0 0 0 0 0 0 0 0 0 0 0 1 0 0 0
FAM3281 Y20080000052246 0.0299437 -0.01175 -0.000363518 -0.0027367 0.00733139 0.0254549 -0.00728029 -0.0300193 0.0392988 0.0199928  0 0 0 0 0 0 0 0 0 0 0 1 0 0 0 0 0 0
FAM3282 Y20080000052247 0.0289368 -0.011318 0.00142027 0.000140848 0.00804176 0.0234495 -0.0100168 -0.0282097 0.0395927 0.0201913  0 0 0 0 0 0 0 0 0 0 0 1 0 0 0 0 0 0
FAM3283 Y20080000052248 0.0227467 -0.00853805 -0.00507817 0.00119661 -0.00224284 -0.00447161 0.00124185 0.0106007 -0.016408 -0.0220255  0 0 0 0 0 0 0 0 0 0 0 0 0 0 1 0 0 0
FAM3284 Y20080000052249 0.0213423 -0.00500463 -0.0055519 0.000879009 -0.000437511 -0.003529 -0.00200815 0.0126924 -0.0104169 -0.00679836  0 0 0 0 0 0 0 0 0 0 0 0 0 0 1 0 0 0
FAM3285 Y20080000052250 0.0219832 -0.00856756 -0.00432226 0.00110214 -0.00414002 -0.00628008 -0.00275415 0.0145418 -0.0189458 -0.0256737  0 0 0 0 0 0 0 0 0 0 0 0 0 0 1 0 0 0
FAM3286 Y20080000052251 0.0199873 -0.00205016 0.00118286 0.0087023 -0.00366083 -0.00229905 -0.00304872 0.0202261 -0.00725004 -0.0173056  0 0 0 0 0 0 0 0 0 0 0 0 0 0 1 0 0 0
FAM3287 Y20080000052252 0.022865 -0.0060998 0.00029193 -0.000710349 0.000871439 -0.00257584 0.00164919 0.00742506 -0.00838044 -0.00603807  0 0 0 0 0 0 0 0 0 0 1 0 0 0 0 0 0 0
FAM3288 Y20080000052253 0.0223075 -0.00437594 0.00101899 0.00424844 0.000697943 -0.00824184 0.00328476 0.0106344 -0.00724888 -0.00975581  0 0 0 0 0 0 0 0 0 0 0 0 0 0 0 1 0 0
FAM3289 Y20080000052254 0.0322136 -0.0196859 -0.0025077 -0.00478473 0.00780178 0.0473466 -0.0139613 -0.0452008 0.0516493 0.0247397  0 0 0 0 0 0 0 0 0 0 0 1 0 0 0 0 0 0
FAM3290 Y20080000052255 0.0306534 -0.0159949 -0.0035206 -0.00335788 0.00825828 0.0428253 -0.0118818 -0.0460455 0.0542719 0.0304302  0 0 0 0 0 0 0 0 0 0 0 1 0 0 0 0 0 0
FAM3291 Y20080000052256 0.0292198 -0.0161787 -0.00561919 -0.00414975 0.00549763 0.0518563 -0.0174568 -0.0699028 0.0624693 0.0275154  0 0 0 0 0 0 0 0 0 0 0 1 0 0 0 0 0 0
FAM3292 Y20080000052257 0.0319045 -0.0184498 -0.00235007 -0.00236962 0.00943205 0.0478243 -0.0129342 -0.0512974 0.0594245 0.0349451  0 0 0 0 0 0 0 0 0 0 0 1 0 0 0 0 0 0
FAM3293 Y20080000052258 0.0274615 -0.0156185 -0.00161653 -0.00318472 0.00504355 0.0284367 -0.00904345 -0.0287438 0.0328972 0.0151165  0 0 0 0 0 0 0 0 0 0 0 0 0 0 1 0 0 0
FAM3294 Y20080000052259 0.0337171 -0.0191452 -0.00314415 -0.00448657 0.0088947 0.0523869 -0.012413 -0.0518203 0.0589173 0.0342683  0 0 0 0 0 0 0 0 0 0 0 1 0 0 0 0 0 0
FAM3295 Y20080000052260 0.0330389 -0.0192653 -0.00171333 -0.00581353 0.00870242 0.0483002 -0.0129735 -0.0461825 0.0524041 0.0270215  0 0 0 0 0 0 0 0 0 0 0 1 0 0 0 0 0 0
FAM3296 Y20080000052261 0.0252144 -0.0129985 -0.00202413 -0.00119489 0.00744857 0.0252462 -0.00345163 -0.0258528 0.0333656 0.0220787  0 0 0 0 0 0 0 0 0 0 0 1 0 0 0 0 0 0
FAM3297 Y20080000052262 0.033545 -0.020174 -0.00230419 -0.00601729 0.00822935 0.0517483 -0.0138151 -0.0478939 0.0549472 0.028065  0 0 0 0 0 0 0 0 0 0 0 1 0 0 0 0 0 0
FAM3298 Y20080000052263 0.016685 -0.00738045 0.0041666 0.0029949 0.00119177 -0.0070898 0.00281812 -0.00510807 0.00730151 -0.00497704  0 0 0 0 0 0 0 0 0 0 0 0 0 0 1 0 0 0
FAM3299 Y20080000052264 0.0174019 -0.00759066 0.00491796 0.00523664 0.00238481 -0.00827171 0.00242453 -0.00216726 0.00752933 -0.00760353  0 0 0 0 0 0 0 0 0 0 0 0 0 0 1 0 0 0
FAM3300 Y20080000052265 0.0242096 -0.0091192 -0.000377763 -0.00150024 -0.000432945 0.00628443 -0.00125892 0.00773464 -0.0130516 -0.0120463  0 0 0 0 0 0 0 0 0 0 0 0 1 0 0 0 0 0
FAM3301 Y20080000052266 0.0226608 -0.00787905 -0.00139292 -0.00219183 -0.0017413 -0.000374672 0.00203909 0.00687212 -0.0162337 -0.0196711  0 0 0 0 0 0 0 0 0 0 0 0 0 0 1 0 0 0
FAM3302 Y20080000052267 0.0299189 -0.0154814 -0.00315045 -0.0062777 0.00942994 0.0429426 -0.0104761 -0.0451755 0.0578582 0.0329414  0 0 0 0 0 0 0 0 0 0 0 1 0 0 0 0 0 0
FAM3303 Y20080000052268 0.0230268 -0.00889765 -0.00456163 0.00161198 -0.00281313 -0.00649429 -0.00264039 0.012744 -0.0169013 -0.0262732  0 0 0 0 0 0 0 0 0 0 0 0 0 0 1 0 0 0
FAM3304 Y20080000052269 0.0231834 -0.00752692 -0.00415917 0.000502652 -0.00153322 -0.00303458 -0.000900958 0.0117552 -0.0134935 -0.0148028  0 0 0 0 0 0 0 0 0 0 0 0 0 0 1 0 0 0
FAM3305 Y20080000052270 0.0136079 0.00124025 -0.00158775 -0.00316948 -0.00117385 -0.0071398 0.00601909 0.00423955 -0.00386776 -0.00461486  0 0 0 0 0 0 0 0 0 0 0 0 0 0 1 0 0 0
FAM3306 Y20080000052271 0.0210033 -0.00451219 -0.00022789 0.00221039 8.44649e-05 -0.00643178 -1.01873e-05 0.0112083 -0.00950726 -0.0099646  0 0 0 0 0 0 0 0 0 0 0 0 0 0 1 0 0 0
FAM3307 Y20080000052272 0.0178772 -0.0033518 -0.00420565 0.00388081 -0.00538364 -0.00218787 -0.00447598 0.0146512 -0.00527578 -0.00622756  0 0 0 0 0 0 0 0 0 0 1 0 0 0 0 0 0 0
FAM3308 Y20080000052273 0.0248823 -0.0108208 0.000213554 -0.0027089 0.00372604 0.013433 -0.00212076 -0.00856034 0.00912032 0.00234382  0 0 0 0 0 0 0 0 0 0 0 0 0 0 1 0 0 0
FAM3309 Y20080000052274 0.0238418 -0.00725119 -0.00175331 0.000407982 0.0013179 0.000352053 -0.000994891 0.00910337 -0.0128134 -0.0128727  0 0 0 0 0 0 0 0 0 0 0 0 0 0 1 0 0 0
FAM3310 Y20080000052275 0.0220259 -0.00808946 0.00247347 0.00174424 0.00092109 -0.00246099 -0.00298138 0.00672134 -0.0092649 -0.0119884  0 0 0 0 0 0 0 0 0 0 0 0 1 0 0 0 0 0
FAM3311 Y20080000052276 0.0235582 -0.00620784 0.00319202 0.00464877 0.00394504 -0.0047044 8.44438e-05 0.00786476 -0.00638522 -0.0105985  0 0 0 0 0 0 0 0 0 0 0 0 1 0 0 0 0 0
FAM3312 Y20080000052277 0.0182284 -0.00535288 -0.00225095 0.000686227 -0.0022918 -0.00168512 0.00205424 0.00711461 -0.0115898 -0.00637118  0 0 0 0 0 0 0 0 0 0 0 0 0 0 0 0 1 0
FAM3313 Y20080000052278 0.0145439 -0.00396732 -0.004876 0.00318077 -0.00280699 -0.00816682 0.000755409 0.0053887 -0.00776763 -5.79379e-05  0 0 0 0 0 0 0 0 0 0 0 0 0 0 0 0 1 0
FAM3314 Y20080000052279 0.0270347 -0.015576 -5.18928e-05 0.000349053 0.00914986 0.0350999 -0.0107478 -0.047725 0.0524331 0.0202574  0 0 0 0 0 0 0 0 0 0 0 1 0 0 0 0 0 0
FAM3315 Y20080000052280 0.0275629 -0.0182169 0.00176756 -0.0024243 0.00998794 0.043502 -0.0156161 -0.0478373 0.0530036 0.0326281  0 0 0 0 0 0 0 0 0 0 0 1 0 0 0 0 0 0
FAM3316 Y20080000052281 0.0202508 -0.00456098 0.00523141 0.00881459 0.000343724 -0.00852602 -0.000997933 0.0165813 -0.00795009 -0.0197078  0 0 0 0 0 0 0 0 0 0 0 0 0 0 1 0 0 0
FAM3317 Y20080000052282 0.0260164 -0.00765036 0.000709585 0.000172039 0.00445711 0.0139644 -0.00557892 -0.0181444 0.0261495 0.0135176  0 0 0 0 0 0 0 0 0 0 0 1 0 0 0 0 0 0
FAM3318 Y20080000052283 0.0267639 -0.00901935 -0.00132441 -0.00220218 0.00381521 0.0138265 -0.00395918 -0.0162784 0.0232483 0.0120449  0 0 0 0 0 0 0 0 0 0 0 1 0 0 0 0 0 0
FAM3319 Y20080000052284 0.0338957 -0.0189714 -0.00278782 -0.00449874 0.00850658 0.0429287 -0.0114561 -0.0435968 0.0522111 0.0268647  0 0 0 0 0 0 0 0 0 0 0 1 0 0 0 0 0 0
FAM3320 Y20080000052285 0.033101 -0.0188021 -0.00150648 -0.00437174 0.00786093 0.0430845 -0.00931179 -0.0424535 0.049926 0.0285936  0 0 0 0 0 0 0 0 0 0 0 1 0 0 0 0 0 0
FAM3321 Y20080000052286 0.0193828 -0.00838499 0.000567464 -0.00238292 0.000885682 -0.000296829 0.00109645 0.00622161 -0.00752857 -0.00736959  0 0 0 0 0 0 0 0 0 0 0 0 0 0 1 0 0 0
FAM3322 Y20080000052287 0.0295371 -0.0162954 -0.00154782 -0.00367315 0.00677084 0.0362384 -0.0112861 -0.0387674 0.0477114 0.0257999  0 0 0 0 0 0 0 0 0 0 0 1 0 0 0 0 0 0
FAM3323 Y20080000052288 0.0290729 -0.0117092 -0.00600738 -0.00294507 0.00246924 0.0353738 -0.0122602 -0.0466401 0.036724 0.0110022  0 0 0 0 0 0 0 0 0 0 0 1 0 0 0 0 0 0
FAM3324 Y20080000052289 0.0314325 -0.0168201 -0.00217047 -0.00489729 0.00872059 0.0412595 -0.0102286 -0.0419533 0.0490093 0.0285052  0 0 0 0 0 0 0 0 0 0 0 1 0 0 0 0 0 0
FAM3325 Y20080000052291 0.0229431 -0.00943654 -0.00171199 -0.00409264 0.00133509 0.00832174 -0.00144774 -0.00195593 0.00133282 0.00244716  0 0 0 0 0 0 0 0 0 0 0 0 0 1 0 0 0 0
FAM3326 Y20080000052292 0.0203847 -0.00396275 0.00210825 0.00400259 0.000591497 -0.0139053 0.00272652 0.0128616 -0.00646711 -0.00803842  0 0 0 0 0 0 0 0 0 0 0 0 0 0 0 1 0 0
FAM3327 Y20080000052293 0.0216344 -0.00394294 0.00305165 0.00422572 0.000726146 -0.00996374 0.000187556 0.0131258 -0.00653834 -0.00892524  0 0 0 0 0 0 0 0 0 0 0 0 0 0 0 1 0 0
FAM3328 Y20080000052294 0.0233039 -0.00842114 -0.00297541 -0.000363246 0.00162202 4.07855e-05 -0.000200998 0.00687092 -0.0124278 -0.0189516  0 0 0 0 0 0 0 0 0 0 0 0 0 0 1 0 0 0
FAM3329 Y20080000052295 0.0220842 -0.00696637 -0.00264784 -3.21776e-05 -8.00558e-05 -0.00307977 0.00223012 0.00761132 -0.00894612 -0.0177171  0 0 0 0 0 0 0 0 0 0 0 0 0 0 1 0 0 0
FAM3330 Y20080000052296 0.0174482 -0.0020323 0.00815742 0.00932676 0.00487851 -0.0137817 0.000883974 0.0105382 -0.00308071 -0.0154944  0 0 0 0 0 0 0 0 0 0 0 0 0 0 1 0 0 0
FAM3331 Y20080000052297 0.0206881 -0.0106393 -0.00440573 -0.000502047 -0.00277171 -0.00270087 -0.00183367 0.0109355 -0.0171601 -0.0266031  0 0 0 0 0 0 0 0 0 0 0 0 0 0 1 0 0 0
FAM3332 Y20080000052298 0.0236912 -0.00608618 -0.000175179 0.000531494 0.000206195 -0.00145258 0.000377808 0.01064 -0.0127328 -0.0154365  0 0 0 0 0 0 0 0 0 0 0 0 0 0 1 0 0 0
FAM3333 Y20080000052299 0.0221407 -0.00739993 0.00142522 -0.00104119 0.000143678 -0.00283487 9.2193e-06 0.00893974 -0.0126155 -0.015356  0 0 0 0 0 0 0 0 0 0 0 0 0 0 1 0 0 0
FAM3334 Y20080000052300 0.0233551 -0.00713245 0.00217462 0.00224615 0.0033989 -0.00184188 -0.00266422 0.00688708 -0.0055079 -0.0134542  0 0 0 0 0 0 0 0 0 0 0 0 0 0 1 0 0 0
FAM3335 Y20080000052301 0.0240501 -0.00658016 0.000155072 0.00216247 0.00202552 -0.00112692 -0.00125899 0.00768044 -0.00577514 -0.0143733  0 0 0 0 0 0 0 0 0 0 0 0 0 0 1 0 0 0
FAM3336 Y20080000052302 0.0254524 -0.00698563 0.00159762 0.00226453 0.00321216 0.000185903 -0.000561441 0.00933085 -0.010419 -0.0172113  0 0 0 0 0 0 0 0 0 0 0 0 0 0 1 0 0 0
FAM3337 Y20080000052303 0.0231847 -0.00813352 0.000511 0.00274581 0.00250842 -0.0016205 0.000342909 0.00733962 -0.0100088 -0.0205327  0 0 0 0 0 0 0 0 0 0 0 0 0 0 1 0 0 0
FAM3338 Y20080000052304 0.0239436 -0.00548171 8.79406e-05 0.00383599 0.00325295 0.00149452 0.00308954 0.00522105 -0.00592144 -0.0143864  0 0 0 0 0 0 0 0 0 0 0 0 0 0 1 0 0 0
FAM3339 Y20080000052305 0.0246122 -0.00733769 -0.000267167 0.000224557 0.00255334 0.00133294 0.0012676 0.006637 -0.00790822 -0.0118555  0 0 0 0 0 0 0 0 0 0 0 0 0 0 1 0 0 0
FAM3340 Y20080000052306 0.0156365 -0.00561754 0.001758 -0.0039798 -0.00275533 -0.00761584 0.000624699 0.00835909 -0.0110547 -0.00198859  0 0 0 0 0 0 0 0 0 0 0 0 0 0 1 0 0 0
FAM3341 Y20080000052307 0.0195683 -0.00455054 0.000763446 0.00137843 0.00405803 -0.00213818 0.000939243 0.00782058 -0.00727544 -0.00806762  0 0 0 0 0 0 0 0 0 0 0 0 0 0 1 0 0 0
FAM3342 Y20080000052308 0.0186358 -0.00669834 0.00653362 0.00571589 0.00312843 -0.00154468 -0.00296014 0.00972333 -0.010266 -0.0129468  0 0 0 0 0 0 0 0 0 0 0 0 0 0 1 0 0 0
FAM3343 Y20080000052309 0.0235824 -0.0065927 0.00116797 0.0061467 0.00112284 -0.00321727 0.00169497 0.0101563 -0.00915678 -0.0138476  0 0 0 0 0 0 0 0 0 0 0 0 0 0 1 0 0 0
FAM3344 Y20080000052310 0.0220297 -0.00616377 -0.0019104 0.0022097 -0.00129397 -0.00230437 0.00467373 0.0103372 -0.0103377 -0.0140116  0 0 0 0 0 0 0 0 0 0 0 0 0 0 1 0 0 0
FAM3345 Y20080000052311 0.0226271 -0.00738379 -0.00353422 0.00108324 0.000367835 0.003746 -0.00441238 0.00768147 -0.00791399 -0.012965  0 0 0 0 0 0 0 0 0 0 0 0 0 0 1 0 0 0
FAM3346 Y20080000052312 0.0216684 -0.00404625 -0.00202194 -0.000440541 0.000771472 -0.00541244 0.00358913 0.00783324 -0.0073655 -0.0089499  0 0 0 0 0 0 0 0 0 0 0 0 0 0 1 0 0 0
FAM3347 Y20080000052314 0.0219861 -0.0106424 -0.00285521 0.000195597 -0.00347125 -0.00678326 -0.00380436 0.0143563 -0.0179215 -0.030658  0 0 0 0 0 0 0 0 0 0 0 0 0 0 1 0 0 0
FAM3348 Y20080000052315 0.0193288 -0.00536381 0.00205878 0.000595976 0.002115 -0.00663658 -0.000742074 0.00624814 -0.008802 -0.00676392  0 0 0 0 0 0 0 0 0 0 1 0 0 0 0 0 0 0
FAM3349 Y20080000052316 0.0173355 -0.00372328 -0.00144262 -0.00343358 0.00185247 -0.00448851 0.00428727 0.0064035 -0.00669139 -0.000846821  0 0 0 0 0 0 0 0 0 0 0 0 0 1 0 0 0 0
FAM3350 Y20080000052317 0.022082 -0.00498065 0.000651495 0.00289121 0.0014791 -0.00481869 0.00313993 0.0095431 -0.0117649 -0.0107751  0 0 0 0 0 0 0 0 0 0 0 0 0 0 0 1 0 0
FAM3351 Y20080000052318 0.0248013 -0.0114106 -0.00595979 -0.0017502 0.00344755 0.0133988 -0.0064911 -0.00582366 0.0101281 0.00349601  0 0 0 0 0 0 0 0 0 0 0 0 0 0 1 0 0 0
FAM3352 Y20080000052320 0.0142466 -0.00379999 -0.00144335 -0.000527696 -0.00566939 -0.00774098 0.00515615 0.00316604 -0.000179854 -0.00421647  0 0 0 0 0 0 0 0 0 0 0 0 0 0 0 0 1 0
FAM3353 Y20080000052321 0.0227797 -0.00635141 -0.00217791 0.0011122 0.000249803 -0.000654838 -2.15949e-05 0.008354 -0.00822863 -0.0058249  0 0 0 0 0 0 0 0 0 0 0 0 0 0 0 1 0 0
FAM3354 Y20080000052322 0.0207736 -0.00469483 -0.00131545 -0.000620204 0.00103214 5.10672e-05 0.000448161 0.00510367 -0.00734552 -0.00232435  0 0 0 0 0 0 0 0 0 0 1 0 0 0 0 0 0 0
FAM3355 Y20080000052323 0.0133727 -0.0049996 -0.00687081 -0.00319315 0.00169141 -0.00970084 0.0040709 0.00887918 -0.00203041 -0.00335526  0 0 0 0 0 0 0 0 0 0 0 0 0 0 0 0 1 0
FAM3356 Y20080000052324 0.0189016 -0.00586767 0.00272604 0.00146518 -0.000970498 -0.00502844 -1.28085e-05 0.00803826 -0.00888471 -0.00852325  0 0 0 0 0 0 0 0 0 0 0 0 0 0 1 0 0 0
FAM3357 Y20080000052325 0.0192813 -0.00599996 -0.00293647 0.00175006 -0.00418028 -0.00786317 -0.00286271 0.0124891 -0.0144937 -0.022135  0 0 0 0 0 0 0 0 0 0 0 0 0 0 1 0 0 0
FAM3358 Y20080000052326 0.0203203 -0.00670545 -0.000364227 -0.000926781 -0.000846787 -0.00401251 0.00236752 0.0135995 -0.0143441 -0.013704  0 0 0 0 0 0 0 0 0 0 0 0 0 0 1 0 0 0
FAM3359 Y20080000052327 0.019101 -0.0050452 -0.00721079 0.00279057 -0.0034378 -0.00846932 -0.00057645 0.00948441 -0.0123723 -0.0155959  0 0 0 0 0 0 0 0 0 0 0 0 0 0 1 0 0 0
FAM3360 Y20080000052328 0.021748 -0.00826628 -0.00445293 0.000883111 -0.00415913 -0.00946223 -0.0012696 0.0150469 -0.0185649 -0.0277753  0 0 0 0 0 0 0 0 0 0 0 0 0 0 1 0 0 0
FAM3361 Y20080000052329 0.0212018 -0.00339325 0.0022935 0.00261989 0.00053142 -0.00860521 0.00181225 0.0119257 -0.0123156 -0.0164313  0 0 0 0 0 0 0 0 0 0 0 0 0 0 0 1 0 0
FAM3362 Y20080000052330 0.0224929 -0.00758241 0.00119261 6.65943e-05 0.00151614 -0.000813887 -0.000330155 0.00350305 -0.00233116 -0.00721375  0 0 0 0 0 0 0 0 0 0 0 0 0 0 0 1 0 0
FAM3363 Y20080000052331 0.00919808 0.000648628 0.00667644 0.013132 -0.00551877 -0.00447554 0.0050171 0.00297047 0.00943389 -0.0125978  0 0 0 0 0 0 0 0 0 0 0 0 0 0 1 0 0 0
FAM3364 Y20080000052332 0.0218243 -0.00426898 -0.00122303 0.00608451 0.00154136 -0.00942478 0.000903658 0.0111484 -0.00712142 -0.0122903  0 0 0 0 0 0 0 0 0 0 0 0 0 0 0 1 0 0
FAM3365 Y20080000052333 0.0173002 -0.00728476 0.00148434 -0.00304808 0.00168227 -0.00285605 -0.00278531 0.0118495 -0.011453 -0.00939084  0 0 0 0 0 0 0 0 0 0 1 0 0 0 0 0 0 0
FAM3366 Y20080000052334 0.0277007 -0.0133682 -0.00165694 -0.00267332 0.00422289 0.0258211 -0.00670008 -0.0210708 0.024685 0.01618  0 0 0 0 0 0 0 0 0 0 0 1 0 0 0 0 0 0
FAM3367 Y20080000052335 0.0232953 -0.0098429 0.0015477 0.000982339 0.00329638 0.015792 -0.00409132 -0.0162229 0.0156903 0.00779411  0 0 0 0 0 0 0 0 0 0 0 1 0 0 0 0 0 0
